time(sec),time(min),Temp C,Temp C
208,3.47,100.25,99.06212674
209,3.48,100.75,99.3997014
210,3.5,100.5,99.61976112
211,3.52,101,99.89580889
212,3.53,101,100.1166471
213,3.55,100.5,100.1933177
214,3.57,101.25,100.4046542
215,3.58,101.5,100.6237233
216,3.6,101.25,100.7489787
217,3.62,101.25,100.8491829
218,3.63,101.5,100.9793463
219,3.65,100.75,100.9334771
220,3.67,101.5,101.0467817
221,3.68,101.5,101.1374253
222,3.7,101,101.1099403
223,3.72,101.75,101.2379522
224,3.73,101.75,101.3403618
225,3.75,101.25,101.3222894
226,3.77,101.25,101.3078315
227,3.78,101.5,101.3462652
228,3.8,101.5,101.3770122
229,3.82,101.75,101.4516097
230,3.83,102,101.5612878
231,3.85,101.25,101.4990302
232,3.87,101.75,101.5492242
233,3.88,101,101.4393794
234,3.9,102,101.5515035
235,3.92,101.75,101.5912028
236,3.93,102,101.6729622
237,3.95,102,101.7383698
238,3.97,101.75,101.7406958
239,3.98,101.75,101.7425567
240,4,101.75,101.7440453
241,4.02,101.5,101.6952363
242,4.03,101.5,101.656189
243,4.05,101.5,101.6249512
244,4.07,101.75,101.649961
245,4.08,101.75,101.6699688
246,4.1,101.75,101.685975
247,4.12,102,101.74878
248,4.13,101.75,101.749024
249,4.15,102.25,101.8492192
250,4.17,101.75,101.8293754
251,4.18,101.25,101.7135003
252,4.2,101.75,101.7208002
253,4.22,101.75,101.7266402
254,4.23,102,101.7813122
255,4.25,101.75,101.7750497
256,4.27,102,101.8200398
257,4.28,101.75,101.8060318
258,4.3,101.75,101.7948255
259,4.32,101.75,101.7858604
260,4.33,101.5,101.7286883
261,4.35,101.5,101.6829506
262,4.37,101,101.5463605
263,4.38,101.75,101.5870884
264,4.4,101.75,101.6196707
265,4.42,101.25,101.5457366
266,4.43,101.5,101.5365893
267,4.45,101.5,101.5292714
268,4.47,101.5,101.5234171
269,4.48,101,101.4187337
270,4.5,101,101
271,4.52,101,101
272,4.53,100.75,100.75
273,4.55,101,100.75
274,4.57,100.75,100.75
275,4.58,101,100.925
276,4.6,100.5,100.6275
277,4.62,100.25,100.36325
278,4.63,100.5,100.458975
279,4.65,100,100.1376925
280,4.67,100.5,100.3913078
281,4.68,100.5,100.4673923
282,4.7,100.25,100.3152177
283,4.72,100,100.0945653
284,4.73,100,100.0283696
285,4.75,99.5,99.65851088
286,4.77,99.75,99.72255326
287,4.78,99.5,99.56676598
288,4.8,99.25,99.34502979
289,4.82,99,99.27602383
290,4.83,99.5,99.32081907
291,4.85,98.75,99.20665525
292,4.87,99.25,99.2153242
293,4.88,99.25,99.22225936
294,4.9,98.75,99.12780749
295,4.92,98.75,99.05224599
296,4.93,98.75,98.99179679
297,4.95,98.5,98.89343744
298,4.97,99,98.91474995
299,4.98,98.75,98.88179996
300,5,98.25,98.75543997
301,5.02,98.5,98.70435197
302,5.03,98.25,98.61348158
303,5.05,97.75,98.44078526
304,5.07,97.75,98.30262821
305,5.08,97.75,98.19210257
306,5.1,97.75,98.10368205
307,5.12,97,97.88294564
308,5.13,97.5,97.80635651
309,5.15,97.25,97.69508521
310,5.17,96.75,97.50606817
311,5.18,96.5,97.30485454
312,5.2,97,97.24388363
313,5.22,97.25,97.2451069
314,5.23,96.75,97.14608552
315,5.25,96.75,97.06686842
316,5.27,96.25,96.90349473
317,5.28,96,96.72279579
318,5.3,96.25,96.62823663
319,5.32,96,96.5025893
320,5.33,95.5,96.30207144
321,5.35,96,96.24165715
322,5.37,95.75,96.14332572
323,5.38,96.25,96.16466058
324,5.4,95.5,96.03172846
325,5.42,95.5,95.92538277
326,5.43,95.5,95.84030622
327,5.45,95.5,95.77224497
328,5.47,95,95.61779598
329,5.48,95,95.49423678
330,5.5,94.75,95.34538943
331,5.52,95,95.27631154
332,5.53,94.75,95.17104923
333,5.55,95,95.13683939
334,5.57,95,95.10947151
335,5.58,94.75,95.03757721
336,5.6,94.75,94.98006177
337,5.62,94.5,94.88404941
338,5.63,94.25,94.75723953
339,5.65,93.75,94.55579162
340,5.67,94.25,94.4946333
341,5.68,94,94.39570664
342,5.7,94,94.31656531
343,5.72,93.75,94.20325225
344,5.73,93,93.9626018
345,5.75,93.5,93.87008144
346,5.77,93.5,93.79606515
347,5.78,93.25,93.68685212
348,5.8,93,93.5494817
349,5.82,93,93.43958536
350,5.83,93,93.35166829
351,5.85,92.5,93.18133463
352,5.87,92.75,93.0950677
353,5.88,92.5,92.97605416
354,5.9,92.5,92.88084333
355,5.92,92.25,92.75467466
356,5.93,92.5,92.70373973
357,5.95,92.25,92.61299178
358,5.97,92,92.49039343
359,5.98,91.75,92.34231474
360,6,92.25,92.32385179
361,6.02,92,92.25908144
362,6.03,91.75,92.15726515
363,6.05,92,92.12581212
364,6.07,91.75,92.05064969
365,6.08,91.75,91.99051976
366,6.1,90.75,91.7424158
367,6.12,91.5,91.69393264
368,6.13,91.5,91.65514611
369,6.15,91,91.52411689
370,6.17,91,91.41929351
371,6.18,91,91.33543481
372,6.2,90.75,91.21834785
373,6.22,90.75,91.12467828
374,6.23,90.75,91.04974262
375,6.25,90.75,90.9897941
376,6.27,90.5,90.89183528
377,6.28,90.5,90.81346822
378,6.3,90.25,90.70077458
379,6.32,90.25,90.61061966
380,6.33,89.75,90.43849573
381,6.35,90,90.35079658
382,6.37,89.75,90.23063727
383,6.38,89.5,90.08450981
384,6.4,89.5,89.96760785
385,6.42,89.75,89.92408628
386,6.43,89.5,89.83926902
387,6.45,89.5,89.77141522
388,6.47,89.25,89.66713218
389,6.48,89.25,89.58370574
390,6.5,89,89.46696459
391,6.52,89.25,89.42357167
392,6.53,89,89.33885734
393,6.55,88.5,89.17108587
394,6.57,89,89.1368687
395,6.58,88.5,89.00949496
396,6.6,88.25,88.85759597
397,6.62,88.5,88.78607677
398,6.63,88.5,88.72886142
399,6.65,88.25,88.63308913
400,6.67,88.25,88.55647131
401,6.68,88,88.44517705
402,6.7,87.75,88.30614164
403,6.72,87.5,88.14491331
404,6.73,88,88.11593065
405,6.75,88,88.09274452
406,6.77,87.75,88.02419561
407,6.78,87.25,87.86935649
408,6.8,87.5,87.79548519
409,6.82,87.75,87.78638815
410,6.83,87.5,87.72911052
411,6.85,87.25,87.63328842
412,6.87,87,87.50663074
413,6.88,86.75,87.35530459
414,6.9,86.75,87.23424367
415,6.92,87.25,87.23739494
416,6.93,86,86.98991595
417,6.95,86.5,86.89193276
418,6.97,86.75,86.86354621
419,6.98,86.5,86.79083697
420,7,85.75,86.58266957
421,7.02,86.5,86.56613566
422,7.03,86,86.45290853
423,7.05,86,86.36232682
424,7.07,86.25,86.33986146
425,7.08,86,86.27188917
426,7.1,86.25,86.26751133
427,7.12,85.5,86.11400907
428,7.13,86,86.09120725
429,7.15,85.75,86.0229658
430,7.17,85.5,85.91837264
431,7.18,85.75,85.88469811
432,7.2,85.5,85.80775849
433,7.22,85.25,85.69620679
434,7.23,85.5,85.65696543
435,7.25,85.25,85.57557235
436,7.27,84.75,85.41045788
437,7.28,85,85.3283663
438,7.3,85,85.26269304
439,7.32,85,85.21015443
440,7.33,85,85.16812355
441,7.35,84.75,85.08449884
442,7.37,84.75,85.01759907
443,7.38,84.25,84.86407926
444,7.4,84.5,84.7912634
445,7.42,84.75,84.78301072
446,7.43,84.25,84.67640858
447,7.45,84.5,84.64112686
448,7.47,84,84.51290149
449,7.48,84.25,84.46032119
450,7.5,84.25,84.41825695
451,7.52,84,84.33460556
452,7.53,84,84.26768445
453,7.55,84,84.21414756
454,7.57,83.75,84.12131805
455,7.58,83.75,84.04705444
456,7.6,84,84.03764355
457,7.62,83.5,83.93011484
458,7.63,83.5,83.84409187
459,7.65,83,83.6752735
460,7.67,83.5,83.6402188
461,7.68,83,83.51217504
462,7.7,83.25,83.45974003
463,7.72,82.75,83.31779202
464,7.73,82.75,83.20423362
465,7.75,83,83.1633869
466,7.77,82.5,83.03070952
467,7.78,82.75,82.97456761
468,7.8,82.75,82.92965409
469,7.82,82.25,82.79372327
470,7.83,82.75,82.78497862
471,7.85,82.25,82.67798289
472,7.87,82.25,82.59238632
473,7.88,82.5,82.57390905
474,7.9,81.75,82.40912724
475,7.92,81.5,82.22730179
476,7.93,81.5,82.08184143
477,7.95,82,82.06547315
478,7.97,81.5,81.95237852
479,7.98,81.75,81.91190281
480,8,81.5,81.82952225
481,8.02,81.25,81.7136178
482,8.03,81.5,81.67089424
483,8.05,81.75,81.68671539
484,8.07,81.25,81.59937231
485,8.08,81.25,81.52949785
486,8.1,81.25,81.47359828
487,8.12,80.75,81.32887862
488,8.13,81,81.2631029
489,8.15,81,81.21048232
490,8.17,81,81.16838586
491,8.18,81,81.13470868
492,8.2,81,81.10776695
493,8.22,80.25,80.93621356
494,8.23,81,80.94897085
495,8.25,80.5,80.85917668
496,8.27,79.75,80.63734134
497,8.28,80.25,80.55987307
498,8.3,80,80.44789846
499,8.32,80.25,80.40831877
500,8.33,80,80.32665501
501,8.35,80.25,80.31132401
502,8.37,80,80.24905921
503,8.38,79.75,80.14924737
504,8.4,79.5,80.01939789
505,8.42,80,80.01551831
506,8.43,79.75,79.96241465
507,8.45,79.25,79.81993172
508,8.47,79.5,79.75594538
509,8.48,79.5,79.7047563
510,8.5,79.25,79.61380504
511,8.52,79.5,79.59104403
512,8.53,79.25,79.52283523
513,8.55,79.25,79.46826818
514,8.57,79,79.37461454
515,8.58,78.75,79.24969164
516,8.6,79,79.19975331
517,8.62,79,79.15980265
518,8.63,79,79.12784212
519,8.65,79,79.10227369
520,8.67,78.5,78.98181896
521,8.68,78.75,78.93545516
522,8.7,78.25,78.79836413
523,8.72,78.75,78.78869131
524,8.73,78.5,78.73095304
525,8.75,78.75,78.73476244
526,8.77,78.5,78.68780995
527,8.78,78.75,78.70024796
528,8.8,78.25,78.61019837
529,8.82,77.75,78.43815869
530,8.83,78.5,78.45052695
531,8.85,78.25,78.41042156
532,8.87,78.5,78.42833725
533,8.88,77.5,78.2426698
534,8.9,78,78.19413584
535,8.92,77.75,78.10530867
536,8.93,77.75,78.03424694
537,8.95,77.25,77.87739755
538,8.97,77.5,77.80191804
539,8.98,77.5,77.74153443
540,9,77.5,77.69322755
541,9.02,77.5,77.65458204
542,9.03,77.5,77.62366563
543,9.05,77.25,77.5489325
544,9.07,77.25,77.489146
545,9.08,77.25,77.4413168
546,9.1,77.25,77.40305344
547,9.12,77,77.32244275
548,9.13,77,77.2579542
549,9.15,77.25,77.25636336
550,9.17,76.75,77.15509069
551,9.18,76.75,77.07407255
552,9.2,76.75,77.00925804
553,9.22,76.5,76.90740643
554,9.23,76.5,76.82592515
555,9.25,76.5,76.76074012
556,9.27,76.5,76.70859209
557,9.28,76.5,76.66687368
558,9.3,76.5,76.63349894
559,9.32,75.75,76.45679915
560,9.33,76.25,76.41543932
561,9.35,76,76.33235146
562,9.37,76,76.26588117
563,9.38,76,76.21270493
564,9.4,75.5,76.07016395
565,9.42,75.75,76.00613116
566,9.43,75.75,75.95490493
567,9.45,75.75,75.91392394
568,9.47,75.5,75.83113915
569,9.48,75.75,75.81491132
570,9.5,75.5,75.75192906
571,9.52,75.25,75.65154325
572,9.53,75.75,75.6712346
573,9.55,75.25,75.58698768
574,9.57,75.25,75.51959014
575,9.58,75.25,75.46567211
576,9.6,75,75.37253769
577,9.62,75,75.29803015
578,9.63,75,75.23842412
579,9.65,75,75.1907393
580,9.67,75,75.15259144
581,9.68,75,75.12207315
582,9.7,74.75,75.04765852
583,9.72,74.75,74.98812682
584,9.73,74.75,74.94050145
585,9.75,74.75,74.90240116
586,9.77,75,74.92192093
587,9.78,74.75,74.88753674
588,9.8,74.5,74.8100294
589,9.82,74.5,74.74802352
590,9.83,74.25,74.64841881
591,9.85,74.75,74.66873505
592,9.87,74.5,74.63498804
593,9.88,74,74.50799043
594,9.9,74.25,74.45639235
595,9.92,74,74.36511388
596,9.93,73.5,74.1920911
597,9.95,74,74.15367288
598,9.97,74,74.1229383
599,9.98,73.75,74.04835064
600,10,73.75,73.98868052
601,10.02,73.75,73.94094441
602,10.03,73.5,73.85275553
603,10.05,73,73.68220442
604,10.07,73.5,73.64576354
605,10.08,73.75,73.66661083
606,10.1,73,73.53328866
607,10.12,73.5,73.52663093
608,10.13,73.25,73.47130475
609,10.15,72.75,73.3270438
610,10.17,73.25,73.31163504
611,10.18,72.75,73.19930803
612,10.2,73.25,73.20944642
613,10.22,73.25,73.21755714
614,10.23,73,73.17404571
615,10.25,73.25,73.18923657
616,10.27,73,73.15138926
617,10.28,72.5,73.0211114
618,10.3,72.5,72.91688912
619,10.32,72.75,72.8835113
620,10.33,72.5,72.80680904
621,10.35,72.5,72.74544723
622,10.37,72.5,72.69635778
623,10.38,72.25,72.60708623
624,10.4,72.5,72.58566898
625,10.42,72.5,72.56853519
626,10.43,72.5,72.55482815
627,10.45,72.25,72.49386252
628,10.47,72.25,72.44509002
629,10.48,72.25,72.40607201
630,10.5,72,72.32485761
631,10.52,71.75,72.20988609
632,10.53,71.5,72.06790887
633,10.55,71.5,71.9543271
634,10.57,71.75,71.91346168
635,10.58,71.5,71.83076934
636,10.6,71.75,71.81461547
637,10.62,71.75,71.80169238
638,10.63,71.75,71.7913539
639,10.65,71.75,71.78308312
640,10.67,71.5,71.7264665
641,10.68,71.25,71.6311732
642,10.7,71.75,71.65493856
643,10.72,71.5,71.62395085
644,10.73,71.5,71.59916068
645,10.75,71,71.47932854
646,10.77,71.25,71.43346283
647,10.78,71.5,71.44677027
648,10.8,70.5,71.25741621
649,10.82,71.5,71.30593297
650,10.83,71,71.24474638
651,10.85,71,71.1957971
652,10.87,70.75,71.10663768
653,10.88,71.25,71.13531014
654,10.9,71.25,71.15824812
655,10.92,71,71.12659849
656,10.93,71,71.10127879
657,10.95,71,71.08102304
658,10.97,70.5,70.96481843
659,10.98,71,70.97185474
660,11,70.75,70.92748379
661,11.02,70.75,70.89198704
662,11.03,70.75,70.86358963
663,11.05,70.5,70.7908717
664,11.07,70.5,70.73269736
665,11.08,70,70.58615789
666,11.1,70.5,70.56892631
667,11.12,70.5,70.55514105
668,11.13,70,70.44411284
669,11.15,70.25,70.40529027
670,11.17,70,70.32423222
671,11.18,69.75,70.20938577
672,11.2,70,70.16750862
673,11.22,70.25,70.1840069
674,11.23,70,70.14720552
675,11.25,70.25,70.16776441
676,11.27,69.75,70.08421153
677,11.28,69.5,69.96736922
678,11.3,69.5,69.87389538
679,11.32,69.5,69.7991163
680,11.33,69,69.63929304
681,11.35,69.5,69.61143443
682,11.37,69.75,69.63914755
683,11.38,69.25,69.56131804
684,11.4,68.75,69.39905443
685,11.42,69,69.31924354
686,11.43,69,69.25539484
687,11.45,69.5,69.30431587
688,11.47,69,69.24345269
689,11.48,69.5,69.29476216
690,11.5,68.75,69.18580972
691,11.52,69.25,69.19864778
692,11.53,68.75,69.10891822
693,11.55,69,69.08713458
694,11.57,69,69.06970766
695,11.58,68.75,69.00576613
696,11.6,67.75,68.7546129
697,11.62,68.25,68.65369032
698,11.63,68.5,68.62295226
699,11.65,68,68.49836181
700,11.67,68,68.39868945
701,11.68,68.5,68.41895156
702,11.7,68,68.33516125
703,11.72,68.25,68.318129
704,11.73,68.25,68.3045032
705,11.75,68,68.24360256
706,11.77,68,68.19488205
707,11.78,67.75,68.10590564
708,11.8,67.75,68.03472451
709,11.82,68,68.02777961
710,11.83,68,68.02222369
711,11.85,68.25,68.06777895
712,11.87,67.75,68.00422316
713,11.88,67.5,67.90337853
714,11.9,67.75,67.87270282
715,11.92,68,67.89816226
716,11.93,67.75,67.86852981
717,11.95,68,67.89482384
718,11.97,67,67.71585908
719,11.98,67.5,67.67268726
720,12,67,67.53814981
721,12.02,67.5,67.53051985
722,12.03,67.5,67.52441588
723,12.05,67,67.4195327
724,12.07,67.25,67.38562616
725,12.08,67.25,67.35850093
726,12.1,67,67.28680074
727,12.12,67,67.22944059
728,12.13,67,67.18355248
729,12.15,67.25,67.19684198
730,12.17,67.25,67.20747358
731,12.18,66.25,67.01597887
732,12.2,66.5,66.91278309
733,12.22,66.75,66.88022648
734,12.23,66.75,66.85418118
735,12.25,66.75,66.83334494
736,12.27,67,66.86667596
737,12.28,66.75,66.84334076
738,12.3,66.75,66.82467261
739,12.32,66.75,66.80973809
740,12.33,66.75,66.79779047
741,12.35,67,66.83823238
742,12.37,66.75,66.8205859
743,12.38,66.5,66.75646872
744,12.4,66.75,66.75517498
745,12.42,66.25,66.65413998
746,12.43,66.5,66.62331199
747,12.45,66.25,66.54864959
748,12.47,66.25,66.48891967
749,12.48,66.5,66.49113574
750,12.5,66.5,66.49290859
751,12.52,66.25,66.44432687
752,12.53,66.25,66.4054615
753,12.55,66,66.3243692
754,12.57,66.25,66.30949536
755,12.58,66,66.24759629
756,12.6,66,66.19807703
757,12.62,66.25,66.20846162
758,12.63,66,66.1667693
759,12.65,65.75,66.08341544
760,12.67,66,66.06673235
761,12.68,65.5,65.95338588
762,12.7,65.25,65.8127087
763,12.72,65.75,65.80016696
764,12.73,65.5,65.74013357
765,12.75,65.25,65.64210686
766,12.77,65.75,65.66368549
767,12.78,65.5,65.63094839
768,12.8,65.75,65.65475871
769,12.82,65.5,65.62380697
770,12.83,65,65.49904557
771,12.85,65.25,65.44923646
772,12.87,64.75,65.30938917
773,12.88,65.25,65.29751133
774,12.9,65.25,65.28800907
775,12.92,65,65.23040725
776,12.93,65.25,65.2343258
777,12.95,65,65.18746064
778,12.97,65,65.14996851
779,12.98,65,65.11997481
780,13,64.75,65.04597985
781,13.02,64.75,64.98678388
782,13.03,64.5,64.8894271
783,13.05,64.75,64.86154168
784,13.07,64.75,64.83923335
785,13.08,64.75,64.82138668
786,13.1,64.5,64.75710934
787,13.12,64.5,64.70568747
788,13.13,64.25,64.61454998
789,13.15,64.5,64.59163998
790,13.17,64,64.47331199
791,13.18,64,64.37864959
792,13.2,63.75,64.25291967
793,13.22,64,64.20233574
794,13.23,64,64.16186859
795,13.25,64.25,64.17949487
796,13.27,64,64.1435959
797,13.28,64.25,64.16487672
798,13.3,64.25,64.18190137
799,13.32,64.25,64.1955211
800,13.33,64.25,64.20641688
801,13.35,63.75,64.1151335
802,13.37,64.25,64.1421068
803,13.38,64,64.11368544
804,13.4,63.75,64.04094835
805,13.42,63.5,63.93275868
806,13.43,63.5,63.84620695
807,13.45,63.75,63.82696556
808,13.47,63.5,63.76157245
809,13.48,64,63.80925796
810,13.5,63.5,63.74740637
811,13.52,63.5,63.69792509
812,13.53,63.25,63.60834007
813,13.55,63.25,63.53667206
814,13.57,63.5,63.52933765
815,13.58,63.25,63.47347012
816,13.6,63.5,63.47877609
817,13.62,63.25,63.43302088
818,13.63,63,63.3464167
819,13.65,62.75,63.22713336
820,13.67,63.25,63.23170669
821,13.68,63,63.18536535
822,13.7,63,63.14829228
823,13.72,63.25,63.16863382
824,13.73,62.75,63.08490706
825,13.75,62.5,62.96792565
826,13.77,62.75,62.92434052
827,13.78,63,62.93947241
828,13.8,62.75,62.90157793
829,13.82,62.5,62.82126235
830,13.83,62.5,62.75700988
831,13.85,62.75,62.7556079
832,13.87,63,62.80448632
833,13.88,62.25,62.69358906
834,13.9,62.5,62.65487125
835,13.92,62.5,62.623897
836,13.93,62.25,62.5491176
837,13.95,62.5,62.53929408
838,13.97,62.5,62.53143526
839,13.98,62.25,62.47514821
840,14,62.25,62.43011857
841,14.02,62.5,62.44409485
842,14.03,62.25,62.40527588
843,14.05,62.25,62.37422071
844,14.07,61.75,62.24937657
845,14.08,61.75,62.14950125
846,14.1,62.25,62.169601
847,14.12,62,62.1356808
848,14.13,62,62.10854464
849,14.15,61.5,61.98683571
850,14.17,62,61.98946857
851,14.18,62,61.99157486
852,14.2,61.75,61.94325989
853,14.22,61.75,61.90460791
854,14.23,61.5,61.82368633
855,14.25,61.5,61.75894906
856,14.27,61.75,61.75715925
857,14.28,62,61.8057274
858,14.3,61.75,61.79458192
859,14.32,61.5,61.73566554
860,14.33,61.5,61.68853243
861,14.35,61.25,61.60082594
862,14.37,61,61.48066075
863,14.38,61.5,61.4845286
864,14.4,61.5,61.48762288
865,14.42,61.25,61.44009831
866,14.43,61.25,61.40207864
867,14.45,61.25,61.37166292
868,14.47,61.25,61.34733033
869,14.48,61.25,61.32786427
870,14.5,61.25,61.31229141
871,14.52,61.25,61.29983313
872,14.53,61.5,61.3398665
873,14.55,60.75,61.2218932
874,14.57,61.25,61.22751456
875,14.58,61.25,61.23201165
876,14.6,61.25,61.23560932
877,14.62,61.25,61.23848746
878,14.63,60.75,61.14078996
879,14.65,61,61.11263197
880,14.67,61,61.09010558
881,14.68,61,61.07208446
882,14.7,61,61.05766757
883,14.72,60.5,60.94613406
884,14.73,61,60.95690724
885,14.75,61,60.9655258
886,14.77,60.75,60.92242064
887,14.78,60.75,60.88793651
888,14.8,60,60.71034921
889,14.82,60.75,60.71827937
890,14.83,60.5,60.67462349
891,14.85,60.5,60.63969879
892,14.87,60.5,60.61175904
893,14.88,60,60.48940723
894,14.9,60.5,60.49152578
895,14.92,60.5,60.49322063
896,14.93,60.5,60.4945765
897,14.95,60.25,60.4456612
898,14.97,60,60.35652896
899,14.98,60.25,60.33522317
900,15,60.25,60.31817853
901,15.02,60.25,60.30454283
902,15.03,59.5,60.14363426
903,15.05,60,60.11490741
904,15.07,60,60.09192593
905,15.08,60.25,60.12354074
906,15.1,60,60.09883259
907,15.12,59.75,60.02906608
908,15.13,59.75,59.97325286
909,15.15,60,59.97860229
910,15.17,59.75,59.93288183
911,15.18,59.75,59.89630546
912,15.2,59.75,59.86704437
913,15.22,59.75,59.8436355
914,15.23,59.5,59.7749084
915,15.25,59.75,59.76992672
916,15.27,59.5,59.71594137
917,15.28,59.75,59.7227531
918,15.3,59.5,59.67820248
919,15.32,59.75,59.69256198
920,15.33,59.25,59.60404959
921,15.35,59,59.48323967
922,15.37,59,59.38659174
923,15.38,59.5,59.40927339
924,15.4,59,59.32741871
925,15.42,59.25,59.31193497
926,15.43,59,59.24954797
927,15.45,58.75,59.14963838
928,15.47,59.25,59.1697107
929,15.48,59,59.13576856
930,15.5,59.25,59.15861485
931,15.52,59.5,59.22689188
932,15.53,59.25,59.2315135
933,15.55,58.75,59.1352108
934,15.57,58.75,59.05816864
935,15.58,59.25,59.09653491
936,15.6,58.5,58.97722793
937,15.62,58.75,58.93178235
938,15.63,58.5,58.84542588
939,15.65,59,58.8763407
940,15.67,58.5,58.80107256
941,15.68,58.75,58.79085805
942,15.7,58.75,58.78268644
943,15.72,58.5,58.72614915
944,15.73,58.5,58.68091932
945,15.75,58.75,58.69473546
946,15.77,58.75,58.70578837
947,15.78,58.75,58.71463069
948,15.8,58.5,58.67170455
949,15.82,58,58.53736364
950,15.83,58,58.42989091
951,15.85,58.5,58.44391273
952,15.87,58,58.35513019
953,15.88,58.25,58.33410415
954,15.9,58,58.26728332
955,15.92,58.25,58.26382665
956,15.93,58.5,58.31106132
957,15.95,57.5,58.14884906
958,15.97,58.25,58.16907925
959,15.98,58,58.1352634
960,16,58,58.10821072
961,16.02,58,58.08656857
962,16.03,58,58.06925486
963,16.05,58,58.05540389
964,16.07,58,58.04432311
965,16.08,57.75,57.98545849
966,16.1,57.75,57.93836679
967,16.12,58,57.95069343
968,16.13,57.75,57.91055475
969,16.15,57.75,57.8784438
970,16.17,57.75,57.85275504
971,16.18,57.75,57.83220403
972,16.2,57.5,57.76576322
973,16.22,57.5,57.71261058
974,16.23,57.5,57.67008846
975,16.25,57.75,57.68607077
976,16.27,58,57.74885662
977,16.28,57.5,57.69908529
978,16.3,57.25,57.60926823
979,16.32,56.75,57.43741459
980,16.33,57.5,57.44993167
981,16.35,56.75,57.30994534
982,16.37,57.75,57.39795627
983,16.38,57.25,57.36836502
984,16.4,57.25,57.34469201
985,16.42,57.5,57.37575361
986,16.43,57.25,57.35060289
987,16.45,57,57.28048231
988,16.47,57.25,57.27438585
989,16.48,57,57.21950868
990,16.5,57.25,57.22560694
991,16.52,57,57.18048555
992,16.53,56.75,57.09438844
993,16.55,56.5,56.97551075
994,16.57,57,56.9804086
995,16.58,57.25,57.03432688
996,16.6,56.75,56.97746151
997,16.62,57,56.98196921
998,16.63,56.5,56.88557536
999,16.65,56.75,56.85846029
1000,16.67,57,56.88676823
1001,16.68,56.75,56.85941459
1002,16.7,56.75,56.83753167
1003,16.72,56.75,56.82002534
1004,16.73,57,56.85602027
1005,16.75,56.5,56.78481621
1006,16.77,56.5,56.72785297
1007,16.78,56.75,56.73228238
1008,16.8,55.75,56.5358259
1009,16.82,56.5,56.52866072
1010,16.83,56.75,56.57292858
1011,16.85,56,56.45834286
1012,16.87,56.75,56.51667429
1013,16.88,56.25,56.46333943
1014,16.9,56.5,56.47067155
1015,16.92,56.75,56.52653724
1016,16.93,55.75,56.37122979
1017,16.95,56,56.29698383
1018,16.97,56.25,56.28758706
1019,16.98,55.5,56.13006965
1020,17,56.25,56.15405572
1021,17.02,56.5,56.22324458
1022,17.03,55.75,56.12859566
1023,17.05,56,56.10287653
1024,17.07,55.75,56.03230122
1025,17.08,56,56.02584098
1026,17.1,56,56.02067278
1027,17.12,55.75,55.96653823
1028,17.13,56,55.97323058
1029,17.15,56.25,56.02858446
1030,17.17,56,56.02286757
1031,17.18,55.75,55.96829406
1032,17.2,55.25,55.82463525
1033,17.22,55.25,55.7097082
1034,17.23,55.5,55.66776656
1035,17.25,55.5,55.63421325
1036,17.27,55.25,55.5573706
1037,17.28,55.75,55.59589648
1038,17.3,55,55.47671718
1039,17.32,55.75,55.53137375
1040,17.33,55.5,55.525099
1041,17.35,55.5,55.5200792
1042,17.37,55.75,55.56606336
1043,17.38,55,55.45285069
1044,17.4,55.75,55.51228055
1045,17.42,55.5,55.50982444
1046,17.43,55.5,55.50785955
1047,17.45,55.5,55.50628764
1048,17.47,54.75,55.35503011
1049,17.48,55,55.28402409
1050,17.5,55,55.22721927
1051,17.52,55.25,55.23177542
1052,17.53,55,55.18542033
1053,17.55,55,55.14833627
1054,17.57,55,55.11866901
1055,17.58,55,55.09493521
1056,17.6,55,55.07594817
1057,17.62,55,55.06075854
1058,17.63,55,55.04860683
1059,17.65,55.25,55.08888546
1060,17.67,54.75,55.02110837
1061,17.68,55,55.0168867
1062,17.7,54.5,54.91350936
1063,17.72,55,54.93080749
1064,17.73,54.25,54.79464599
1065,17.75,54.5,54.73571679
1066,17.77,54.5,54.68857343
1067,17.78,54.5,54.65085875
1068,17.8,54.25,54.570687
1069,17.82,54.75,54.6065496
1070,17.83,54.25,54.53523968
1071,17.85,54,54.42819174
1072,17.87,54.5,54.44255339
1073,17.88,54.5,54.45404272
1074,17.9,54.5,54.46323417
1075,17.92,54.75,54.52058734
1076,17.93,54.25,54.46646987
1077,17.95,54.75,54.5231759
1078,17.97,54.5,54.51854072
1079,17.98,54,54.41483257
1080,18,54,54.33186606
1081,18.02,54.25,54.31549285
1082,18.03,54.25,54.30239428
1083,18.05,54,54.24191542
1084,18.07,54,54.19353234
1085,18.08,54,54.15482587
1086,18.1,54.25,54.1738607
1087,18.12,53.5,54.03908856
1088,18.13,54,54.03127085
1089,18.15,54.25,54.07501668
1090,18.17,53.75,54.01001334
1091,18.18,54,54.00801067
1092,18.2,53.75,53.95640854
1093,18.22,53.75,53.91512683
1094,18.23,53.75,53.88210146
1095,18.25,53.5,53.80568117
1096,18.27,54,53.84454494
1097,18.28,54,53.87563595
1098,18.3,53.5,53.80050876
1099,18.32,53.5,53.74040701
1100,18.33,53.25,53.64232561
1101,18.35,53.25,53.56386049
1102,18.37,53.75,53.60108839
1103,18.38,54,53.68087071
1104,18.4,53,53.54469657
1105,18.42,53.5,53.53575725
1106,18.43,53.25,53.4786058
1107,18.45,53.75,53.53288464
1108,18.47,53.5,53.52630771
1109,18.48,53.5,53.52104617
1110,18.5,53.25,53.46683694
1111,18.52,53.75,53.52346955
1112,18.53,53.25,53.46877564
1113,18.55,53.75,53.52502051
1114,18.57,53.75,53.57001641
1115,18.58,53.5,53.55601313
1116,18.6,53.5,53.5448105
1117,18.62,53.5,53.5358484
1118,18.63,53,53.42867872
1119,18.65,53.25,53.39294298
1120,18.67,52.75,53.26435438
1121,18.68,52.5,53.11148351
1122,18.7,52.25,52.9391868
1123,18.72,53,52.95134944
1124,18.73,52.5,52.86107955
1125,18.75,52.75,52.83886364
1126,18.77,53.25,52.92109092
1127,18.78,53,52.93687273
1128,18.8,53,52.94949819
1129,18.82,53,52.95959855
1130,18.83,53,52.96767884
1131,18.85,53,52.97414307
1132,18.87,53,52.97931446
1133,18.88,52.5,52.88345157
1134,18.9,52.75,52.85676125
1135,18.92,53,52.885409
1136,18.93,53.25,52.9583272
1137,18.95,52.75,52.91666176
1138,18.97,53,52.93332941
1139,18.98,52.5,52.84666353
1140,19,52.75,52.82733082
1141,19.02,52.75,52.81186466
1142,19.03,52.75,52.79949173
1143,19.05,53,52.83959338
1144,19.07,52.75,52.8216747
1145,19.08,52.5,52.75733976
1146,19.1,52.75,52.75587181
1147,19.12,52.5,52.70469745
1148,19.13,52.75,52.71375796
1149,19.15,52.5,52.67100637
1150,19.17,52,52.53680509
1151,19.18,52.5,52.52944408
1152,19.2,52.5,52.52355526
1153,19.22,52,52.41884421
1154,19.23,52.5,52.43507537
1155,19.25,52.5,52.44806029
1156,19.27,52.25,52.40844823
1157,19.28,52,52.32675859
1158,19.3,52.5,52.36140687
1159,19.32,52.25,52.3391255
1160,19.33,52.25,52.3213004
1161,19.35,52.25,52.30704032
1162,19.37,52,52.24563225
1163,19.38,52.25,52.2465058
1164,19.4,51.5,52.09720464
1165,19.42,52,52.07776371
1166,19.43,52,52.06221097
1167,19.45,52,52.04976878
1168,19.47,51.75,51.98981502
1169,19.48,51.75,51.94185202
1170,19.5,51.75,51.90348161
1171,19.52,52,51.92278529
1172,19.53,52,51.93822823
1173,19.55,52.25,52.00058259
1174,19.57,52.25,52.05046607
1175,19.58,51.5,51.94037286
1176,19.6,52,51.95229828
1177,19.62,52,51.96183863
1178,19.63,51.5,51.8694709
1179,19.65,52,51.89557672
1180,19.67,51.75,51.86646138
1181,19.68,51.75,51.8431691
1182,19.7,51.75,51.82453528
1183,19.72,51.5,51.75962823
1184,19.73,51.5,51.70770258
1185,19.75,51.5,51.66616206
1186,19.77,51.5,51.63292965
1187,19.78,51.5,51.60634372
1188,19.8,51.25,51.53507498
1189,19.82,51.5,51.52805998
1190,19.83,51.5,51.52244799
1191,19.85,51,51.41795839
1192,19.87,51,51.33436671
1193,19.88,51.5,51.36749337
1194,19.9,51.5,51.39399469
1195,19.92,51.25,51.36519576
1196,19.93,51.5,51.3921566
1197,19.95,51.5,51.41372528
1198,19.97,51.25,51.38098023
1199,19.98,51,51.30478418
1200,20,51,51.24382735
1201,20.02,50.75,51.14506188
1202,20.03,51.25,51.1660495
1203,20.05,51,51.1328396
1204,20.07,50.75,51.05627168
1205,20.08,51,51.04501734
1206,20.1,51.25,51.08601388
1207,20.12,51.25,51.1188111
1208,20.13,50.75,51.04504888
1209,20.15,51,51.0360391
1210,20.17,50.75,50.97883128
1211,20.18,50.75,50.93306503
1212,20.2,50.5,50.84645202
1213,20.22,51,50.87716162
1214,20.23,51,50.90172929
1215,20.25,50.25,50.77138343
1216,20.27,50.75,50.76710675
1217,20.28,50.5,50.7136854
1218,20.3,50.75,50.72094832
1219,20.32,50.5,50.67675865
1220,20.33,50.75,50.69140692
1221,20.35,50.75,50.70312554
1222,20.37,50.5,50.66250043
1223,20.38,50.5,50.63000035
1224,20.4,51,50.70400028
1225,20.42,50.5,50.66320022
1226,20.43,50.75,50.68056018
1227,20.45,50.5,50.64444814
1228,20.47,50.5,50.61555851
1229,20.48,50.75,50.64244681
1230,20.5,50.25,50.56395745
1231,20.52,50.25,50.50116596
1232,20.53,50,50.40093277
1233,20.55,50.5,50.42074621
1234,20.57,50.25,50.38659697
1235,20.58,49.75,50.25927758
1236,20.6,50,50.20742206
1237,20.62,50,50.16593765
1238,20.63,50.5,50.23275012
1239,20.65,50.5,50.2862001
1240,20.67,50.25,50.27896008
1241,20.68,50.25,50.27316806
1242,20.7,50.25,50.26853445
1243,20.72,49.75,50.16482756
1244,20.73,50.25,50.18186205
1245,20.75,50.25,50.19548964
1246,20.77,50.25,50.20639171
1247,20.78,50,50.16511337
1248,20.8,50.5,50.23209069
1249,20.82,50,50.18567256
1250,20.83,50,50.14853804
1251,20.85,50,50.11883044
1252,20.87,50.25,50.14506435
1253,20.88,50.25,50.16605148
1254,20.9,50,50.13284118
1255,20.92,50.25,50.15627295
1256,20.93,49.75,50.07501836
1257,20.95,49.75,50.01001469
1258,20.97,50,50.00801175
1259,20.98,50,50.0064094
1260,21,50,50.00512752
1261,21.02,50,50.00410202
1262,21.03,50,50.00328161
1263,21.05,50,50.00262529
1264,21.07,49.75,49.95210023
1265,21.08,49.5,49.86168019
1266,21.1,50,49.88934415
1267,21.12,50,49.91147532
1268,21.13,50,49.92918025
1269,21.15,50,49.9433442
1270,21.17,49.5,49.85467536
1271,21.18,49,49.68374029
1272,21.2,49.5,49.64699223
1273,21.22,49.75,49.66759379
1274,21.23,48.75,49.48407503
1275,21.25,49.75,49.53726002
1276,21.27,49.5,49.52980802
1277,21.28,49.75,49.57384641
1278,21.3,49.75,49.60907713
1279,21.32,49.75,49.63726171
1280,21.33,49.75,49.65980936
1281,21.35,49.75,49.67784749
1282,21.37,49.75,49.69227799
1283,21.38,49.75,49.70382239
1284,21.4,49.25,49.61305792
1285,21.42,49.75,49.64044633
1286,21.43,49.5,49.61235707
1287,21.45,49.5,49.58988565
1288,21.47,49,49.47190852
1289,21.48,49.25,49.42752682
1290,21.5,49.25,49.39202145
1291,21.52,49.25,49.36361716
1292,21.53,49.5,49.39089373
1293,21.55,49,49.31271498
1294,21.57,48.75,49.20017199
1295,21.58,49.5,49.26013759
1296,21.6,49.5,49.30811007
1297,21.62,49.25,49.29648806
1298,21.63,49,49.23719045
1299,21.65,49.25,49.23975236
1300,21.67,49,49.19180189
1301,21.68,49.5,49.25344151
1302,21.7,48.75,49.15275321
1303,21.72,48.5,49.02220257
1304,21.73,49.25,49.06776205
1305,21.75,48.75,49.00420964
1306,21.77,49,49.00336771
1307,21.78,49,49.00269417
1308,21.8,48.75,48.95215534
1309,21.82,49,48.96172427
1310,21.83,48.75,48.91937942
1311,21.85,48.5,48.83550353
1312,21.87,49,48.86840283
1313,21.88,49,48.89472226
1314,21.9,48.5,48.81577781
1315,21.92,48.75,48.80262225
1316,21.93,48.25,48.6920978
1317,21.95,48.75,48.70367824
1318,21.97,48.25,48.61294259
1319,21.98,48.5,48.59035407
1320,22,48.75,48.62228326
1321,22.02,48.75,48.64782661
1322,22.03,48.75,48.66826129
1323,22.05,48.75,48.68460903
1324,22.07,48.5,48.64768722
1325,22.08,48.75,48.66814978
1326,22.1,48.75,48.68451982
1327,22.12,48.5,48.64761586
1328,22.13,48.5,48.61809269
1329,22.15,48.5,48.59447415
1330,22.17,48.25,48.52557932
1331,22.18,48.5,48.52046346
1332,22.2,48,48.41637076
1333,22.22,47.75,48.28309661
1334,22.23,48.5,48.32647729
1335,22.25,48,48.26118183
1336,22.27,48,48.20894547
1337,22.28,48.25,48.21715637
1338,22.3,48.25,48.2237251
1339,22.32,47.75,48.12898008
1340,22.33,48.5,48.20318406
1341,22.35,48.25,48.21254725
1342,22.37,47.75,48.1200378
1343,22.38,48,48.09603024
1344,22.4,48.25,48.12682419
1345,22.42,48.25,48.15145935
1346,22.43,48.25,48.17116748
1347,22.45,48,48.13693399
1348,22.47,48,48.10954719
1349,22.48,47.5,47.98763775
1350,22.5,48.5,48.0901102
1351,22.52,47.75,48.02208816
1352,22.53,47.5,47.91767053
1353,22.55,48,47.93413642
1354,22.57,48.25,47.99730914
1355,22.58,48,47.99784731
1356,22.6,48,47.99827785
1357,22.62,47.5,47.89862228
1358,22.63,48,47.91889782
1359,22.65,48,47.93511826
1360,22.67,47.75,47.89809461
1361,22.68,47.75,47.86847569
1362,22.7,47.5,47.79478055
1363,22.72,47.75,47.78582444
1364,22.73,48.25,47.87865955
1365,22.75,48,47.90292764
1366,22.77,48,47.92234211
1367,22.78,47.5,47.83787369
1368,22.8,47.75,47.82029895
1369,22.82,48,47.85623916
1370,22.83,48,47.88499133
1371,22.85,47.5,47.80799306
1372,22.87,48,47.84639445
1373,22.88,47.25,47.72711556
1374,22.9,48,47.78169245
1375,22.92,47.75,47.77535396
1376,22.93,47.75,47.77028317
1377,22.95,47.5,47.71622653
1378,22.97,48,47.77298123
1379,22.98,47.75,47.76838498
1380,23,47.75,47.76470799
1381,23.02,47.75,47.76176639
1382,23.03,47.5,47.70941311
1383,23.05,47.75,47.71753049
1384,23.07,47.75,47.72402439
1385,23.08,47.75,47.72921951
1386,23.1,47.5,47.68337561
1387,23.12,47.25,47.59670049
1388,23.13,47.75,47.62736039
1389,23.15,47.5,47.60188831
1390,23.17,47.25,47.53151065
1391,23.18,47.5,47.52520852
1392,23.2,47.5,47.52016682
1393,23.22,47.75,47.56613345
1394,23.23,47.5,47.55290676
1395,23.25,47.25,47.49232541
1396,23.27,47.75,47.54386033
1397,23.28,47.75,47.58508826
1398,23.3,47.5,47.56807061
1399,23.32,47,47.45445649
1400,23.33,47.25,47.41356519
1401,23.35,47.5,47.43085215
1402,23.37,47.25,47.39468172
1403,23.38,47.25,47.36574538
1404,23.4,47.25,47.3425963
1405,23.42,46.75,47.22407704
1406,23.43,47.25,47.22926163
1407,23.45,47.5,47.28340931
1408,23.47,46.75,47.17672745
1409,23.48,47.25,47.19138196
1410,23.5,47,47.15310556
1411,23.52,47.25,47.17248445
1412,23.53,47.25,47.18798756
1413,23.55,47,47.15039005
1414,23.57,47,47.12031204
1415,23.58,47,47.09624963
1416,23.6,47.25,47.12699971
1417,23.62,47,47.10159976
1418,23.63,46.75,47.03127981
1419,23.65,46.25,46.87502385
1420,23.67,47,46.90001908
1421,23.68,46.75,46.87001526
1422,23.7,46.75,46.84601221
1423,23.72,46.75,46.82680977
1424,23.73,46.75,46.81144781
1425,23.75,46.25,46.69915825
1426,23.77,46.75,46.7093266
1427,23.78,46.75,46.71746128
1428,23.8,46.75,46.72396902
1429,23.82,46.5,46.67917522
1430,23.83,46.75,46.69334018
1431,23.85,46.25,46.60467214
1432,23.87,46.25,46.53373771
1433,23.88,46.5,46.52699017
1434,23.9,46.5,46.52159214
1435,23.92,46.5,46.51727371
1436,23.93,46.25,46.46381897
1437,23.95,46.25,46.42105517
1438,23.97,46.25,46.38684414
1439,23.98,46.25,46.35947531
1440,24,46,46.28758025
1441,24.02,46,46.2300642
1442,24.03,46.5,46.28405136
1443,24.05,46.25,46.27724109
1444,24.07,45.5,46.12179287
1445,24.08,46,46.0974343
1446,24.1,46,46.07794744
1447,24.12,45.5,45.96235795
1448,24.13,46,45.96988636
1449,24.15,46,45.97590909
1450,24.17,46,45.98072727
1451,24.18,46,45.98458182
1452,24.2,46,45.98766545
1453,24.22,46,45.99013236
1454,24.23,45.75,45.94210589
1455,24.25,46,45.95368471
1456,24.27,45.75,45.91294777
1457,24.28,45.75,45.88035822
1458,24.3,45.25,45.75428657
1459,24.32,45,45.60342926
1460,24.33,46,45.68274341
1461,24.35,46,45.74619473
1462,24.37,46,45.79695578
1463,24.38,45.75,45.78756462
1464,24.4,46,45.8300517
1465,24.42,45.5,45.76404136
1466,24.43,45.25,45.66123309
1467,24.45,45.5,45.62898647
1468,24.47,45.25,45.55318918
1469,24.48,45.75,45.59255134
1470,24.5,45.5,45.57404107
1471,24.52,45.25,45.50923286
1472,24.53,45.75,45.55738629
1473,24.55,45.5,45.54590903
1474,24.57,45.75,45.58672722
1475,24.58,45.5,45.56938178
1476,24.6,45.25,45.50550542
1477,24.62,45.25,45.45440434
1478,24.63,45.5,45.46352347
1479,24.65,45.25,45.42081878
1480,24.67,45.25,45.38665502
1481,24.68,45,45.30932402
1482,24.7,45.25,45.29745921
1483,24.72,45.5,45.33796737
1484,24.73,45,45.2703739
1485,24.75,45.5,45.31629912
1486,24.77,45.25,45.30303929
1487,24.78,45.25,45.29243144
1488,24.8,45.5,45.33394515
1489,24.82,45.25,45.31715612
1490,24.83,45,45.25372489
1491,24.85,45,45.20297992
1492,24.87,45.25,45.21238393
1493,24.88,44.75,45.11990715
1494,24.9,45,45.09592572
1495,24.92,45,45.07674057
1496,24.93,45,45.06139246
1497,24.95,45,45.04911397
1498,24.97,44.75,44.98929117
1499,24.98,44.25,44.84143294
1500,25,44.75,44.82314635
1501,25.02,44.5,44.75851708
1502,25.03,44.5,44.70681366
1503,25.05,44.75,44.71545093
1504,25.07,44.75,44.72236075
1505,25.08,44.5,44.6778886
1506,25.1,44.5,44.64231088
1507,25.12,44.5,44.6138487
1508,25.13,44.75,44.64107896
1509,25.15,44.25,44.56286317
1510,25.17,44.75,44.60029054
1511,25.18,43.75,44.43023243
1512,25.2,44.5,44.44418594
1513,25.22,44.5,44.45534875
1514,25.23,44.5,44.464279
1515,25.25,44.75,44.5214232
1516,25.27,44.5,44.51713856
1517,25.28,44.75,44.56371085
1518,25.3,44.5,44.55096868
1519,25.32,44.25,44.49077494
1520,25.33,44.25,44.44261996
1521,25.35,44.25,44.40409596
1522,25.37,44.5,44.42327677
1523,25.38,44.5,44.43862142
1524,25.4,44,44.35089713
1525,25.42,44.5,44.38071771
1526,25.43,43.75,44.25457417
1527,25.45,44.5,44.30365933
1528,25.47,44.5,44.34292747
1529,25.48,44,44.27434197
1530,25.5,44.5,44.31947358
1531,25.52,44.75,44.40557886
1532,25.53,44.25,44.37446309
1533,25.55,43.75,44.24957047
1534,25.57,44.5,44.29965638
1535,25.58,44,44.2397251
1536,25.6,44,44.19178008
1537,25.62,44,44.15342407
1538,25.63,44,44.12273925
1539,25.65,44.5,44.1981914
1540,25.67,44.25,44.20855312
1541,25.68,44.25,44.2168425
1542,25.7,44.25,44.223474
1543,25.72,44.5,44.2787792
1544,25.73,44,44.22302336
1545,25.75,44.25,44.22841869
1546,25.77,43.75,44.13273495
1547,25.78,44.5,44.20618796
1548,25.8,43.75,44.11495037
1549,25.82,44,44.09196029
1550,25.83,44,44.07356824
1551,25.85,44.25,44.10885459
1552,25.87,43.75,44.03708367
1553,25.88,44.25,44.07966694
1554,25.9,44.25,44.11373355
1555,25.92,43.75,44.04098684
1556,25.93,44,44.03278947
1557,25.95,43.25,43.87623158
1558,25.97,43.75,43.85098526
1559,25.98,43.25,43.73078821
1560,26,43.75,43.73463057
1561,26.02,43.25,43.63770445
1562,26.03,44,43.71016356
1563,26.05,43.75,43.71813085
1564,26.07,44,43.77450468
1565,26.08,44,43.81960374
1566,26.1,43.5,43.755683
1567,26.12,43.75,43.7545464
1568,26.13,43.75,43.75363712
1569,26.15,43.5,43.70290969
1570,26.17,44,43.76232775
1571,26.18,43.75,43.7598622
1572,26.2,43.75,43.75788976
1573,26.22,43.5,43.70631181
1574,26.23,43.25,43.61504945
1575,26.25,43.5,43.59203956
1576,26.27,43.25,43.52363165
1577,26.28,43.25,43.46890532
1578,26.3,42.75,43.32512425
1579,26.32,44,43.4600994
1580,26.33,43,43.36807952
1581,26.35,44,43.49446362
1582,26.37,43.25,43.44557089
1583,26.38,43.25,43.40645672
1584,26.4,43.25,43.37516537
1585,26.42,43.75,43.4501323
1586,26.43,43.5,43.46010584
1587,26.45,43,43.36808467
1588,26.47,43.5,43.39446774
1589,26.48,42.75,43.26557419
1590,26.5,43.5,43.31245935
1591,26.52,43.5,43.34996748
1592,26.53,43,43.27997398
1593,26.55,43.25,43.27397919
1594,26.57,43,43.21918335
1595,26.58,43.5,43.27534668
1596,26.6,43.25,43.27027734
1597,26.62,43.25,43.26622188
1598,26.63,42.75,43.1629775
1599,26.65,43,43.130382
1600,26.67,42.5,43.0043056
1601,26.68,43,43.00344448
1602,26.7,42.75,42.95275558
1603,26.72,43,42.96220447
1604,26.73,42.5,42.86976357
1605,26.75,43,42.89581086
1606,26.77,42.75,42.86664869
1607,26.78,43.25,42.94331895
1608,26.8,43,42.95465516
1609,26.82,43.25,43.01372413
1610,26.83,43,43.0109793
1611,26.85,42.75,42.95878344
1612,26.87,43,42.96702675
1613,26.88,42.75,42.9236214
1614,26.9,43,42.93889712
1615,26.92,43,42.9511177
1616,26.93,42.75,42.91089416
1617,26.95,42.75,42.87871533
1618,26.97,42.75,42.85297226
1619,26.98,42.25,42.73237781
1620,27,42.5,42.68590225
1621,27.02,42.5,42.6487218
1622,27.03,42.5,42.61897744
1623,27.05,42,42.49518195
1624,27.07,43,42.59614556
1625,27.08,43,42.67691645
1626,27.1,42.5,42.64153316
1627,27.12,43,42.71322653
1628,27.13,42.75,42.72058122
1629,27.15,42.75,42.72646498
1630,27.17,43,42.78117198
1631,27.18,42.25,42.67493759
1632,27.2,42.5,42.63995007
1633,27.22,42.75,42.66196005
1634,27.23,42.75,42.67956804
1635,27.25,43,42.74365443
1636,27.27,42.5,42.69492355
1637,27.28,42.5,42.65593884
1638,27.3,42.75,42.67475107
1639,27.32,42.25,42.58980086
1640,27.33,42,42.47184069
1641,27.35,42.25,42.42747255
1642,27.37,42.25,42.39197804
1643,27.38,42.5,42.41358243
1644,27.4,42.5,42.43086594
1645,27.42,42.75,42.49469276
1646,27.43,41.75,42.3457542
1647,27.45,42.25,42.32660336
1648,27.47,42.25,42.31128269
1649,27.48,42.25,42.29902615
1650,27.5,42.5,42.33922092
1651,27.52,42.5,42.37137674
1652,27.53,42.5,42.39710139
1653,27.55,42.5,42.41768111
1654,27.57,42.75,42.48414489
1655,27.58,42,42.38731591
1656,27.6,42,42.30985273
1657,27.62,42.5,42.34788218
1658,27.63,42.25,42.32830575
1659,27.65,42.5,42.3626446
1660,27.67,42.25,42.34011568
1661,27.68,42.5,42.37209254
1662,27.7,42,42.29767403
1663,27.72,42.5,42.33813923
1664,27.73,42.5,42.37051138
1665,27.75,42.25,42.34640911
1666,27.77,42.75,42.42712728
1667,27.78,42.5,42.44170183
1668,27.8,42.25,42.40336146
1669,27.82,41.5,42.22268917
1670,27.83,41.75,42.12815134
1671,27.85,42,42.10252107
1672,27.87,42.25,42.13201685
1673,27.88,41.75,42.05561348
1674,27.9,42,42.04449079
1675,27.92,42,42.03559263
1676,27.93,42.25,42.0784741
1677,27.95,42,42.06277928
1678,27.97,41.75,42.00022343
1679,27.98,41.25,41.85017874
1680,28,41.25,41.73014299
1681,28.02,41.75,41.73411439
1682,28.03,42,41.78729152
1683,28.05,41.5,41.72983321
1684,28.07,41.75,41.73386657
1685,28.08,41.75,41.73709326
1686,28.1,41.5,41.6896746
1687,28.12,42,41.75173968
1688,28.13,42,41.80139175
1689,28.15,41.5,41.7411134
1690,28.17,41.75,41.74289072
1691,28.18,41.75,41.74431257
1692,28.2,41.75,41.74545006
1693,28.22,41.75,41.74636005
1694,28.23,42,41.79708804
1695,28.25,42,41.83767043
1696,28.27,41.75,41.82013634
1697,28.28,42,41.85610908
1698,28.3,41.25,41.73488726
1699,28.32,42,41.78790981
1700,28.33,41.75,41.78032785
1701,28.35,41.75,41.77426228
1702,28.37,41.5,41.71940982
1703,28.38,41.5,41.67552786
1704,28.4,41.75,41.69042229
1705,28.42,41.75,41.70233783
1706,28.43,41.75,41.71187026
1707,28.45,41.5,41.66949621
1708,28.47,41.5,41.63559697
1709,28.48,41.5,41.60847757
1710,28.5,41.75,41.63678206
1711,28.52,41.75,41.65942565
1712,28.53,41.5,41.62754052
1713,28.55,41.5,41.60203241
1714,28.57,41.25,41.53162593
1715,28.58,41.5,41.52530075
1716,28.6,41.25,41.4702406
1717,28.62,41.75,41.52619248
1718,28.63,41.75,41.57095398
1719,28.65,41,41.45676319
1720,28.67,40.75,41.31541055
1721,28.68,41.25,41.30232844
1722,28.7,41.5,41.34186275
1723,28.72,41.25,41.3234902
1724,28.73,41.25,41.30879216
1725,28.75,41,41.24703373
1726,28.77,41.25,41.24762698
1727,28.78,41,41.19810159
1728,28.8,41.5,41.25848127
1729,28.82,41,41.20678502
1730,28.83,41.25,41.21542801
1731,28.85,41.25,41.22234241
1732,28.87,40.75,41.12787393
1733,28.88,41.25,41.15229914
1734,28.9,41.25,41.17183931
1735,28.92,41.25,41.18747145
1736,28.93,41.25,41.19997716
1737,28.95,41,41.15998173
1738,28.97,41,41.12798538
1739,28.98,41,41.10238831
1740,29,40.75,41.03191065
1741,29.02,40.75,40.97552852
1742,29.03,40.75,40.93042281
1743,29.05,41,40.94433825
1744,29.07,41,40.9554706
1745,29.08,41,40.96437648
1746,29.1,41,40.97150118
1747,29.12,40.5,40.87720095
1748,29.13,40.75,40.85176076
1749,29.15,40.75,40.83140861
1750,29.17,41.25,40.91512689
1751,29.18,40.5,40.83210151
1752,29.2,40.5,40.76568121
1753,29.22,40.25,40.66254497
1754,29.23,40.5,40.63003597
1755,29.25,40.25,40.55402878
1756,29.27,40.75,40.59322302
1757,29.28,40.5,40.57457842
1758,29.3,41,40.65966273
1759,29.32,40.75,40.67773019
1760,29.33,40.5,40.64218415
1761,29.35,41,40.71374732
1762,29.37,40.5,40.67099786
1763,29.38,40.5,40.63679828
1764,29.4,40.75,40.65943863
1765,29.42,40.5,40.6275509
1766,29.43,41,40.70204072
1767,29.45,40.5,40.66163258
1768,29.47,41,40.72930606
1769,29.48,40.25,40.63344485
1770,29.5,40.25,40.55675588
1771,29.52,40.75,40.5954047
1772,29.53,40.5,40.57632376
1773,29.55,40.5,40.56105901
1774,29.57,40.25,40.49884721
1775,29.58,40.75,40.54907777
1776,29.6,40.25,40.48926221
1777,29.62,40.25,40.44140977
1778,29.63,40,40.35312782
1779,29.65,41,40.48250225
1780,29.67,40.75,40.5360018
1781,29.68,40.25,40.47880144
1782,29.7,40,40.38304115
1783,29.72,40.5,40.40643292
1784,29.73,40.75,40.47514634
1785,29.75,40.5,40.48011707
1786,29.77,40,40.38409366
1787,29.78,40,40.30727493
1788,29.8,39.75,40.19581994
1789,29.82,40.5,40.25665595
1790,29.83,40.25,40.25532476
1791,29.85,40,40.20425981
1792,29.87,40.5,40.26340785
1793,29.88,40.25,40.26072628
1794,29.9,40,40.20858102
1795,29.92,40.5,40.26686482
1796,29.93,40.25,40.26349185
1797,29.95,40.5,40.31079348
1798,29.97,40.25,40.29863479
1799,29.98,39.75,40.18890783
1800,30,40.25,40.20112626
1801,30.02,39.75,40.11090101
1802,30.03,40.25,40.13872081
1803,30.05,39.75,40.06097665
1804,30.07,40.25,40.09878132
1805,30.08,40.25,40.12902505
1806,30.1,40.25,40.15322004
1807,30.12,40.25,40.17257603
1808,30.13,39.75,40.08806083
1809,30.15,40.25,40.12044866
1810,30.17,39.75,40.04635893
1811,30.18,40,40.03708714
1812,30.2,39.5,39.92966972
1813,30.22,40,39.94373577
1814,30.23,40.25,40.00498862
1815,30.25,40,40.00399089
1816,30.27,40.25,40.05319272
1817,30.28,39.5,39.94255417
1818,30.3,39.5,39.85404334
1819,30.32,39.5,39.78323467
1820,30.33,40.25,39.87658774
1821,30.35,40.25,39.95127019
1822,30.37,39.75,39.91101615
1823,30.38,39.5,39.82881292
1824,30.4,39.75,39.81305034
1825,30.42,40,39.85044027
1826,30.43,40,39.88035222
1827,30.45,39.75,39.85428177
1828,30.47,39.5,39.78342542
1829,30.48,39.75,39.77674033
1830,30.5,39.75,39.77139227
1831,30.52,39.75,39.76711381
1832,30.53,39.5,39.71369105
1833,30.55,39,39.57095284
1834,30.57,39.25,39.50676227
1835,30.58,39.75,39.55540982
1836,30.6,39.75,39.59432785
1837,30.62,39.5,39.57546228
1838,30.63,39.75,39.61036983
1839,30.65,39.25,39.53829586
1840,30.67,39.25,39.48063669
1841,30.68,39.75,39.53450935
1842,30.7,40,39.62760748
1843,30.72,39.75,39.65208598
1844,30.73,39.5,39.62166879
1845,30.75,39.75,39.64733503
1846,30.77,39.5,39.61786802
1847,30.78,39.5,39.59429442
1848,30.8,39.5,39.57543554
1849,30.82,39.25,39.51034843
1850,30.83,39.5,39.50827874
1851,30.85,39.5,39.50662299
1852,30.87,39.25,39.4552984
1853,30.88,39,39.36423872
1854,30.9,39.5,39.39139097
1855,30.92,39.75,39.46311278
1856,30.93,39,39.37049022
1857,30.95,39.75,39.44639218
1858,30.97,39,39.35711374
1859,30.98,39.75,39.43569099
1860,31,39.5,39.4485528
1861,31.02,39.25,39.40884224
1862,31.03,39.5,39.42707379
1863,31.05,39.25,39.39165903
1864,31.07,39.5,39.41332722
1865,31.08,39.25,39.38066178
1866,31.1,39.25,39.35452942
1867,31.12,39,39.28362354
1868,31.13,39,39.22689883
1869,31.15,39.25,39.23151907
1870,31.17,39.5,39.28521525
1871,31.18,39.25,39.2781722
1872,31.2,39.25,39.27253776
1873,31.22,39.25,39.26803021
1874,31.23,39.25,39.26442417
1875,31.25,39,39.21153933
1876,31.27,39.25,39.21923147
1877,31.28,39.25,39.22538517
1878,31.3,38.75,39.13030814
1879,31.32,39.25,39.15424651
1880,31.33,39.25,39.17339721
1881,31.35,39.25,39.18871777
1882,31.37,39.25,39.20097421
1883,31.38,39.25,39.21077937
1884,31.4,38.5,39.0686235
1885,31.42,39,39.0548988
1886,31.43,38.75,38.99391904
1887,31.45,39,38.99513523
1888,31.47,39.25,39.04610818
1889,31.48,38.5,38.93688655
1890,31.5,39.25,38.99950924
1891,31.52,39,38.99960739
1892,31.53,39,38.99968591
1893,31.55,39,38.99974873
1894,31.57,38.75,38.94979898
1895,31.58,39.25,39.00983919
1896,31.6,39.25,39.05787135
1897,31.62,39,39.04629708
1898,31.63,38.25,38.88703766
1899,31.65,38.5,38.80963013
1900,31.67,38.5,38.7477041
1901,31.68,39,38.79816328
1902,31.7,39,38.83853063
1903,31.72,38.25,38.7208245
1904,31.73,39,38.7766596
1905,31.75,38.75,38.77132768
1906,31.77,38.75,38.76706214
1907,31.78,38.75,38.76364972
1908,31.8,38.75,38.76091977
1909,31.82,38.25,38.65873582
1910,31.83,38.75,38.67698865
1911,31.85,38.5,38.64159092
1912,31.87,38.5,38.61327274
1913,31.88,38.5,38.59061819
1914,31.9,38.75,38.62249455
1915,31.92,38.5,38.59799564
1916,31.93,38.75,38.62839651
1917,31.95,38.25,38.55271721
1918,31.97,38.75,38.59217377
1919,31.98,38.75,38.62373902
1920,32,38.75,38.64899121
1921,32.02,38.75,38.66919297
1922,32.03,38.75,38.68535438
1923,32.05,38.75,38.6982835
1924,32.07,38.25,38.6086268
1925,32.08,38.5,38.58690144
1926,32.1,38.75,38.61952115
1927,32.12,38.75,38.64561692
1928,32.13,38.5,38.61649354
1929,32.15,38.75,38.64319483
1930,32.17,38.25,38.56455586
1931,32.18,38.25,38.50164469
1932,32.2,38.5,38.50131575
1933,32.22,38,38.4010526
1934,32.23,38.25,38.37084208
1935,32.25,38.5,38.39667367
1936,32.27,38,38.31733893
1937,32.28,38.25,38.30387115
1938,32.3,38.5,38.34309692
1939,32.32,38.25,38.32447753
1940,32.33,38.5,38.35958203
1941,32.35,38.5,38.38766562
1942,32.37,38.5,38.4101325
1943,32.38,38.5,38.428106
1944,32.4,38.25,38.3924848
1945,32.42,38.25,38.36398784
1946,32.43,38.5,38.39119027
1947,32.45,38.5,38.41295222
1948,32.47,38,38.33036177
1949,32.48,38.25,38.31428942
1950,32.5,38.25,38.30143153
1951,32.52,38.25,38.29114523
1952,32.53,38.25,38.28291618
1953,32.55,37.75,38.17633295
1954,32.57,38.5,38.24106636
1955,32.58,38.25,38.24285309
1956,32.6,38.25,38.24428247
1957,32.62,38,38.19542597
1958,32.63,38,38.15634078
1959,32.65,38.25,38.17507262
1960,32.67,38,38.1400581
1961,32.68,38,38.11204648
1962,32.7,37.75,38.03963718
1963,32.72,38.25,38.08170975
1964,32.73,38,38.0653678
1965,32.75,38,38.05229424
1966,32.77,38,38.04183539
1967,32.78,38.25,38.08346831
1968,32.8,38,38.06677465
1969,32.82,38,38.05341972
1970,32.83,38.25,38.09273578
1971,32.85,38,38.07418862
1972,32.87,38.25,38.1093509
1973,32.88,37.75,38.03748072
1974,32.9,37.5,37.92998457
1975,32.92,37.5,37.84398766
1976,32.93,38.25,37.92519013
1977,32.95,38,37.9401521
1978,32.97,37.5,37.85212168
1979,32.98,37.75,37.83169735
1980,33,38,37.86535788
1981,33.02,38,37.8922863
1982,33.03,38,37.91382904
1983,33.05,38,37.93106323
1984,33.07,38.25,37.99485059
1985,33.08,38,37.99588047
1986,33.1,37.75,37.94670438
1987,33.12,38,37.9573635
1988,33.13,38,37.9658908
1989,33.15,37.75,37.92271264
1990,33.17,37.75,37.88817011
1991,33.18,37.5,37.81053609
1992,33.2,37.75,37.79842887
1993,33.22,37.5,37.7387431
1994,33.23,38,37.79099448
1995,33.25,37.75,37.78279558
1996,33.27,37.75,37.77623647
1997,33.28,37.75,37.77098917
1998,33.3,37.75,37.76679134
1999,33.32,37.5,37.71343307
2000,33.33,37.5,37.67074646
2001,33.35,37.75,37.68659717
2002,33.37,37.75,37.69927773
2003,33.38,37.5,37.65942219
2004,33.4,37.75,37.67753775
2005,33.42,37.75,37.6920302
2006,33.43,37.25,37.60362416
2007,33.45,37.5,37.58289933
2008,33.47,37.25,37.51631946
2009,33.48,37.5,37.51305557
2010,33.5,37.25,37.46044446
2011,33.52,37.5,37.46835556
2012,33.53,37.75,37.52468445
2013,33.55,37.25,37.46974756
2014,33.57,37.5,37.47579805
2015,33.58,37.5,37.48063844
2016,33.6,37.5,37.48451075
2017,33.62,37.5,37.4876086
2018,33.63,37.5,37.49008688
2019,33.65,37.5,37.4920695
2020,33.67,37.75,37.5436556
2021,33.68,37.25,37.48492448
2022,33.7,37.5,37.48793959
2023,33.72,37.5,37.49035167
2024,33.73,37.5,37.49228134
2025,33.75,37.75,37.54382507
2026,33.77,37.25,37.48506005
2027,33.78,37.5,37.48804804
2028,33.8,37.5,37.49043843
2029,33.82,36.75,37.34235075
2030,33.83,37.75,37.4238806
2031,33.85,37.5,37.43910448
2032,33.87,37.5,37.45128358
2033,33.88,37.5,37.46102687
2034,33.9,37.5,37.46882149
2035,33.92,36.75,37.32505719
2036,33.93,37.25,37.31004576
2037,33.95,37.5,37.3480366
2038,33.97,36.75,37.22842928
2039,33.98,37.25,37.23274343
2040,34,37.25,37.23619474
2041,34.02,37.25,37.23895579
2042,34.03,37.25,37.24116463
2043,34.05,36.75,37.14293171
2044,34.07,37.25,37.16434537
2045,34.08,37.25,37.18147629
2046,34.1,37,37.14518103
2047,34.12,37.25,37.16614483
2048,34.13,37.25,37.18291586
2049,34.15,37,37.14633269
2050,34.17,37.25,37.16706615
2051,34.18,37.25,37.18365292
2052,34.2,37,37.14692234
2053,34.22,37.25,37.16753787
2054,34.23,36.75,37.0840303
2055,34.25,37,37.06722424
2056,34.27,36.75,37.00377939
2057,34.28,37.25,37.05302351
2058,34.3,37,37.04241881
2059,34.32,37,37.03393505
2060,34.33,37,37.02714804
2061,34.35,37,37.02171843
2062,34.37,37,37.01737474
2063,34.38,36.5,36.9138998
2064,34.4,37,36.93111984
2065,34.42,37.25,36.99489587
2066,34.43,36.75,36.9459167
2067,34.45,36.75,36.90673336
2068,34.47,37.25,36.97538668
2069,34.48,37,36.98030935
2070,34.5,37,36.98424748
2071,34.52,36.75,36.93739798
2072,34.53,36.75,36.89991839
2073,34.55,37,36.91993471
2074,34.57,36.5,36.83594777
2075,34.58,36.75,36.81875821
2076,34.6,36.75,36.80500657
2077,34.62,36.75,36.79400526
2078,34.63,37,36.83520421
2079,34.65,36.75,36.81816336
2080,34.67,36.75,36.80453069
2081,34.68,36.75,36.79362455
2082,34.7,36.75,36.78489964
2083,34.72,36.75,36.77791971
2084,34.73,37,36.82233577
2085,34.75,36.75,36.80786862
2086,34.77,36.75,36.79629489
2087,34.78,36.5,36.73703591
2088,34.8,36.75,36.73962873
2089,34.82,36.25,36.64170299
2090,34.83,36.25,36.56336239
2091,34.85,36.5,36.55068991
2092,34.87,37,36.64055193
2093,34.88,36.25,36.56244154
2094,34.9,36.5,36.54995323
2095,34.92,36.5,36.53996259
2096,34.93,36.75,36.58197007
2097,34.95,36.75,36.61557606
2098,34.97,36.75,36.64246084
2099,34.98,36.5,36.61396868
2100,35,36.75,36.64117494
2101,35.02,36.25,36.56293995
2102,35.03,36.75,36.60035196
2103,35.05,36,36.48028157
2104,35.07,36.75,36.53422526
2105,35.08,36.5,36.5273802
2106,35.1,36.5,36.52190416
2107,35.12,36.5,36.51752333
2108,35.13,36,36.41401866
2109,35.15,36.25,36.38121493
2110,35.17,36.5,36.40497195
2111,35.18,36.25,36.37397756
2112,35.2,36.5,36.39918205
2113,35.22,36,36.31934564
2114,35.23,36,36.25547651
2115,35.25,36.5,36.30438121
2116,35.27,36.5,36.34350497
2117,35.28,36.5,36.37480397
2118,35.3,36,36.29984318
2119,35.32,36.25,36.28987454
2120,35.33,36.25,36.28189963
2121,35.35,35.5,36.12551971
2122,35.37,36.75,36.25041577
2123,35.38,36.25,36.25033261
2124,35.4,36.25,36.25026609
2125,35.42,36.25,36.25021287
2126,35.43,36.5,36.3001703
2127,35.45,36.25,36.29013624
2128,35.47,36.5,36.33210899
2129,35.48,36.75,36.41568719
2130,35.5,36.25,36.38254975
2131,35.52,36.25,36.3560398
2132,35.53,36.5,36.38483184
2133,35.55,36.5,36.40786547
2134,35.57,36.25,36.37629238
2135,35.58,36.25,36.3510339
2136,35.6,36,36.28082712
2137,35.62,36.25,36.2746617
2138,35.63,36.5,36.31972936
2139,35.65,36.25,36.30578349
2140,35.67,36.5,36.34462679
2141,35.68,36,36.27570143
2142,35.7,36,36.22056115
2143,35.72,36,36.17644892
2144,35.73,36.25,36.19115913
2145,35.75,36,36.15292731
2146,35.77,36.25,36.17234185
2147,35.78,36.5,36.23787348
2148,35.8,35.75,36.14029878
2149,35.82,36,36.11223902
2150,35.83,36.25,36.13979122
2151,35.85,36.25,36.16183298
2152,35.87,36.25,36.17946638
2153,35.88,36.5,36.2435731
2154,35.9,36,36.19485848
2155,35.92,35.75,36.10588679
2156,35.93,36,36.08470943
2157,35.95,36,36.06776754
2158,35.97,36.25,36.10421403
2159,35.98,36.25,36.13337123
2160,36,36,36.10669698
2161,36.02,35.75,36.03535759
2162,36.03,36,36.02828607
2163,36.05,35.25,35.87262885
2164,36.07,36,35.89810308
2165,36.08,36,35.91848247
2166,36.1,36.25,35.98478597
2167,36.12,36,35.98782878
2168,36.13,36,35.99026302
2169,36.15,36,35.99221042
2170,36.17,36.25,36.04376833
2171,36.18,35.5,35.93501467
2172,36.2,36,35.94801173
2173,36.22,35.25,35.80840939
2174,36.23,36,35.84672751
2175,36.25,36,35.87738201
2176,36.27,35.75,35.85190561
2177,36.28,35.5,35.78152449
2178,36.3,36,35.82521959
2179,36.32,36.25,35.91017567
2180,36.33,35.75,35.87814054
2181,36.35,36,35.90251243
2182,36.37,36,35.92200994
2183,36.38,35.75,35.88760795
2184,36.4,35.75,35.86008636
2185,36.42,35,35.68806909
2186,36.43,35.75,35.70045527
2187,36.45,36,35.76036422
2188,36.47,36,35.80829137
2189,36.48,36,35.8466331
2190,36.5,36,35.87730648
2191,36.52,35.5,35.80184518
2192,36.53,35.5,35.74147615
2193,36.55,35.75,35.74318092
2194,36.57,36,35.79454473
2195,36.58,35.5,35.73563579
2196,36.6,35.75,35.73850863
2197,36.62,35.25,35.6408069
2198,36.63,35.75,35.66264552
2199,36.65,35.5,35.63011642
2200,36.67,35.75,35.65409313
2201,36.68,35.5,35.62327451
2202,36.7,35.75,35.64861961
2203,36.72,35.75,35.66889569
2204,36.73,35.25,35.58511655
2205,36.75,35.75,35.61809324
2206,36.77,35.25,35.54447459
2207,36.78,35.75,35.58557967
2208,36.8,35.75,35.61846374
2209,36.82,35.5,35.59477099
2210,36.83,35.5,35.57581679
2211,36.85,35.75,35.61065343
2212,36.87,35.75,35.63852275
2213,36.88,35.75,35.6608182
2214,36.9,35.5,35.62865456
2215,36.92,35.75,35.65292365
2216,36.93,35.5,35.62233892
2217,36.95,35.75,35.64787113
2218,36.97,35.5,35.61829691
2219,36.98,35.75,35.64463753
2220,37,35.75,35.66571002
2221,37.02,35.5,35.63256802
2222,37.03,35.25,35.55605441
2223,37.05,35.5,35.54484353
2224,37.07,34.75,35.38587482
2225,37.08,34.75,35.25869986
2226,37.1,35.25,35.25695989
2227,37.12,35.25,35.25556791
2228,37.13,35.25,35.25445433
2229,37.15,35.25,35.25356346
2230,37.17,35.5,35.30285077
2231,37.18,35.5,35.34228062
2232,37.2,35.5,35.37382449
2233,37.22,35,35.29905959
2234,37.23,35.5,35.33924768
2235,37.25,35.25,35.32139814
2236,37.27,35.5,35.35711851
2237,37.28,34.5,35.18569481
2238,37.3,35.5,35.24855585
2239,37.32,35,35.19884468
2240,37.33,35.5,35.25907574
2241,37.35,35.5,35.30726059
2242,37.37,35.5,35.34580848
2243,37.38,35.5,35.37664678
2244,37.4,35.5,35.40131742
2245,37.42,35,35.32105394
2246,37.43,35.25,35.30684315
2247,37.45,35.5,35.34547452
2248,37.47,35.75,35.42637962
2249,37.48,35.5,35.44110369
2250,37.5,35,35.35288295
2251,37.52,35.5,35.38230636
2252,37.53,34.75,35.25584509
2253,37.55,35.5,35.30467607
2254,37.57,35,35.24374086
2255,37.58,35.25,35.24499269
2256,37.6,34.75,35.14599415
2257,37.62,35.5,35.21679532
2258,37.63,35.5,35.27343626
2259,37.65,34.75,35.168749
2260,37.67,35,35.1349992
2261,37.68,35.25,35.15799936
2262,37.7,35.5,35.22639949
2263,37.72,35,35.18111959
2264,37.73,34.75,35.09489567
2265,37.75,35,35.07591654
2266,37.77,35.5,35.16073323
2267,37.78,35.5,35.22858658
2268,37.8,35.25,35.23286927
2269,37.82,35.25,35.23629541
2270,37.83,35.25,35.23903633
2271,37.85,35,35.19122907
2272,37.87,35.25,35.20298325
2273,37.88,35.25,35.2123866
2274,37.9,35.25,35.21990928
2275,37.92,34.5,35.07592743
2276,37.93,35,35.06074194
2277,37.95,35,35.04859355
2278,37.97,34.25,34.88887484
2279,37.98,35,34.91109987
2280,38,35,34.9288799
2281,38.02,35,34.94310392
2282,38.03,34.5,34.85448314
2283,38.05,35.25,34.93358651
2284,38.07,35,34.94686921
2285,38.08,34.5,34.85749537
2286,38.1,35,34.88599629
2287,38.12,34.75,34.85879703
2288,38.13,34.5,34.78703763
2289,38.15,34.75,34.7796301
2290,38.17,34.75,34.77370408
2291,38.18,35,34.81896327
2292,38.2,34.25,34.70517061
2293,38.22,35,34.76413649
2294,38.23,35,34.81130919
2295,38.25,34,34.64904735
2296,38.27,35,34.71923788
2297,38.28,34.75,34.72539031
2298,38.3,34.75,34.73031224
2299,38.32,34.75,34.7342498
2300,38.33,34.75,34.73739984
2301,38.35,34.75,34.73991987
2302,38.37,34.25,34.6419359
2303,38.38,34.75,34.66354872
2304,38.4,34.25,34.58083897
2305,38.42,34.75,34.61467118
2306,38.43,34.25,34.54173694
2307,38.45,34.5,34.53338955
2308,38.47,34.75,34.57671164
2309,38.48,34.75,34.61136931
2310,38.5,34.25,34.53909545
2311,38.52,34.5,34.53127636
2312,38.53,34.75,34.57502109
2313,38.55,34.5,34.56001687
2314,38.57,34,34.4480135
2315,38.58,34.5,34.4584108
2316,38.6,34,34.36672864
2317,38.62,34.75,34.44338291
2318,38.63,34.75,34.50470633
2319,38.65,33.75,34.35376506
2320,38.67,34.5,34.38301205
2321,38.68,34.5,34.40640964
2322,38.7,34.25,34.37512771
2323,38.72,34.25,34.35010217
2324,38.73,34.25,34.33008174
2325,38.75,34.5,34.36406539
2326,38.77,34,34.29125231
2327,38.78,34.5,34.33300185
2328,38.8,34,34.26640148
2329,38.82,34.25,34.26312118
2330,38.83,34.25,34.26049695
2331,38.85,34.25,34.25839756
2332,38.87,34.5,34.30671805
2333,38.88,34.5,34.34537444
2334,38.9,34.25,34.32629955
2335,38.92,34.25,34.31103964
2336,38.93,34.25,34.29883171
2337,38.95,34.25,34.28906537
2338,38.97,34.5,34.3312523
2339,38.98,33.75,34.21500184
2340,39,34,34.17200147
2341,39.02,34,34.13760118
2342,39.03,34.25,34.16008094
2343,39.05,34.5,34.22806475
2344,39.07,34.25,34.2324518
2345,39.08,34.5,34.28596144
2346,39.1,34.25,34.27876915
2347,39.12,34,34.22301532
2348,39.13,34,34.17841226
2349,39.15,33.5,34.04272981
2350,39.17,34.5,34.13418385
2351,39.18,34.5,34.20734708
2352,39.2,34,34.16587766
2353,39.22,34,34.13270213
2354,39.23,34,34.1061617
2355,39.25,34.25,34.13492936
2356,39.27,34,34.10794349
2357,39.28,34.5,34.18635479
2358,39.3,34.5,34.24908383
2359,39.32,34.25,34.24926707
2360,39.33,33.75,34.14941365
2361,39.35,34.25,34.16953092
2362,39.37,34.5,34.23562474
2363,39.38,34.5,34.28849979
2364,39.4,34.25,34.28079983
2365,39.42,33.75,34.17463987
2366,39.43,34.75,34.28971189
2367,39.45,34.25,34.28176951
2368,39.47,34,34.22541561
2369,39.48,33.75,34.13033249
2370,39.5,34,34.10426599
2371,39.52,34,34.08341279
2372,39.53,34.25,34.11673023
2373,39.55,33.75,34.04338419
2374,39.57,34.25,34.08470735
2375,39.58,33.75,34.01776588
2376,39.6,34.25,34.0642127
2377,39.62,34.25,34.10137016
2378,39.63,34,34.08109613
2379,39.65,34,34.0648769
2380,39.67,34.25,34.10190152
2381,39.68,34,34.08152122
2382,39.7,33.75,34.01521698
2383,39.72,34.25,34.06217358
2384,39.73,34,34.04973886
2385,39.75,34,34.03979109
2386,39.77,34,34.03183287
2387,39.78,33.75,33.9754663
2388,39.8,34.25,34.03037304
2389,39.82,33.75,33.97429843
2390,39.83,33.75,33.92943874
2391,39.85,34,33.943551
2392,39.87,34,33.9548408
2393,39.88,34.25,34.01387264
2394,39.9,34,34.01109811
2395,39.92,34.25,34.05887849
2396,39.93,33.75,33.99710279
2397,39.95,34,33.99768223
2398,39.97,34,33.99814579
2399,39.98,34,33.99851663
2400,40,34,33.9988133
2401,40.02,34,33.99905064
2402,40.03,34.25,34.04924051
2403,40.05,33.5,33.93939241
2404,40.07,34,33.95151393
2405,40.08,34.25,34.01121114
2406,40.1,33.5,33.90896891
2407,40.12,34.25,33.97717513
2408,40.13,33.75,33.93174011
2409,40.15,34.25,33.99539208
2410,40.17,34,33.99631367
2411,40.18,34.25,34.04705093
2412,40.2,34.25,34.08764075
2413,40.22,33.25,33.9201126
2414,40.23,34.25,33.98609008
2415,40.25,34.25,34.03887206
2416,40.27,34,34.03109765
2417,40.28,33.75,33.97487812
2418,40.3,34,33.9799025
2419,40.32,33.75,33.933922
2420,40.33,34,33.9471376
2421,40.35,33.5,33.85771008
2422,40.37,34,33.88616806
2423,40.38,34,33.90893445
2424,40.4,34.25,33.97714756
2425,40.42,34,33.98171805
2426,40.43,33.75,33.93537444
2427,40.45,34.25,33.99829955
2428,40.47,33.75,33.94863964
2429,40.48,34.25,34.00891171
2430,40.5,33.5,33.90712937
2431,40.52,33.75,33.8757035
2432,40.53,33.25,33.7505628
2433,40.55,33,33.60045024
2434,40.57,33.75,33.63036019
2435,40.58,33.75,33.65428815
2436,40.6,33.25,33.57343052
2437,40.62,33.25,33.50874442
2438,40.63,33.5,33.50699553
2439,40.65,33.75,33.55559643
2440,40.67,33.5,33.54447714
2441,40.68,33.5,33.53558171
2442,40.7,33.5,33.52846537
2443,40.72,33.75,33.5727723
2444,40.73,32.75,33.40821784
2445,40.75,33.5,33.42657427
2446,40.77,33,33.34125942
2447,40.78,32.75,33.22300753
2448,40.8,33.5,33.27840603
2449,40.82,33.75,33.37272482
2450,40.83,33.25,33.34817986
2451,40.85,33.25,33.32854389
2452,40.87,33.25,33.31283511
2453,40.88,33.5,33.35026809
2454,40.9,33.25,33.33021447
2455,40.92,33.25,33.31417158
2456,40.93,33.25,33.30133726
2457,40.95,33.5,33.34106981
2458,40.97,32.5,33.17285585
2459,40.98,33.5,33.23828468
2460,41,33.25,33.24062774
2461,41.02,33.5,33.29250219
2462,41.03,33.25,33.28400175
2463,41.05,32.75,33.1772014
2464,41.07,32.75,33.09176112
2465,41.08,33.25,33.1234089
2466,41.1,33.25,33.14872712
2467,41.12,32.75,33.0689817
2468,41.13,33,33.05518536
2469,41.15,33.25,33.09414828
2470,41.17,33.25,33.12531863
2471,41.18,33,33.1002549
2472,41.2,33.25,33.13020392
2473,41.22,33,33.10416314
2474,41.23,32.75,33.03333051
2475,41.25,32.5,32.92666441
2476,41.27,33.25,32.99133153
2477,41.28,32.75,32.94306522
2478,41.3,33.25,33.00445218
2479,41.32,32.75,32.95356174
2480,41.33,33,32.96284939
2481,41.35,32.75,32.92027951
2482,41.37,32.5,32.83622361
2483,41.38,32.5,32.76897889
2484,41.4,32.75,32.76518311
2485,41.42,32.75,32.76214649
2486,41.43,32.75,32.75971719
2487,41.45,33,32.80777375
2488,41.47,32.75,32.796219
2489,41.48,32.5,32.7369752
2490,41.5,33.25,32.83958016
2491,41.52,32.5,32.77166413
2492,41.53,33,32.8173313
2493,41.55,33,32.85386504
2494,41.57,32.25,32.73309203
2495,41.58,32.75,32.73647363
2496,41.6,32.5,32.6891789
2497,41.62,32.75,32.70134312
2498,41.63,32.75,32.7110745
2499,41.65,32.5,32.6688596
2500,41.67,32.75,32.68508768
2501,41.68,32.75,32.69807014
2502,41.7,32.75,32.70845611
2503,41.72,32.75,32.71676489
2504,41.73,32.75,32.72341191
2505,41.75,32.75,32.72872953
2506,41.77,33.25,32.83298362
2507,41.78,33.25,32.9163869
2508,41.8,32.75,32.88310952
2509,41.82,32.75,32.85648762
2510,41.83,32.75,32.83519009
2511,41.85,33,32.86815207
2512,41.87,32.75,32.84452166
2513,41.88,32.75,32.82561733
2514,41.9,33,32.86049386
2515,41.92,32.75,32.83839509
2516,41.93,33,32.87071607
2517,41.95,32.75,32.84657286
2518,41.97,32.5,32.77725829
2519,41.98,33,32.82180663
2520,42,32.75,32.8074453
2521,42.02,32.5,32.74595624
2522,42.03,32.5,32.69676499
2523,42.05,32.75,32.707412
2524,42.07,32.75,32.7159296
2525,42.08,32.75,32.72274368
2526,42.1,32.5,32.67819494
2527,42.12,32.5,32.64255595
2528,42.13,33,32.71404476
2529,42.15,32.75,32.72123581
2530,42.17,32.75,32.72698865
2531,42.18,32.75,32.73159092
2532,42.2,33,32.78527273
2533,42.22,32.5,32.72821819
2534,42.23,32.75,32.73257455
2535,42.25,32.5,32.68605964
2536,42.27,32.25,32.59884771
2537,42.28,32.75,32.62907817
2538,42.3,32.5,32.60326254
2539,42.32,32.5,32.58261003
2540,42.33,33,32.66608802
2541,42.35,32.25,32.58287042
2542,42.37,32.5,32.56629633
2543,42.38,32.25,32.50303707
2544,42.4,32.5,32.50242965
2545,42.42,32.5,32.50194372
2546,42.43,32.5,32.50155498
2547,42.45,32.25,32.45124398
2548,42.47,32.25,32.41099519
2549,42.48,32.25,32.37879615
2550,42.5,32.5,32.40303692
2551,42.52,32.5,32.42242954
2552,42.53,32.25,32.38794363
2553,42.55,32.25,32.3603549
2554,42.57,32.75,32.43828392
2555,42.58,32.75,32.50062714
2556,42.6,32.5,32.50050171
2557,42.62,32.5,32.50040137
2558,42.63,32.75,32.55032109
2559,42.65,32.5,32.54025688
2560,42.67,32,32.4322055
2561,42.68,32.25,32.3957644
2562,42.7,32.25,32.36661152
2563,42.72,31.75,32.24328922
2564,42.73,32.25,32.24463137
2565,42.75,32.5,32.2957051
2566,42.77,32,32.23656408
2567,42.78,32,32.18925126
2568,42.8,32.5,32.25140101
2569,42.82,32,32.20112081
2570,42.83,32,32.16089665
2571,42.85,32.25,32.17871732
2572,42.87,32.5,32.24297385
2573,42.88,32.25,32.24437908
2574,42.9,32.5,32.29550327
2575,42.92,32.5,32.33640261
2576,42.93,32.25,32.31912209
2577,42.95,32.5,32.35529767
2578,42.97,32.5,32.38423814
2579,42.98,32.25,32.35739051
2580,43,32.5,32.38591241
2581,43.02,32.5,32.40872993
2582,43.03,32,32.32698394
2583,43.05,32,32.26158715
2584,43.07,32.25,32.25926972
2585,43.08,32.25,32.25741578
2586,43.1,32.5,32.30593262
2587,43.12,32.5,32.3447461
2588,43.13,32.25,32.32579688
2589,43.15,32.25,32.3106375
2590,43.17,32.25,32.29851
2591,43.18,32,32.238808
2592,43.2,32.25,32.2410464
2593,43.22,32,32.19283712
2594,43.23,32.5,32.2542697
2595,43.25,32.5,32.30341576
2596,43.27,32.25,32.29273261
2597,43.28,31.25,32.08418608
2598,43.3,32.5,32.16734887
2599,43.32,31.75,32.08387909
2600,43.33,31.5,31.96710328
2601,43.35,32.5,32.07368262
2602,43.37,32,32.0589461
2603,43.38,32.25,32.09715688
2604,43.4,31.75,32.0277255
2605,43.42,32,32.0221804
2606,43.43,32.25,32.06774432
2607,43.45,31.75,32.00419546
2608,43.47,32.25,32.05335637
2609,43.48,32.75,32.19268509
2610,43.5,32.25,32.20414807
2611,43.52,32.25,32.21331846
2612,43.53,32.25,32.22065477
2613,43.55,31.75,32.12652381
2614,43.57,32,32.10121905
2615,43.58,32,32.08097524
2616,43.6,32,32.06478019
2617,43.62,32,32.05182415
2618,43.63,32.5,32.14145932
2619,43.65,31.75,32.06316746
2620,43.67,32.25,32.10053397
2621,43.68,32,32.08042717
2622,43.7,31.5,31.96434174
2623,43.72,32.25,32.02147339
2624,43.73,32.25,32.06717871
2625,43.75,31.5,31.95374297
2626,43.77,31.5,31.86299438
2627,43.78,32.25,31.9403955
2628,43.8,32,31.9523164
2629,43.82,32,31.96185312
2630,43.83,32.25,32.0194825
2631,43.85,31.75,31.965586
2632,43.87,32,31.9724688
2633,43.88,32,31.97797504
2634,43.9,31.75,31.93238003
2635,43.92,32.25,31.99590402
2636,43.93,31.75,31.94672322
2637,43.95,32,31.95737858
2638,43.97,31.75,31.91590286
2639,43.98,32,31.93272229
2640,44,32,31.94617783
2641,44.02,31.5,31.85694226
2642,44.03,31.75,31.83555381
2643,44.05,31.75,31.81844305
2644,44.07,31.75,31.80475444
2645,44.08,31.75,31.79380355
2646,44.1,31.75,31.78504284
2647,44.12,31.75,31.77803427
2648,44.13,31.75,31.77242742
2649,44.15,32,31.81794193
2650,44.17,31.75,31.80435355
2651,44.18,32,31.84348284
2652,44.2,32,31.87478627
2653,44.22,31.75,31.84982902
2654,44.23,31.75,31.82986321
2655,44.25,32,31.86389057
2656,44.27,31.75,31.84111246
2657,44.28,32,31.87288997
2658,44.3,32,31.89831197
2659,44.32,32,31.91864958
2660,44.33,32,31.93491966
2661,44.35,32,31.94793573
2662,44.37,31.75,31.90834858
2663,44.38,31.75,31.87667887
2664,44.4,32.25,31.95134309
2665,44.42,31.75,31.91107447
2666,44.43,31.75,31.87885958
2667,44.45,32,31.90308766
2668,44.47,31.75,31.87247013
2669,44.48,31.75,31.8479761
2670,44.5,31.25,31.72838088
2671,44.52,31.5,31.68270471
2672,44.53,31.75,31.69616377
2673,44.55,32.25,31.80693101
2674,44.57,32.25,31.89554481
2675,44.58,31.75,31.86643585
2676,44.6,31.75,31.84314868
2677,44.62,32,31.87451894
2678,44.63,31.5,31.79961515
2679,44.65,32,31.83969212
2680,44.67,31.5,31.7717537
2681,44.68,32.25,31.86740296
2682,44.7,31.75,31.84392237
2683,44.72,32,31.87513789
2684,44.73,31.75,31.85011031
2685,44.75,31.5,31.78008825
2686,44.77,31.75,31.7740706
2687,44.78,31.5,31.71925648
2688,44.8,31.5,31.67540519
2689,44.82,31.75,31.69032415
2690,44.83,31.75,31.70225932
2691,44.85,32,31.76180745
2692,44.87,31.75,31.75944596
2693,44.88,32,31.80755677
2694,44.9,31.75,31.79604542
2695,44.92,32,31.83683633
2696,44.93,31.75,31.81946907
2697,44.95,31.75,31.80557525
2698,44.97,31.75,31.7944602
2699,44.98,31.25,31.68556816
2700,45,32,31.74845453
2701,45.02,31.75,31.74876362
2702,45.03,31.5,31.6990109
2703,45.05,31.25,31.60920872
2704,45.07,32,31.68736698
2705,45.08,31.5,31.64989358
2706,45.1,31.5,31.61991486
2707,45.12,31.5,31.59593189
2708,45.13,32,31.67674551
2709,45.15,31.25,31.59139641
2710,45.17,31.75,31.62311713
2711,45.18,31.75,31.6484937
2712,45.2,31.75,31.66879496
2713,45.22,31.75,31.68503597
2714,45.23,31.5,31.64802878
2715,45.25,31.5,31.61842302
2716,45.27,31.75,31.64473842
2717,45.28,31.5,31.61579073
2718,45.3,31.5,31.59263259
2719,45.32,31.75,31.62410607
2720,45.33,31.75,31.64928486
2721,45.35,31.5,31.61942788
2722,45.37,31.75,31.64554231
2723,45.38,31.75,31.66643385
2724,45.4,31.25,31.58314708
2725,45.42,31,31.46651766
2726,45.43,31.75,31.52321413
2727,45.45,31.5,31.5185713
2728,45.47,31.5,31.51485704
2729,45.48,31.25,31.46188563
2730,45.5,31.5,31.46950851
2731,45.52,31.75,31.52560681
2732,45.53,31,31.42048544
2733,45.55,31.5,31.43638836
2734,45.57,31.5,31.44911068
2735,45.58,30.75,31.30928855
2736,45.6,31.5,31.34743084
2737,45.62,31.75,31.42794467
2738,45.63,31.75,31.49235574
2739,45.65,31.5,31.49388459
2740,45.67,31.5,31.49510767
2741,45.68,31.5,31.49608614
2742,45.7,31,31.39686891
2743,45.72,31.5,31.41749513
2744,45.73,31.5,31.4339961
2745,45.75,31,31.34719688
2746,45.77,31.5,31.37775751
2747,45.78,31.5,31.402206
2748,45.8,31.25,31.3717648
2749,45.82,31.5,31.39741184
2750,45.83,31.75,31.46792947
2751,45.85,31,31.37434358
2752,45.87,31.75,31.44947486
2753,45.88,31.75,31.50957989
2754,45.9,31.25,31.45766391
2755,45.92,30.75,31.31613113
2756,45.93,31.25,31.3029049
2757,45.95,31,31.24232392
2758,45.97,31.5,31.29385914
2759,45.98,31.25,31.28508731
2760,46,31.25,31.27806985
2761,46.02,31,31.22245588
2762,46.03,31,31.1779647
2763,46.05,31.25,31.19237176
2764,46.07,31,31.15389741
2765,46.08,31.25,31.17311793
2766,46.1,31.25,31.18849434
2767,46.12,31.25,31.20079547
2768,46.13,30.75,31.11063638
2769,46.15,31.25,31.1385091
2770,46.17,30.75,31.06080728
2771,46.18,31.25,31.09864583
2772,46.2,31.25,31.12891666
2773,46.22,31,31.10313333
2774,46.23,31.25,31.13250666
2775,46.25,30.5,31.00600533
2776,46.27,31,31.00480426
2777,46.28,31,31.00384341
2778,46.3,30.75,30.95307473
2779,46.32,31.25,31.01245978
2780,46.33,30.75,30.95996783
2781,46.35,30.75,30.91797426
2782,46.37,31.25,30.98437941
2783,46.38,30.75,30.93750353
2784,46.4,31,30.95000282
2785,46.42,30.75,30.91000226
2786,46.43,31.25,30.97800181
2787,46.45,30.25,30.83240144
2788,46.47,30.5,30.76592116
2789,46.48,31,30.81273692
2790,46.5,30.75,30.80018954
2791,46.52,31,30.84015163
2792,46.53,31,30.87212131
2793,46.55,31,30.89769704
2794,46.57,31,30.91815764
2795,46.58,31,30.93452611
2796,46.6,30.75,30.89762089
2797,46.62,31,30.91809671
2798,46.63,30.75,30.88447737
2799,46.65,30.5,30.80758189
2800,46.67,31,30.84606552
2801,46.68,31.25,30.92685241
2802,46.7,31,30.94148193
2803,46.72,30.75,30.90318554
2804,46.73,31,30.92254844
2805,46.75,30.5,30.83803875
2806,46.77,31,30.870431
2807,46.78,31,30.8963448
2808,46.8,31,30.91707584
2809,46.82,31,30.93366067
2810,46.83,31,30.94692854
2811,46.85,30.75,30.90754283
2812,46.87,30.5,30.82603426
2813,46.88,31,30.86082741
2814,46.9,31,30.88866193
2815,46.92,30.5,30.81092954
2816,46.93,31,30.84874363
2817,46.95,30.75,30.82899491
2818,46.97,30.5,30.76319593
2819,46.98,30.75,30.76055674
2820,47,30.75,30.75844539
2821,47.02,30.75,30.75675631
2822,47.03,31,30.80540505
2823,47.05,30.75,30.79432404
2824,47.07,31,30.83545923
2825,47.08,30.5,30.76836739
2826,47.1,31,30.81469391
2827,47.12,30.5,30.75175513
2828,47.13,30.75,30.7514041
2829,47.15,30.25,30.65112328
2830,47.17,31,30.72089863
2831,47.18,30.75,30.7267189
2832,47.2,31,30.78137512
2833,47.22,30.5,30.7251001
2834,47.23,30.75,30.73008008
2835,47.25,31,30.78406406
2836,47.27,30.5,30.72725125
2837,47.28,30.75,30.731801
2838,47.3,31,30.7854408
2839,47.32,30.75,30.77835264
2840,47.33,30.5,30.72268211
2841,47.35,30.75,30.72814569
2842,47.37,30.5,30.68251655
2843,47.38,30.5,30.64601324
2844,47.4,30.25,30.56681059
2845,47.42,30.75,30.60344847
2846,47.43,30.25,30.53275878
2847,47.45,30.25,30.47620702
2848,47.47,31,30.58096562
2849,47.48,30.5,30.5647725
2850,47.5,29.75,30.401818
2851,47.52,30.25,30.3714544
2852,47.53,30.75,30.44716352
2853,47.55,30.75,30.50773081
2854,47.57,30.75,30.55618465
2855,47.58,30.5,30.54494772
2856,47.6,30.25,30.48595818
2857,47.62,30.75,30.53876654
2858,47.63,31,30.63101323
2859,47.65,30.5,30.60481059
2860,47.67,30.5,30.58384847
2861,47.68,31,30.66707878
2862,47.7,30.75,30.68366302
2863,47.72,30.25,30.59693042
2864,47.73,30.75,30.62754433
2865,47.75,30.25,30.55203547
2866,47.77,31,30.64162837
2867,47.78,30.25,30.5633027
2868,47.8,30.25,30.50064216
2869,47.82,30.25,30.45051373
2870,47.83,30.25,30.41041098
2871,47.85,30.75,30.47832879
2872,47.87,30.5,30.48266303
2873,47.88,30.5,30.48613042
2874,47.9,30.5,30.48890434
2875,47.92,30.25,30.44112347
2876,47.93,30.5,30.45289878
2877,47.95,30.5,30.46231902
2878,47.97,30.75,30.51985522
2879,47.98,30.25,30.46588417
2880,48,30.5,30.47270734
2881,48.02,30.75,30.52816587
2882,48.03,30.25,30.4725327
2883,48.05,30.5,30.47802616
2884,48.07,30.25,30.43242093
2885,48.08,30.25,30.39593674
2886,48.1,29.75,30.26674939
2887,48.12,30,30.21339951
2888,48.13,30,30.17071961
2889,48.15,30.25,30.18657569
2890,48.17,30.25,30.19926055
2891,48.18,30.5,30.25940844
2892,48.2,30.5,30.30752675
2893,48.22,30.5,30.3460214
2894,48.23,30.5,30.37681712
2895,48.25,30,30.3014537
2896,48.27,30.25,30.29116296
2897,48.28,30.5,30.33293037
2898,48.3,30.5,30.36634429
2899,48.32,30.5,30.39307543
2900,48.33,29.75,30.26446035
2901,48.35,29.5,30.11156828
2902,48.37,30,30.08925462
2903,48.38,30.5,30.1714037
2904,48.4,30,30.13712296
2905,48.42,30.5,30.20969837
2906,48.43,30.5,30.26775869
2907,48.45,30.5,30.31420695
2908,48.47,30.75,30.40136556
2909,48.48,30,30.32109245
2910,48.5,30.5,30.35687396
2911,48.52,30.25,30.33549917
2912,48.53,30.5,30.36839933
2913,48.55,30.25,30.34471947
2914,48.57,30.5,30.37577557
2915,48.58,30.25,30.35062046
2916,48.6,30.5,30.38049637
2917,48.62,30.25,30.35439709
2918,48.63,29.25,30.13351768
2919,48.65,29.75,30.05681414
2920,48.67,30.25,30.09545131
2921,48.68,29.75,30.02636105
2922,48.7,30,30.02108884
2923,48.72,29.75,29.96687107
2924,48.73,30,29.97349686
2925,48.75,30.25,30.02879749
2926,48.77,30,30.02303799
2927,48.78,29.75,29.96843039
2928,48.8,29.75,29.92474431
2929,48.82,30,29.93979545
2930,48.83,29.75,29.90183636
2931,48.85,29.75,29.87146909
2932,48.87,29.75,29.84717527
2933,48.88,29.5,29.77774022
2934,48.9,30,29.82219217
2935,48.92,29.75,29.80775374
2936,48.93,30,29.84620299
2937,48.95,30,29.87696239
2938,48.97,29.5,29.80156991
2939,48.98,30,29.84125593
2940,49,30,29.87300475
2941,49.02,30.25,29.9484038
2942,49.03,30.25,30.00872304
2943,49.05,30,30.00697843
2944,49.07,30,30.00558274
2945,49.08,29.75,29.95446619
2946,49.1,29.5,29.86357296
2947,49.12,29.5,29.79085836
2948,49.13,29.75,29.78268669
2949,49.15,30,29.82614935
2950,49.17,29.5,29.76091948
2951,49.18,29.75,29.75873559
2952,49.2,30,29.80698847
2953,49.22,29.75,29.79559078
2954,49.23,29.5,29.73647262
2955,49.25,30,29.7891781
2956,49.27,29.75,29.78134248
2957,49.28,30,29.82507398
2958,49.3,29.75,29.81005919
2959,49.32,29.75,29.79804735
2960,49.33,30,29.83843788
2961,49.35,29.75,29.8207503
2962,49.37,29.75,29.80660024
2963,49.38,30,29.84528019
2964,49.4,29.75,29.82622416
2965,49.42,30,29.86097932
2966,49.43,29.75,29.83878346
2967,49.45,30,29.87102677
2968,49.47,30,29.89682141
2969,49.48,29.5,29.81745713
2970,49.5,29.75,29.8039657
2971,49.52,29.5,29.74317256
2972,49.53,30,29.79453805
2973,49.55,29.5,29.73563044
2974,49.57,30,29.78850435
2975,49.58,30,29.83080348
2976,49.6,30,29.86464279
2977,49.62,29.5,29.79171423
2978,49.63,29.5,29.73337138
2979,49.65,29.75,29.73669711
2980,49.67,29.5,29.68935769
2981,49.68,29.5,29.65148615
2982,49.7,29.5,29.62118892
2983,49.72,29.5,29.59695113
2984,49.73,29.75,29.62756091
2985,49.75,29.5,29.60204873
2986,49.77,29.75,29.63163898
2987,49.78,29.25,29.55531118
2988,49.8,29.75,29.59424895
2989,49.82,29.75,29.62539916
2990,49.83,29.25,29.55031933
2991,49.85,29.75,29.59025546
2992,49.87,29.25,29.52220437
2993,49.88,29.5,29.5177635
2994,49.9,29.75,29.5642108
2995,49.92,29.75,29.60136864
2996,49.93,29.25,29.53109491
2997,49.95,29.75,29.57487593
2998,49.97,29.25,29.50990074
2999,49.98,29.75,29.55792059
3000,50,29.5,29.54633647
3001,50.02,29.5,29.53706918
3002,50.03,29.25,29.47965534
3003,50.05,29.5,29.48372428
3004,50.07,29.5,29.48697942
3005,50.08,29.5,29.48958354
3006,50.1,29,29.39166683
3007,50.12,29.25,29.36333346
3008,50.13,29.25,29.34066677
3009,50.15,29.25,29.32253342
3010,50.17,29,29.25802673
3011,50.18,29.5,29.30642139
3012,50.2,28.5,29.14513711
3013,50.22,29.5,29.21610969
3014,50.23,29.75,29.32288775
3015,50.25,29.5,29.3583102
3016,50.27,29.5,29.38664816
3017,50.28,29.5,29.40931853
3018,50.3,29.5,29.42745482
3019,50.32,29.75,29.49196386
3020,50.33,28.75,29.34357109
3021,50.35,29.5,29.37485687
3022,50.37,29.25,29.3498855
3023,50.38,29.5,29.3799084
3024,50.4,29.5,29.40392672
3025,50.42,29.5,29.42314137
3026,50.43,29.5,29.4385131
3027,50.45,29.75,29.50081048
3028,50.47,29.25,29.45064838
3029,50.48,28.5,29.26051871
3030,50.5,29.5,29.30841497
3031,50.52,29.5,29.34673197
3032,50.53,29.25,29.32738558
3033,50.55,29.5,29.36190846
3034,50.57,29.25,29.33952677
3035,50.58,29.5,29.37162142
3036,50.6,29.25,29.34729713
3037,50.62,29.25,29.32783771
3038,50.63,28.5,29.16227016
3039,50.65,29.75,29.27981613
3040,50.67,29.5,29.32385291
3041,50.68,29.25,29.30908232
3042,50.7,29.5,29.34726586
3043,50.72,29.5,29.37781269
3044,50.73,29.5,29.40225015
3045,50.75,29.5,29.42180012
3046,50.77,29.5,29.4374401
3047,50.78,29.25,29.39995208
3048,50.8,29,29.31996166
3049,50.82,29.5,29.35596933
3050,50.83,29,29.28477546
3051,50.85,29.5,29.32782037
3052,50.87,29.5,29.3622563
3053,50.88,29.5,29.38980504
3054,50.9,29,29.31184403
3055,50.92,29.25,29.29947522
3056,50.93,29.5,29.33958018
3057,50.95,28.75,29.22166414
3058,50.97,29,29.17733131
3059,50.98,29.5,29.24186505
3060,51,29.5,29.29349204
3061,51.02,29,29.23479363
3062,51.03,29.5,29.28783491
3063,51.05,29.25,29.28026793
3064,51.07,29.5,29.32421434
3065,51.08,29.25,29.30937147
3066,51.1,29.5,29.34749718
3067,51.12,29,29.27799774
3068,51.13,29.5,29.32239819
3069,51.15,29.5,29.35791855
3070,51.17,29.25,29.33633484
3071,51.18,29.25,29.31906788
3072,51.2,29.25,29.3052543
3073,51.22,29.25,29.29420344
3074,51.23,29.25,29.28536275
3075,51.25,29,29.2282902
3076,51.27,29,29.18263216
3077,51.28,29.5,29.24610573
3078,51.3,29.25,29.24688458
3079,51.32,29,29.19750767
3080,51.33,29,29.15800613
3081,51.35,28.75,29.07640491
3082,51.37,29,29.06112393
3083,51.38,28.75,28.99889914
3084,51.4,29.75,29.14911931
3085,51.42,28.75,29.06929545
3086,51.43,29.25,29.10543636
3087,51.45,29,29.08434909
3088,51.47,29.25,29.11747927
3089,51.48,29.5,29.19398342
3090,51.5,29,29.15518673
3091,51.52,29,29.12414939
3092,51.53,29.25,29.14931951
3093,51.55,29.25,29.16945561
3094,51.57,29,29.13556449
3095,51.58,29.5,29.20845159
3096,51.6,29,29.16676127
3097,51.62,29,29.13340902
3098,51.63,29.25,29.15672721
3099,51.65,29,29.12538177
3100,51.67,29.25,29.15030542
3101,51.68,29.5,29.22024433
3102,51.7,28.75,29.12619547
3103,51.72,28.75,29.05095637
3104,51.73,29.25,29.0907651
3105,51.75,29.25,29.12261208
3106,51.77,28.75,29.04808966
3107,51.78,28.75,28.98847173
3108,51.8,28.75,28.94077738
3109,51.82,29,28.95262191
3110,51.83,29.25,29.01209753
3111,51.85,29,29.00967802
3112,51.87,29,29.00774242
3113,51.88,29.25,29.05619393
3114,51.9,29,29.04495515
3115,51.92,29.25,29.08596412
3116,51.93,28.5,28.96877129
3117,51.95,29,28.97501704
3118,51.97,28.75,28.93001363
3119,51.98,29,28.9440109
3120,52,29,28.95520872
3121,52.02,28.75,28.91416698
3122,52.03,29,28.93133358
3123,52.05,28.75,28.89506687
3124,52.07,28.75,28.86605349
3125,52.08,29.25,28.94284279
3126,52.1,28.75,28.90427424
3127,52.12,29,28.92341939
3128,52.13,29.25,28.98873551
3129,52.15,29,28.99098841
3130,52.17,29.5,29.09279073
3131,52.18,29,29.07423258
3132,52.2,28.75,29.00938607
3133,52.22,29,29.00750885
3134,52.23,29,29.00600708
3135,52.25,28.75,28.95480567
3136,52.27,28.75,28.91384453
3137,52.28,28.5,28.83107563
3138,52.3,29,28.8648605
3139,52.32,28.75,28.8418884
3140,52.33,29,28.87351072
3141,52.35,29.25,28.94880858
3142,52.37,28.75,28.90904686
3143,52.38,28.75,28.87723749
3144,52.4,28.5,28.80178999
3145,52.42,28.75,28.79143199
3146,52.43,28.5,28.73314559
3147,52.45,28.5,28.68651648
3148,52.47,29,28.74921318
3149,52.48,28.5,28.69937054
3150,52.5,28.25,28.60949644
3151,52.52,28.75,28.63759715
3152,52.53,28.75,28.66007772
3153,52.55,28.75,28.67806217
3154,52.57,29.25,28.79244974
3155,52.58,29,28.83395979
3156,52.6,29,28.86716783
3157,52.62,28.5,28.79373427
3158,52.63,28.5,28.73498741
3159,52.65,28.75,28.73798993
3160,52.67,28.75,28.74039194
3161,52.68,28.5,28.69231356
3162,52.7,28.75,28.70385084
3163,52.72,28.5,28.66308068
3164,52.73,29,28.73046454
3165,52.75,28.75,28.73437163
3166,52.77,28.25,28.63749731
3167,52.78,28.75,28.65999784
3168,52.8,28.5,28.62799828
3169,52.82,28.5,28.60239862
3170,52.83,28.5,28.5819189
3171,52.85,29,28.66553512
3172,52.87,29,28.73242809
3173,52.88,28.75,28.73594248
3174,52.9,29,28.78875398
3175,52.92,28.75,28.78100318
3176,52.93,28.75,28.77480255
3177,52.95,28.75,28.76984204
3178,52.97,28.75,28.76587363
3179,52.98,28.75,28.7626989
3180,53,28.5,28.71015912
3181,53.02,28.5,28.6681273
3182,53.03,28.75,28.68450184
3183,53.05,28.75,28.69760147
3184,53.07,28.5,28.65808118
3185,53.08,28.75,28.67646494
3186,53.1,28.75,28.69117195
3187,53.12,28.5,28.65293756
3188,53.13,28,28.52235005
3189,53.15,28.75,28.56788004
3190,53.17,28.5,28.55430403
3191,53.18,28.25,28.49344323
3192,53.2,28.5,28.49475458
3193,53.22,28.75,28.54580366
3194,53.23,28.75,28.58664293
3195,53.25,28.75,28.61931435
3196,53.27,28.75,28.64545148
3197,53.28,28.25,28.56636118
3198,53.3,28.5,28.55308894
3199,53.32,29,28.64247116
3200,53.33,28.75,28.66397692
3201,53.35,29,28.73118154
3202,53.37,28.5,28.68494523
3203,53.38,28.5,28.64795619
3204,53.4,28.5,28.61836495
3205,53.42,28.75,28.64469196
3206,53.43,28.5,28.61575357
3207,53.45,28.5,28.59260285
3208,53.47,28.5,28.57408228
3209,53.48,28.25,28.50926583
3210,53.5,28.75,28.55741266
3211,53.52,28.5,28.54593013
3212,53.53,28.75,28.5867441
3213,53.55,28.25,28.51939528
3214,53.57,28.5,28.51551623
3215,53.58,28.5,28.51241298
3216,53.6,28.5,28.50993038
3217,53.62,28.75,28.55794431
3218,53.63,28,28.44635545
3219,53.65,28,28.35708436
3220,53.67,28.75,28.43566749
3221,53.68,28.25,28.39853399
3222,53.7,28.75,28.46882719
3223,53.72,28.5,28.47506175
3224,53.73,28.75,28.5300494
3225,53.75,28.5,28.52403952
3226,53.77,28.75,28.56923162
3227,53.78,28.5,28.55538529
3228,53.8,28.75,28.59430824
3229,53.82,28.5,28.57544659
3230,53.83,28.5,28.56035727
3231,53.85,28,28.44828582
3232,53.87,28.25,28.40862865
3233,53.88,28.25,28.37690292
3234,53.9,28,28.30152234
3235,53.92,28.5,28.34121787
3236,53.93,28.5,28.3729743
3237,53.95,28.75,28.44837944
3238,53.97,28.5,28.45870355
3239,53.98,28.5,28.46696284
3240,54,28.5,28.47357027
3241,54.02,28.5,28.47885622
3242,54.03,28.5,28.48308497
3243,54.05,28.5,28.48646798
3244,54.07,28,28.38917438
3245,54.08,28.25,28.36133951
3246,54.1,28.5,28.38907161
3247,54.12,28.5,28.41125728
3248,54.13,28.5,28.42900583
3249,54.15,28.25,28.39320466
3250,54.17,28.25,28.36456373
3251,54.18,28.5,28.39165098
3252,54.2,28.25,28.36332079
3253,54.22,27.75,28.24065663
3254,54.23,28.5,28.2925253
3255,54.25,28.5,28.33402024
3256,54.27,28,28.26721619
3257,54.28,28.5,28.31377296
3258,54.3,27.5,28.15101836
3259,54.32,28.5,28.22081469
3260,54.33,28.5,28.27665175
3261,54.35,28,28.2213214
3262,54.37,28,28.17705712
3263,54.38,28.5,28.2416457
3264,54.4,27.75,28.14331656
3265,54.42,28.25,28.16465325
3266,54.43,28.5,28.2317226
3267,54.45,28,28.18537808
3268,54.47,27.5,28.04830246
3269,54.48,28,28.03864197
3270,54.5,28.5,28.13091358
3271,54.52,28.5,28.20473086
3272,54.53,28.5,28.26378469
3273,54.55,28.5,28.31102775
3274,54.57,28.5,28.3488222
3275,54.58,28.25,28.32905776
3276,54.6,28.25,28.31324621
3277,54.62,27.75,28.20059697
3278,54.63,28.5,28.26047757
3279,54.65,28.25,28.25838206
3280,54.67,28.5,28.30670565
3281,54.68,28.25,28.29536452
3282,54.7,28.25,28.28629161
3283,54.72,28.5,28.32903329
3284,54.73,28.25,28.31322663
3285,54.75,28.25,28.30058131
3286,54.77,28,28.24046505
3287,54.78,28.25,28.24237204
3288,54.8,27.5,28.09389763
3289,54.82,28.5,28.1751181
3290,54.83,28,28.14009448
3291,54.85,28.5,28.21207559
3292,54.87,28.25,28.21966047
3293,54.88,28.25,28.22572838
3294,54.9,27.75,28.1305827
3295,54.92,28.25,28.15446616
3296,54.93,28.25,28.17357293
3297,54.95,28.25,28.18885834
3298,54.97,28,28.15108667
3299,54.98,28,28.12086934
3300,55,28.25,28.14669547
3301,55.02,28,28.11735638
3302,55.03,28.5,28.1938851
3303,55.05,28.25,28.20510808
3304,55.07,28.5,28.26408647
3305,55.08,28.25,28.26126917
3306,55.1,28.25,28.25901534
3307,55.12,28,28.20721227
3308,55.13,28,28.16576982
3309,55.15,27.75,28.08261585
3310,55.17,28.25,28.11609268
3311,55.18,28,28.09287415
3312,55.2,28.5,28.17429932
3313,55.22,28,28.13943945
3314,55.23,28.25,28.16155156
3315,55.25,28,28.12924125
3316,55.27,28.25,28.153393
3317,55.28,28.25,28.1727144
3318,55.3,28.5,28.23817152
3319,55.32,28.5,28.29053722
3320,55.33,28,28.23242977
3321,55.35,27.75,28.13594382
3322,55.37,28,28.10875505
3323,55.38,28.25,28.13700404
3324,55.4,28.25,28.15960323
3325,55.42,28.25,28.17768259
3326,55.43,28,28.14214607
3327,55.45,28.25,28.16371686
3328,55.47,28.25,28.18097349
3329,55.48,28,28.14477879
3330,55.5,28,28.11582303
3331,55.52,28,28.09265842
3332,55.53,28.75,28.22412674
3333,55.55,27.75,28.12930139
3334,55.57,27.5,28.00344111
3335,55.58,28,28.00275289
3336,55.6,28.25,28.05220231
3337,55.62,28.25,28.09176185
3338,55.63,28,28.07340948
3339,55.65,28,28.05872758
3340,55.67,27.75,27.99698207
3341,55.68,27.75,27.94758565
3342,55.7,28,27.95806852
3343,55.72,28,27.96645482
3344,55.73,27.75,27.92316385
3345,55.75,27.5,27.83853108
3346,55.77,27.75,27.82082487
3347,55.78,28.25,27.90665989
3348,55.8,28,27.92532791
3349,55.82,28.25,27.99026233
3350,55.83,28,27.99220987
3351,55.85,28,27.99376789
3352,55.87,27.5,27.89501431
3353,55.88,28,27.91601145
3354,55.9,28.25,27.98280916
3355,55.92,28,27.98624733
3356,55.93,28,27.98899786
3357,55.95,28,27.99119829
3358,55.97,28,27.99295863
3359,55.98,27.75,27.94436691
3360,56,28,27.95549352
3361,56.02,28.25,28.01439482
3362,56.03,28,28.01151586
3363,56.05,28,28.00921268
3364,56.07,28,28.00737015
3365,56.08,28,28.00589612
3366,56.1,27.75,27.95471689
3367,56.12,27.5,27.86377352
3368,56.13,28.25,27.94101881
3369,56.15,27.5,27.85281505
3370,56.17,27.75,27.83225204
3371,56.18,28,27.86580163
3372,56.2,28,27.89264131
3373,56.22,28,27.91411304
3374,56.23,28.25,27.98129044
3375,56.25,28,27.98503235
3376,56.27,27.75,27.93802588
3377,56.28,27.75,27.9004207
3378,56.3,28,27.92033656
3379,56.32,27.5,27.83626925
3380,56.33,28,27.8690154
3381,56.35,28.25,27.94521232
3382,56.37,28,27.95616986
3383,56.38,27.75,27.91493588
3384,56.4,27.5,27.83194871
3385,56.42,27.5,27.76555897
3386,56.43,28,27.81244717
3387,56.45,28,27.84995774
3388,56.47,28,27.87996619
3389,56.48,27.75,27.85397295
3390,56.5,28,27.88317836
3391,56.52,27.75,27.85654269
3392,56.53,27.75,27.83523415
3393,56.55,27.75,27.81818732
3394,56.57,27.75,27.80454986
3395,56.58,27.75,27.79363989
3396,56.6,27.5,27.73491191
3397,56.62,27.75,27.73792953
3398,56.63,27.5,27.69034362
3399,56.65,27.75,27.7022749
3400,56.67,28,27.76181992
3401,56.68,27.5,27.70945593
3402,56.7,28,27.76756475
3403,56.72,28,27.8140518
3404,56.73,27.5,27.75124144
3405,56.75,27.75,27.75099315
3406,56.77,27.5,27.70079452
3407,56.78,28,27.76063562
3408,56.8,28,27.80850849
3409,56.82,28,27.84680679
3410,56.83,28,27.87744544
3411,56.85,28.25,27.95195635
3412,56.87,27.75,27.91156508
3413,56.88,27.75,27.87925206
3414,56.9,27.75,27.85340165
3415,56.92,27.75,27.83272132
3416,56.93,27.25,27.71617706
3417,56.95,27.75,27.72294165
3418,56.97,27.5,27.67835332
3419,56.98,27.5,27.64268265
3420,57,27.25,27.56414612
3421,57.02,27.5,27.5513169
3422,57.03,27.75,27.59105352
3423,57.05,27.75,27.62284281
3424,57.07,27.75,27.64827425
3425,57.08,27.25,27.5686194
3426,57.1,28,27.65489552
3427,57.12,27.75,27.67391642
3428,57.13,27.25,27.58913313
3429,57.15,27,27.47130651
3430,57.17,27.75,27.52704521
3431,57.18,27.75,27.57163616
3432,57.2,27.5,27.55730893
3433,57.22,28,27.64584715
3434,57.23,27.5,27.61667772
3435,57.25,27.5,27.59334217
3436,57.27,27.75,27.62467374
3437,57.28,28,27.69973899
3438,57.3,27.25,27.60979119
3439,57.32,27.75,27.63783295
3440,57.33,28,27.71026636
3441,57.35,28,27.76821309
3442,57.37,27.5,27.71457047
3443,57.38,27.75,27.72165638
3444,57.4,27.75,27.7273251
3445,57.42,27.75,27.73186008
3446,57.43,28,27.78548807
3447,57.45,28,27.82839045
3448,57.47,27.75,27.81271236
3449,57.48,28,27.85016989
3450,57.5,27.5,27.78013591
3451,57.52,27.75,27.77410873
3452,57.53,27.75,27.76928698
3453,57.55,27.25,27.66542959
3454,57.57,27.5,27.63234367
3455,57.58,27.75,27.65587494
3456,57.6,27.5,27.62469995
3457,57.62,27.75,27.64975996
3458,57.63,27.75,27.66980797
3459,57.65,27.5,27.63584637
3460,57.67,28,27.7086771
3461,57.68,28,27.76694168
3462,57.7,27.5,27.71355334
3463,57.72,27.25,27.62084267
3464,57.73,27.75,27.64667414
3465,57.75,27.75,27.66733931
3466,57.77,27.75,27.68387145
3467,57.78,27.5,27.64709716
3468,57.8,27.25,27.56767773
3469,57.82,27.5,27.55414218
3470,57.83,27.5,27.54331375
3471,57.85,27.5,27.534651
3472,57.87,27.5,27.5277208
3473,57.88,27.5,27.52217664
3474,57.9,27.5,27.51774131
3475,57.92,27.5,27.51419305
3476,57.93,27.5,27.51135444
3477,57.95,27.25,27.45908355
3478,57.97,27.5,27.46726684
3479,57.98,27.5,27.47381347
3480,58,27.5,27.47905078
3481,58.02,27.75,27.53324062
3482,58.03,28,27.6265925
3483,58.05,27.5,27.601274
3484,58.07,27.25,27.5310192
3485,58.08,27.75,27.57481536
3486,58.1,27.25,27.50985229
3487,58.12,27.25,27.45788183
3488,58.13,27.75,27.51630546
3489,58.15,27.75,27.56304437
3490,58.17,27.5,27.5504355
3491,58.18,27.5,27.5403484
3492,58.2,27.25,27.48227872
3493,58.22,27.5,27.48582297
3494,58.23,27.5,27.48865838
3495,58.25,28,27.5909267
3496,58.27,26.75,27.42274136
3497,58.28,27.75,27.48819309
3498,58.3,27.75,27.54055447
3499,58.32,27.75,27.58244358
3500,58.33,27.25,27.51595486
3501,58.35,27.25,27.46276389
3502,58.37,27.5,27.47021111
3503,58.38,27.5,27.47616889
3504,58.4,27.75,27.53093511
3505,58.42,27.75,27.57474809
3506,58.43,27.75,27.60979847
3507,58.45,27.75,27.63783878
3508,58.47,27.25,27.56027102
3509,58.48,27.5,27.54821682
3510,58.5,27.25,27.48857345
3511,58.52,27.25,27.44085876
3512,58.53,27.5,27.45268701
3513,58.55,27.5,27.46214961
3514,58.57,26.75,27.31971969
3515,58.58,26.75,27.20577575
3516,58.6,27.75,27.3146206
3517,58.62,27.25,27.30169648
3518,58.63,27.75,27.39135718
3519,58.65,27,27.31308575
3520,58.67,27.75,27.4004686
3521,58.68,27,27.32037488
3522,58.7,27,27.2562999
3523,58.72,27.25,27.25503992
3524,58.73,27,27.20403194
3525,58.75,27.75,27.31322555
3526,58.77,27,27.25058044
3527,58.78,27.75,27.35046435
3528,58.8,27,27.28037148
3529,58.82,27.5,27.32429719
3530,58.83,27.25,27.30943775
3531,58.85,27.75,27.3975502
3532,58.87,27.5,27.41804016
3533,58.88,27.25,27.38443213
3534,58.9,27.5,27.4075457
3535,58.92,27.5,27.42603656
3536,58.93,27.25,27.39082925
3537,58.95,27.5,27.4126634
3538,58.97,27.5,27.43013072
3539,58.98,27,27.34410458
3540,59,27.75,27.42528366
3541,59.02,26.75,27.29022693
3542,59.03,26.5,27.13218154
3543,59.05,27.5,27.20574523
3544,59.07,27.5,27.26459619
3545,59.08,27.5,27.31167695
3546,59.1,27.25,27.29934156
3547,59.12,27,27.23947325
3548,59.13,27,27.1915786
3549,59.15,27.5,27.25326288
3550,59.17,26.75,27.1526103
3551,59.18,27.25,27.17208824
3552,59.2,27,27.13767059
3553,59.22,26.75,27.06013648
3554,59.23,27,27.04810918
3555,59.25,27.5,27.13848734
3556,59.27,27.5,27.21078988
3557,59.28,27,27.1686319
3558,59.3,27.25,27.18490552
3559,59.32,27.5,27.24792442
3560,59.33,27.5,27.29833953
3561,59.35,27,27.23867163
3562,59.37,27,27.1909373
3563,59.38,27.5,27.25274984
3564,59.4,27,27.20219987
3565,59.42,27.5,27.2617599
3566,59.43,27.5,27.30940792
3567,59.45,27.5,27.34752633
3568,59.47,27.5,27.37802107
3569,59.48,27.5,27.40241685
3570,59.5,27.5,27.42193348
3571,59.52,27.5,27.43754679
3572,59.53,27,27.35003743
3573,59.55,27.25,27.33002994
3574,59.57,26.75,27.21402395
3575,59.58,27.25,27.22121916
3576,59.6,27.25,27.22697533
3577,59.62,27.25,27.23158026
3578,59.63,27.25,27.23526421
3579,59.65,27.5,27.28821137
3580,59.67,27.25,27.2805691
3581,59.68,27.25,27.27445528
3582,59.7,27.25,27.26956422
3583,59.72,27.25,27.26565138
3584,59.73,27.25,27.2625211
3585,59.75,27.5,27.31001688
3586,59.77,27,27.2480135
3587,59.78,27.25,27.2484108
3588,59.8,27,27.19872864
3589,59.82,26.75,27.10898291
3590,59.83,26.75,27.03718633
3591,59.85,27,27.02974907
3592,59.87,27.25,27.07379925
3593,59.88,27.25,27.1090394
3594,59.9,27.25,27.13723152
3595,59.92,27.75,27.25978522
3596,59.93,27,27.20782817
3597,59.95,27.25,27.21626254
3598,59.97,27.5,27.27301003
3599,59.98,27.25,27.26840802
3600,60,27.25,27.26472642
3601,60.02,27,27.21178114
3602,60.03,27.25,27.21942491
3603,60.05,27.25,27.22553993
3604,60.07,27.5,27.28043194
3605,60.08,27,27.22434555
3606,60.1,26.5,27.07947644
3607,60.12,27.25,27.11358115
3608,60.13,26.75,27.04086492
3609,60.15,27.25,27.08269194
3610,60.17,27,27.06615355
3611,60.18,27.25,27.10292284
3612,60.2,27,27.08233827
3613,60.22,27,27.06587062
3614,60.23,27.5,27.15269649
3615,60.25,27.25,27.1721572
3616,60.27,27.5,27.23772576
3617,60.28,26.75,27.14018061
3618,60.3,27,27.11214448
3619,60.32,27.25,27.13971559
3620,60.33,27.25,27.16177247
3621,60.35,27.5,27.22941798
3622,60.37,27.25,27.23353438
3623,60.38,27,27.1868275
3624,60.4,27,27.149462
3625,60.42,26.75,27.0695696
3626,60.43,26.5,26.95565568
3627,60.45,27,26.96452455
3628,60.47,27,26.97161964
3629,60.48,27.25,27.02729571
3630,60.5,26.75,26.97183657
3631,60.52,26.75,26.92746925
3632,60.53,26.75,26.8919754
3633,60.55,27,26.91358032
3634,60.57,27,26.93086426
3635,60.58,26.75,26.89469141
3636,60.6,26.75,26.86575313
3637,60.62,26.5,26.7926025
3638,60.63,27,26.834082
3639,60.65,26.75,26.8172656
3640,60.67,27,26.85381248
3641,60.68,27,26.88304998
3642,60.7,26.75,26.85643999
3643,60.72,26.5,26.78515199
3644,60.73,26.5,26.72812159
3645,60.75,26.25,26.63249727
3646,60.77,27,26.70599782
3647,60.78,26.5,26.66479826
3648,60.8,26.75,26.6818386
3649,60.82,26.75,26.69547088
3650,60.83,26.75,26.70637671
3651,60.85,27,26.76510137
3652,60.87,26.25,26.66208109
3653,60.88,27,26.72966487
3654,60.9,26.25,26.6337319
3655,60.92,26.75,26.65698552
3656,60.93,27,26.72558842
3657,60.95,26.75,26.73047073
3658,60.97,26.75,26.73437659
3659,60.98,26.5,26.68750127
3660,61,27,26.75000101
3661,61.02,27,26.80000081
3662,61.03,27,26.84000065
3663,61.05,26.75,26.82200052
3664,61.07,27,26.85760042
3665,61.08,26.5,26.78608033
3666,61.1,26.5,26.72886427
3667,61.12,26.75,26.73309141
3668,61.13,27,26.78647313
3669,61.15,26.75,26.7791785
3670,61.17,27,26.8233428
3671,61.18,26.75,26.80867424
3672,61.2,26.5,26.74693939
3673,61.22,27,26.79755152
3674,61.23,27,26.83804121
3675,61.25,27,26.87043297
3676,61.27,27.25,26.94634638
3677,61.28,26.5,26.8570771
3678,61.3,27.25,26.93566168
3679,61.32,27,26.94852934
3680,61.33,27.25,27.00882348
3681,61.35,26.75,26.95705878
3682,61.37,27,26.96564702
3683,61.38,26.5,26.87251762
3684,61.4,26.75,26.8480141
3685,61.42,26.75,26.82841128
3686,61.43,27,26.86272902
3687,61.45,26.75,26.84018322
3688,61.47,26.25,26.72214657
3689,61.48,27,26.77771726
3690,61.5,26.5,26.72217381
3691,61.52,26.5,26.67773905
3692,61.53,26.75,26.69219124
3693,61.55,27,26.75375299
3694,61.57,27,26.80300239
3695,61.58,27,26.84240191
3696,61.6,27,26.87392153
3697,61.62,27,26.89913722
3698,61.63,27,26.91930978
3699,61.65,26.75,26.88544782
3700,61.67,27,26.90835826
3701,61.68,27,26.92668661
3702,61.7,26.5,26.84134929
3703,61.72,26.75,26.82307943
3704,61.73,27,26.85846354
3705,61.75,26.75,26.83677083
3706,61.77,27,26.86941667
3707,61.78,27,26.89553333
3708,61.8,27,26.91642667
3709,61.82,26.5,26.83314133
3710,61.83,27,26.86651307
3711,61.85,26.5,26.79321045
3712,61.87,27,26.83456836
3713,61.88,26.75,26.81765469
3714,61.9,27,26.85412375
3715,61.92,27,26.883299
3716,61.93,27,26.9066392
3717,61.95,27,26.92531136
3718,61.97,26.5,26.84024909
3719,61.98,26.75,26.82219927
3720,62,27,26.85775942
3721,62.02,26.25,26.73620753
3722,62.03,26.5,26.68896603
3723,62.05,27,26.75117282
3724,62.07,27,26.80093826
3725,62.08,26.5,26.74075061
3726,62.1,27,26.79260048
3727,62.12,26.25,26.68408039
3728,62.13,26.75,26.69726431
3729,62.15,26.5,26.65781145
3730,62.17,26.5,26.62624916
3731,62.18,26.75,26.65099933
3732,62.2,26.25,26.57079946
3733,62.22,26.75,26.60663957
3734,62.23,26.75,26.63531166
3735,62.25,26.75,26.65824932
3736,62.27,27,26.72659946
3737,62.28,26.25,26.63127957
3738,62.3,26.75,26.65502365
3739,62.32,26.75,26.67401892
3740,62.33,26.75,26.68921514
3741,62.35,27,26.75137211
3742,62.37,26.5,26.70109769
3743,62.38,26.75,26.71087815
3744,62.4,26.5,26.66870252
3745,62.42,27,26.73496202
3746,62.43,26.75,26.73796961
3747,62.45,26.25,26.64037569
3748,62.47,26.5,26.61230055
3749,62.48,26.25,26.53984044
3750,62.5,26.25,26.48187235
3751,62.52,26.75,26.53549788
3752,62.53,26.25,26.47839831
3753,62.55,26.75,26.53271865
3754,62.57,26.5,26.52617492
3755,62.58,26.75,26.57093993
3756,62.6,26.5,26.55675195
3757,62.62,26.5,26.54540156
3758,62.63,26.75,26.58632125
3759,62.65,26.75,26.619057
3760,62.67,26.5,26.5952456
3761,62.68,26.75,26.62619648
3762,62.7,26.75,26.65095718
3763,62.72,26.5,26.62076575
3764,62.73,23,25.8966126
3765,62.75,22.75,25.26729008
