Time - Voltage,Amplitude - Voltage,Time - Voltage,Amplitude - Voltage,Time - Voltage,Amplitude - Voltage,Time - Voltage,Amplitude - Voltage,Time - Voltage,Amplitude - Voltage,Time - Voltage,Amplitude - Voltage,Time - Voltage_0,Amplitude - Voltage_0,Time - Voltage,Amplitude - Voltage,Time - Voltage_0,Amplitude - Voltage_0,Time - Voltage,Amplitude - Voltage,Time - Voltage_0,Amplitude - Voltage_0
0,0.00169628,0,0.00144659,0,0.0198648,0,0.0330962,0,0.00949688,0,0.00897026,0,0.00860821,0,0.00916774,0,0.0095298,0,0.0238803,0,0.0234524
0.001,0.00176211,0.001,0.00142682,0.001,0.0179229,0.001,0.0338203,0.001,0.00883861,0.001,0.00910192,0.001,0.00926649,0.001,0.00920066,0.001,0.00956271,0.001,0.0239132,0.001,0.0236499
0.002,0.00179502,0.002,0.00142023,0.002,0.0191407,0.002,0.0343469,0.002,0.00982602,0.002,0.009069,0.002,0.00985894,0.002,0.0092994,0.002,0.00873986,0.002,0.0239132,0.002,0.0237815
0.003,0.00179502,0.003,0.00145318,0.003,0.019404,0.003,0.0341494,0.003,0.00943106,0.003,0.00903609,0.003,0.00943106,0.003,0.0092994,0.003,0.00900318,0.003,0.023979,0.003,0.0244727
0.004,0.00169628,0.004,0.00145318,0.004,0.0196673,0.004,0.0351697,0.004,0.009069,0.004,0.00913483,0.004,0.00877278,0.004,0.00923357,0.004,0.00897026,0.004,0.0240119,0.004,0.024736
0.005,0.00169628,0.005,0.00144,0.005,0.019766,0.005,0.0330303,0.005,0.00900318,0.005,0.00916774,0.005,0.00923357,0.005,0.00916774,0.005,0.00910192,0.005,0.023979,0.005,0.0235511
0.006,0.00166337,0.006,0.00145977,0.006,0.0188115,0.006,0.0331949,0.006,0.00946397,0.006,0.00926649,0.006,0.00949688,0.006,0.00903609,0.006,0.00804867,0.006,0.023979,0.006,0.023222
0.007,0.00169628,0.007,0.00142682,0.007,0.0190419,0.007,0.0340507,0.007,0.00933231,0.007,0.00916774,0.007,0.00933231,0.007,0.009069,0.007,0.00920066,0.007,0.023979,0.007,0.0234853
0.008,0.00172919,0.008,0.00142682,0.008,0.0193381,0.008,0.0344456,0.008,0.00897026,0.008,0.00920066,0.008,0.00916774,0.008,0.00913483,0.008,0.00962854,0.008,0.023979,0.008,0.023979
0.009,0.00169628,0.009,0.00142682,0.009,0.0200623,0.009,0.0346102,0.009,0.00893735,0.009,0.00913483,0.009,0.00893735,0.009,0.00916774,0.009,0.00920066,0.009,0.023979,0.009,0.0241107
0.01,0.00169628,0.01,0.00145318,0.01,0.0196673,0.01,0.0340178,0.01,0.00910192,0.01,0.00926649,0.01,0.00923357,0.01,0.009069,0.01,0.00860821,0.01,0.023979,0.01,0.0244727
0.011,0.00169628,0.011,0.00145318,0.011,0.0195356,0.011,0.0330962,0.011,0.0092994,0.011,0.00923357,0.011,0.00926649,0.011,0.00916774,0.011,0.00900318,0.011,0.0240448,0.011,0.023979
0.012,0.00166337,0.012,0.00143341,0.012,0.0182849,0.012,0.0343798,0.012,0.00867404,0.012,0.00916774,0.012,0.00867404,0.012,0.00916774,0.012,0.00959563,0.012,0.0240448,0.012,0.0233866
0.013,0.00172919,0.013,0.00147294,0.013,0.0187128,0.013,0.0342482,0.013,0.0092994,0.013,0.00910192,0.013,0.00936523,0.013,0.00923357,0.013,0.0092994,0.013,0.0240448,0.013,0.0238474
0.014,0.00172919,0.014,0.00145318,0.014,0.0195356,0.014,0.0346102,0.014,0.00933231,0.014,0.00903609,0.014,0.00936523,0.014,0.00913483,0.014,0.00824615,0.014,0.023979,0.014,0.0242094
0.015,0.00172919,0.015,0.00145977,0.015,0.0198319,0.015,0.0344456,0.015,0.00897026,0.015,0.009069,0.015,0.00864112,0.015,0.00910192,0.015,0.00916774,0.015,0.023979,0.015,0.0244398
0.016,0.00169628,0.016,0.00145977,0.016,0.0196015,0.016,0.0334911,0.016,0.00946397,0.016,0.00903609,0.016,0.00890443,0.016,0.00910192,0.016,0.00979311,0.016,0.0239461,0.016,0.0243411
0.017,0.00172919,0.017,0.00145977,0.017,0.0191078,0.017,0.0334582,0.017,0.009069,0.017,0.00900318,0.017,0.00897026,0.017,0.00920066,0.017,0.0095298,0.017,0.0239132,0.017,0.0239461
0.018,0.00169628,0.018,0.00142682,0.018,0.0189103,0.018,0.0342811,0.018,0.00890443,0.018,0.00913483,0.018,0.00923357,0.018,0.00916774,0.018,0.00870695,0.018,0.0239461,0.018,0.0239132
0.019,0.00172919,0.019,0.00147294,0.019,0.0190748,0.019,0.0341494,0.019,0.00857529,0.019,0.00913483,0.019,0.00877278,0.019,0.00926649,0.019,0.00903609,0.019,0.0239461,0.019,0.0237157
0.02,0.00176211,0.02,0.00145318,0.02,0.0195027,0.02,0.034676,0.02,0.00867404,0.02,0.00913483,0.02,0.00873986,0.02,0.00926649,0.02,0.00966145,0.02,0.0239461,0.02,0.0238144
0.021,0.00169628,0.021,0.00144,0.021,0.0201939,0.021,0.034314,0.021,0.00903609,0.021,0.00923357,0.021,0.00939814,0.021,0.00923357,0.021,0.0095298,0.021,0.0239132,0.021,0.0240448
0.022,0.00176211,0.022,0.00143341,0.022,0.0202268,0.022,0.0334253,0.022,0.00926649,0.022,0.00920066,0.022,0.00939814,0.022,0.00913483,0.022,0.00847655,0.022,0.023979,0.022,0.0238144
0.023,0.00169628,0.023,0.00145318,0.023,0.0187128,0.023,0.0335899,0.023,0.00824615,0.023,0.0092994,0.023,0.00860821,0.023,0.00913483,0.023,0.00916774,0.023,0.0239461,0.023,0.0245385
0.024,0.00169628,0.024,0.00145977,0.024,0.0189432,0.024,0.0340178,0.024,0.00910192,0.024,0.009069,0.024,0.009069,0.024,0.00900318,0.024,0.0092994,0.024,0.0240119,0.024,0.0230903
0.025,0.00172919,0.025,0.00143341,0.025,0.0195685,0.025,0.034314,0.025,0.00943106,0.025,0.00897026,0.025,0.00962854,0.025,0.00910192,0.025,0.00956271,0.025,0.0240119,0.025,0.0238803
0.026,0.00179502,0.026,0.00146635,0.026,0.0196344,0.026,0.0341823,0.026,0.00910192,0.026,0.00916774,0.026,0.00933231,0.026,0.00913483,0.026,0.00841072,0.026,0.0240448,0.026,0.0241765
0.027,0.00169628,0.027,0.00144659,0.027,0.0197331,0.027,0.0345444,0.027,0.00900318,0.027,0.00920066,0.027,0.00860821,0.027,0.00920066,0.027,0.00893735,0.027,0.0240119,0.027,0.0241436
0.028,0.00172919,0.028,0.00142682,0.028,0.0196673,0.028,0.033524,0.028,0.00923357,0.028,0.00913483,0.028,0.00877278,0.028,0.00916774,0.028,0.00939814,0.028,0.023979,0.028,0.0245056
0.029,0.00169628,0.029,0.00144659,0.029,0.0185482,0.029,0.0340507,0.029,0.00949688,0.029,0.00910192,0.029,0.00939814,0.029,0.00913483,0.029,0.00969437,0.029,0.023979,0.029,0.0244398
0.03,0.00176211,0.03,0.00145318,0.03,0.019009,0.03,0.0344456,0.03,0.00897026,0.03,0.009069,0.03,0.00910192,0.03,0.00923357,0.03,0.00854238,0.03,0.023979,0.03,0.0233866
0.031,0.00172919,0.031,0.00144659,0.031,0.0197989,0.031,0.0341823,0.031,0.00873986,0.031,0.00926649,0.031,0.00847655,0.031,0.00913483,0.031,0.009069,0.031,0.0239461,0.031,0.0237157
0.032,0.00169628,0.032,0.00143341,0.032,0.019766,0.032,0.0346431,0.032,0.00933231,0.032,0.00910192,0.032,0.00923357,0.032,0.00913483,0.032,0.00939814,0.032,0.0240119,0.032,0.0241436
0.033,0.00176211,0.033,0.00145318,0.033,0.0197989,0.033,0.0334582,0.033,0.00943106,0.033,0.00900318,0.033,0.0092994,0.033,0.00910192,0.033,0.0095298,0.033,0.023979,0.033,0.0244069
0.034,0.00176211,0.034,0.00144,0.034,0.0189432,0.034,0.0332607,0.034,0.00900318,0.034,0.009069,0.034,0.00936523,0.034,0.00923357,0.034,0.00900318,0.034,0.0239132,0.034,0.0241436
0.035,0.00176211,0.035,0.00144,0.035,0.0188774,0.035,0.0337544,0.035,0.00893735,0.035,0.009069,0.035,0.00798284,0.035,0.00920066,0.035,0.00873986,0.035,0.0239132,0.035,0.0244069
0.036,0.00169628,0.036,0.00144,0.036,0.0189761,0.036,0.0343798,0.036,0.00923357,0.036,0.00910192,0.036,0.00926649,0.036,0.00923357,0.036,0.00920066,0.036,0.0240119,0.036,0.0236828
0.037,0.00172919,0.037,0.00142023,0.037,0.0196015,0.037,0.0342482,0.037,0.00926649,0.037,0.00916774,0.037,0.00969437,0.037,0.00920066,0.037,0.00939814,0.037,0.023979,0.037,0.0241107
0.038,0.00169628,0.038,0.00145318,0.038,0.0198977,0.038,0.0343798,0.038,0.00831198,0.038,0.00916774,0.038,0.00946397,0.038,0.00920066,0.038,0.00880569,0.038,0.0239461,0.038,0.0244727
0.039,0.00172919,0.039,0.00145318,0.039,0.0200952,0.039,0.0331291,0.039,0.00873986,0.039,0.00933231,0.039,0.00890443,0.039,0.00916774,0.039,0.00903609,0.039,0.0239461,0.039,0.0241436
0.04,0.00169628,0.04,0.00144659,0.04,0.0185153,0.04,0.0337544,0.04,0.00933231,0.04,0.00926649,0.04,0.009069,0.04,0.00897026,0.04,0.00910192,0.04,0.0239461,0.04,0.0233866
0.041,0.00169628,0.041,0.00142682,0.041,0.0187128,0.041,0.0340836,0.041,0.00933231,0.041,0.00913483,0.041,0.00943106,0.041,0.00903609,0.041,0.00939814,0.041,0.0240448,0.041,0.0233536
0.042,0.00169628,0.042,0.00143341,0.042,0.0194698,0.042,0.0340178,0.042,0.00893735,0.042,0.00920066,0.042,0.00959563,0.042,0.00910192,0.042,0.00916774,0.042,0.0240119,0.042,0.0244398
0.043,0.00176211,0.043,0.00142023,0.043,0.019766,0.043,0.0347089,0.043,0.00890443,0.043,0.00913483,0.043,0.0083449,0.043,0.00916774,0.043,0.00916774,0.043,0.023979,0.043,0.0242752
0.044,0.00176211,0.044,0.00143341,0.044,0.0196673,0.044,0.0341823,0.044,0.00910192,0.044,0.00923357,0.044,0.00883861,0.044,0.00913483,0.044,0.00910192,0.044,0.0240448,0.044,0.0242094
0.045,0.00172919,0.045,0.00142023,0.045,0.0198319,0.045,0.0336557,0.045,0.00936523,0.045,0.00916774,0.045,0.0095298,0.045,0.00920066,0.045,0.0095298,0.045,0.0240119,0.045,0.0235511
0.046,0.00176211,0.046,0.00143341,0.046,0.019009,0.046,0.0344127,0.046,0.00903609,0.046,0.00910192,0.046,0.0092994,0.046,0.00913483,0.046,0.00969437,0.046,0.0240119,0.046,0.0234195
0.047,0.00176211,0.047,0.00145318,0.047,0.0188774,0.047,0.0341823,0.047,0.00903609,0.047,0.00910192,0.047,0.00814741,0.047,0.00913483,0.047,0.00837781,0.047,0.023979,0.047,0.0236828
0.048,0.00172919,0.048,0.00143341,0.048,0.0195685,0.048,0.034314,0.048,0.00910192,0.048,0.00910192,0.048,0.00897026,0.048,0.00910192,0.048,0.00913483,0.048,0.023979,0.048,0.024374
0.049,0.00169628,0.049,0.00144659,0.049,0.0196015,0.049,0.0344127,0.049,0.00887152,0.049,0.00903609,0.049,0.009069,0.049,0.009069,0.049,0.00943106,0.049,0.023979,0.049,0.0246702
0.05,0.00176211,0.05,0.00142682,0.05,0.0200623,0.05,0.0333924,0.05,0.00910192,0.05,0.00893735,0.05,0.00936523,0.05,0.00910192,0.05,0.00956271,0.05,0.0239132,0.05,0.0246373
0.051,0.00172919,0.051,0.00144,0.051,0.0200952,0.051,0.0332936,0.051,0.00887152,0.051,0.00913483,0.051,0.00847655,0.051,0.00920066,0.051,0.00936523,0.051,0.0240119,0.051,0.023979
0.052,0.00172919,0.052,0.00145318,0.052,0.0184166,0.052,0.0337544,0.052,0.00949688,0.052,0.00923357,0.052,0.00877278,0.052,0.00913483,0.052,0.0083449,0.052,0.0239461,0.052,0.0236828
0.053,0.00176211,0.053,0.00144659,0.053,0.019404,0.053,0.0345444,0.053,0.00969437,0.053,0.00923357,0.053,0.00962854,0.053,0.00916774,0.053,0.00870695,0.053,0.0239461,0.053,0.0237157
0.054,0.00169628,0.054,0.00144,0.054,0.0197989,0.054,0.0339519,0.054,0.00887152,0.054,0.00913483,0.054,0.00910192,0.054,0.00920066,0.054,0.00844364,0.054,0.0239132,0.054,0.0240119
0.055,0.00169628,0.055,0.00143341,0.055,0.0198319,0.055,0.034314,0.055,0.00903609,0.055,0.00920066,0.055,0.00913483,0.055,0.00910192,0.055,0.00936523,0.055,0.023979,0.055,0.0247689
0.056,0.00176211,0.056,0.00142682,0.056,0.0202268,0.056,0.0331949,0.056,0.00943106,0.056,0.00923357,0.056,0.00913483,0.056,0.00903609,0.056,0.00923357,0.056,0.0240119,0.056,0.0241107
0.057,0.00172919,0.057,0.00143341,0.057,0.0191078,0.057,0.0332607,0.057,0.00943106,0.057,0.009069,0.057,0.00920066,0.057,0.00893735,0.057,0.00946397,0.057,0.0240119,0.057,0.0232549
0.058,0.00176211,0.058,0.00144659,0.058,0.0189432,0.058,0.0339848,0.058,0.00946397,0.058,0.00903609,0.058,0.0092994,0.058,0.00910192,0.058,0.00887152,0.058,0.0240448,0.058,0.023979
0.059,0.00172919,0.059,0.00144,0.059,0.0191736,0.059,0.0340507,0.059,0.00831198,0.059,0.00920066,0.059,0.00860821,0.059,0.009069,0.059,0.00827907,0.059,0.0240119,0.059,0.0242752
0.06,0.00172919,0.06,0.00144659,0.06,0.0192723,0.06,0.0340836,0.06,0.00900318,0.06,0.00916774,0.06,0.00926649,0.06,0.00910192,0.06,0.00867404,0.06,0.023979,0.06,0.0241436
0.061,0.00172919,0.061,0.00142023,0.061,0.0196673,0.061,0.0347748,0.061,0.00890443,0.061,0.00923357,0.061,0.00962854,0.061,0.009069,0.061,0.00923357,0.061,0.023979,0.061,0.0246373
0.062,0.00166337,0.062,0.00144,0.062,0.0200952,0.062,0.0329645,0.062,0.0092994,0.062,0.00923357,0.062,0.00943106,0.062,0.009069,0.062,0.00949688,0.062,0.0240119,0.062,0.0232549
0.063,0.00169628,0.063,0.00144659,0.063,0.0192723,0.063,0.0337544,0.063,0.00956271,0.063,0.00916774,0.063,0.00837781,0.063,0.00913483,0.063,0.0092994,0.063,0.023979,0.063,0.0237486
0.064,0.00172919,0.064,0.00144,0.064,0.019009,0.064,0.0341494,0.064,0.0095298,0.064,0.00920066,0.064,0.00926649,0.064,0.00910192,0.064,0.00962854,0.064,0.023979,0.064,0.024374
0.065,0.00176211,0.065,0.00144,0.065,0.0201281,0.065,0.0340507,0.065,0.00890443,0.065,0.00897026,0.065,0.00933231,0.065,0.009069,0.065,0.00785119,0.065,0.023979,0.065,0.0241765
0.066,0.00179502,0.066,0.00142682,0.066,0.0196673,0.066,0.0344456,0.066,0.00873986,0.066,0.00897026,0.066,0.0092994,0.066,0.00910192,0.066,0.00864112,0.066,0.0238803,0.066,0.0244069
0.067,0.00172919,0.067,0.00144,0.067,0.0197331,0.067,0.0334253,0.067,0.00920066,0.067,0.00897026,0.067,0.00933231,0.067,0.009069,0.067,0.009069,0.067,0.0239132,0.067,0.0233866
0.068,0.00176211,0.068,0.00145318,0.068,0.0205889,0.068,0.0336228,0.068,0.00962854,0.068,0.00903609,0.068,0.00804867,0.068,0.00916774,0.068,0.00943106,0.068,0.023979,0.068,0.0236499
0.069,0.00172919,0.069,0.00144,0.069,0.0175279,0.069,0.0338861,0.069,0.0092994,0.069,0.009069,0.069,0.00880569,0.069,0.00916774,0.069,0.00936523,0.069,0.0239461,0.069,0.0238474
0.07,0.00176211,0.07,0.00143341,0.07,0.0190419,0.07,0.0345444,0.07,0.00887152,0.07,0.00910192,0.07,0.009069,0.07,0.00923357,0.07,0.00844364,0.07,0.0238803,0.07,0.0248019
0.071,0.00176211,0.071,0.00144,0.071,0.0197331,0.071,0.034314,0.071,0.00854238,0.071,0.00910192,0.071,0.00962854,0.071,0.00910192,0.071,0.00880569,0.071,0.0238803,0.071,0.0249006
0.072,0.00169628,0.072,0.00144659,0.072,0.0198319,0.072,0.0330633,0.072,0.009069,0.072,0.00916774,0.072,0.00946397,0.072,0.00913483,0.072,0.00890443,0.072,0.0239132,0.072,0.0237157
0.073,0.00166337,0.073,0.00145318,0.073,0.0195356,0.073,0.033557,0.073,0.00900318,0.073,0.00916774,0.073,0.00962854,0.073,0.00897026,0.073,0.0092994,0.073,0.0239461,0.073,0.0233866
0.074,0.00169628,0.074,0.00142023,0.074,0.0186799,0.074,0.0340507,0.074,0.00903609,0.074,0.009069,0.074,0.00841072,0.074,0.00900318,0.074,0.00943106,0.074,0.0240119,0.074,0.0241107
0.075,0.00176211,0.075,0.00144659,0.075,0.018647,0.075,0.0347419,0.075,0.00827907,0.075,0.00913483,0.075,0.00920066,0.075,0.00903609,0.075,0.009069,0.075,0.0240448,0.075,0.0238803
0.076,0.00169628,0.076,0.00143341,0.076,0.0196015,0.076,0.0344127,0.076,0.00867404,0.076,0.00920066,0.076,0.00936523,0.076,0.009069,0.076,0.00794993,0.076,0.0240119,0.076,0.0240778
0.077,0.00176211,0.077,0.00142682,0.077,0.0197002,0.077,0.0329645,0.077,0.00913483,0.077,0.00913483,0.077,0.00959563,0.077,0.00910192,0.077,0.00903609,0.077,0.0240448,0.077,0.0233207
0.078,0.00172919,0.078,0.00144,0.078,0.0194369,0.078,0.0335899,0.078,0.009069,0.078,0.00920066,0.078,0.00926649,0.078,0.00910192,0.078,0.00933231,0.078,0.0240448,0.078,0.023617
0.079,0.00172919,0.079,0.00142682,0.079,0.0195027,0.079,0.0341165,0.079,0.00949688,0.079,0.00913483,0.079,0.00936523,0.079,0.00910192,0.079,0.00946397,0.079,0.023979,0.079,0.0241765
0.08,0.00169628,0.08,0.00142682,0.08,0.0188774,0.08,0.0344456,0.08,0.00900318,0.08,0.00903609,0.08,0.00850947,0.08,0.00916774,0.08,0.00926649,0.08,0.023979,0.08,0.0241765
0.081,0.00172919,0.081,0.00142682,0.081,0.0200293,0.081,0.0342482,0.081,0.0092994,0.081,0.00900318,0.081,0.00850947,0.081,0.00903609,0.081,0.00959563,0.081,0.023979,0.081,0.0234524
0.082,0.00172919,0.082,0.00145318,0.082,0.0198319,0.082,0.0336886,0.082,0.00939814,0.082,0.00890443,0.082,0.00854238,0.082,0.009069,0.082,0.00857529,0.082,0.0239461,0.082,0.0244727
0.083,0.00172919,0.083,0.00144,0.083,0.0198648,0.083,0.0333266,0.083,0.00926649,0.083,0.00893735,0.083,0.00939814,0.083,0.009069,0.083,0.00870695,0.083,0.0239461,0.083,0.0242752
0.084,0.00166337,0.084,0.00142682,0.084,0.0191736,0.084,0.0341494,0.084,0.00943106,0.084,0.00900318,0.084,0.00939814,0.084,0.00913483,0.084,0.00969437,0.084,0.0240119,0.084,0.0245385
0.085,0.00172919,0.085,0.00142682,0.085,0.0185153,0.085,0.0339519,0.085,0.00910192,0.085,0.00926649,0.085,0.00982602,0.085,0.00920066,0.085,0.00923357,0.085,0.0239461,0.085,0.0231562
0.086,0.00176211,0.086,0.00144,0.086,0.0195027,0.086,0.0340836,0.086,0.00966145,0.086,0.00910192,0.086,0.0083449,0.086,0.00916774,0.086,0.00956271,0.086,0.0239461,0.086,0.023979
0.087,0.00172919,0.087,0.00144659,0.087,0.0193381,0.087,0.0345444,0.087,0.0092994,0.087,0.00910192,0.087,0.00903609,0.087,0.00916774,0.087,0.0092994,0.087,0.023979,0.087,0.0239132
0.088,0.00172919,0.088,0.00143341,0.088,0.0200623,0.088,0.0334253,0.088,0.00920066,0.088,0.00916774,0.088,0.00916774,0.088,0.00910192,0.088,0.00831198,0.088,0.0239461,0.088,0.0245715
0.089,0.00176211,0.089,0.00144659,0.089,0.0193711,0.089,0.0338203,0.089,0.0092994,0.089,0.00920066,0.089,0.00959563,0.089,0.009069,0.089,0.00903609,0.089,0.023979,0.089,0.0230903
0.09,0.00169628,0.09,0.00143341,0.09,0.0192723,0.09,0.0343798,0.09,0.00959563,0.09,0.00897026,0.09,0.00916774,0.09,0.00897026,0.09,0.00897026,0.09,0.023979,0.09,0.0237486
0.091,0.00169628,0.091,0.00142682,0.091,0.0193381,0.091,0.0346102,0.091,0.00920066,0.091,0.00900318,0.091,0.0083449,0.091,0.00890443,0.091,0.00913483,0.091,0.0240119,0.091,0.023584
0.092,0.00166337,0.092,0.00144,0.092,0.0203914,0.092,0.0337874,0.092,0.00883861,0.092,0.00910192,0.092,0.00910192,0.092,0.00900318,0.092,0.00939814,0.092,0.0240778,0.092,0.0242752
0.093,0.00169628,0.093,0.00145318,0.093,0.0202268,0.093,0.0333924,0.093,0.00939814,0.093,0.00920066,0.093,0.00916774,0.093,0.009069,0.093,0.00989185,0.093,0.0240448,0.093,0.0231562
0.094,0.00169628,0.094,0.00143341,0.094,0.0198319,0.094,0.0340507,0.094,0.00946397,0.094,0.00926649,0.094,0.00989185,0.094,0.00910192,0.094,0.00850947,0.094,0.023979,0.094,0.0238474
0.095,0.00166337,0.095,0.00144659,0.095,0.0189432,0.095,0.0347419,0.095,0.00920066,0.095,0.00923357,0.095,0.00992477,0.095,0.00910192,0.095,0.00831198,0.095,0.0240448,0.095,0.0243082
0.096,0.00169628,0.096,0.00142023,0.096,0.0191078,0.096,0.0343469,0.096,0.00933231,0.096,0.00920066,0.096,0.00877278,0.096,0.00913483,0.096,0.00897026,0.096,0.0239461,0.096,0.0247031
0.097,0.00176211,0.097,0.00142682,0.097,0.0199964,0.097,0.0340507,0.097,0.00867404,0.097,0.00913483,0.097,0.00854238,0.097,0.00913483,0.097,0.00926649,0.097,0.023979,0.097,0.0234195
0.098,0.00176211,0.098,0.00144,0.098,0.0202597,0.098,0.033919,0.098,0.00933231,0.098,0.00910192,0.098,0.00883861,0.098,0.009069,0.098,0.0097602,0.098,0.023979,0.098,0.0241107
0.099,0.00176211,0.099,0.00144,0.099,0.0200293,0.099,0.0339848,0.099,0.00946397,0.099,0.00877278,0.099,0.00936523,0.099,0.009069,0.099,0.00939814,0.099,0.0239461,0.099,0.0240778
0.1,0.00169628,0.1,0.00143341,0.1,0.0183178,0.1,0.034314,0.1,0.0092994,0.1,0.00890443,0.1,0.00916774,0.1,0.009069,0.1,0.00903609,0.1,0.0239132,0.1,0.0241765
0.101,0.00172919,0.101,0.00142682,0.101,0.0194698,0.101,0.0343469,0.101,0.00936523,0.101,0.00910192,0.101,0.0092994,0.101,0.00913483,0.101,0.00831198,0.101,0.0238803,0.101,0.0229258
0.102,0.00172919,0.102,0.00144,0.102,0.0197331,0.102,0.0330962,0.102,0.00903609,0.102,0.009069,0.102,0.009069,0.102,0.00916774,0.102,0.00857529,0.102,0.0238803,0.102,0.0240119
0.103,0.00169628,0.103,0.00142682,0.103,0.020161,0.103,0.0337544,0.103,0.00870695,0.103,0.009069,0.103,0.00877278,0.103,0.00920066,0.103,0.00910192,0.103,0.0239461,0.103,0.0246044
0.104,0.00176211,0.104,0.00144,0.104,0.0202268,0.104,0.0341494,0.104,0.00926649,0.104,0.009069,0.104,0.00900318,0.104,0.00920066,0.104,0.00913483,0.104,0.023979,0.104,0.0246702
0.105,0.00169628,0.105,0.00144659,0.105,0.0185153,0.105,0.0344786,0.105,0.00939814,0.105,0.00910192,0.105,0.00923357,0.105,0.00910192,0.105,0.00916774,0.105,0.0239461,0.105,0.0236499
0.106,0.00172919,0.106,0.00144,0.106,0.0192723,0.106,0.0345773,0.106,0.00946397,0.106,0.00923357,0.106,0.00946397,0.106,0.00897026,0.106,0.00936523,0.106,0.0239461,0.106,0.023979
0.107,0.00169628,0.107,0.00145977,0.107,0.0199964,0.107,0.0333595,0.107,0.0095298,0.107,0.00913483,0.107,0.00946397,0.107,0.00893735,0.107,0.00804867,0.107,0.0239461,0.107,0.0241436
0.108,0.00169628,0.108,0.00143341,0.108,0.0203585,0.108,0.0338203,0.108,0.00880569,0.108,0.009069,0.108,0.00923357,0.108,0.00897026,0.108,0.00873986,0.108,0.0240448,0.108,0.0244069
0.109,0.00169628,0.109,0.00145318,0.109,0.0191407,0.109,0.0344786,0.109,0.00854238,0.109,0.00923357,0.109,0.00867404,0.109,0.009069,0.109,0.00900318,0.109,0.0240119,0.109,0.0230245
0.11,0.00169628,0.11,0.00144,0.11,0.0196015,0.11,0.0341823,0.11,0.00946397,0.11,0.00926649,0.11,0.00910192,0.11,0.00903609,0.11,0.00936523,0.11,0.0240119,0.11,0.0239132
0.111,0.00176211,0.111,0.00144659,0.111,0.019766,0.111,0.0341165,0.111,0.00887152,0.111,0.00910192,0.111,0.00939814,0.111,0.00910192,0.111,0.00946397,0.111,0.0240119,0.111,0.0238474
0.112,0.00172919,0.112,0.00144,0.112,0.0198319,0.112,0.0331949,0.112,0.00936523,0.112,0.009069,0.112,0.00943106,0.112,0.009069,0.112,0.00966145,0.112,0.0240119,0.112,0.0243411
0.113,0.00169628,0.113,0.00143341,0.113,0.0198319,0.113,0.0343469,0.113,0.00966145,0.113,0.00903609,0.113,0.00939814,0.113,0.00913483,0.113,0.00949688,0.113,0.023979,0.113,0.0236499
0.114,0.00172919,0.114,0.00144,0.114,0.018647,0.114,0.0346431,0.114,0.00900318,0.114,0.009069,0.114,0.00913483,0.114,0.00913483,0.114,0.00801576,0.114,0.023979,0.114,0.0238474
0.115,0.00172919,0.115,0.00144659,0.115,0.0187457,0.115,0.0344456,0.115,0.00916774,0.115,0.00900318,0.115,0.00854238,0.115,0.009069,0.115,0.009069,0.115,0.023979,0.115,0.0243411
0.116,0.00172919,0.116,0.00145977,0.116,0.0199964,0.116,0.0334253,0.116,0.00923357,0.116,0.00887152,0.116,0.00887152,0.116,0.009069,0.116,0.00949688,0.116,0.0239132,0.116,0.0244727
0.117,0.00169628,0.117,0.00145318,0.117,0.0198977,0.117,0.0341165,0.117,0.00916774,0.117,0.00897026,0.117,0.00946397,0.117,0.00913483,0.117,0.00985894,0.117,0.0240119,0.117,0.0238144
0.118,0.00176211,0.118,0.00144,0.118,0.019766,0.118,0.034314,0.118,0.00910192,0.118,0.00913483,0.118,0.00985894,0.118,0.00916774,0.118,0.0092994,0.118,0.023979,0.118,0.0239132
0.119,0.00172919,0.119,0.00145977,0.119,0.0204901,0.119,0.0337544,0.119,0.00913483,0.119,0.00903609,0.119,0.00900318,0.119,0.00913483,0.119,0.0095298,0.119,0.0239461,0.119,0.0242423
0.12,0.00169628,0.12,0.00144659,0.12,0.0193052,0.12,0.034314,0.12,0.00913483,0.12,0.00910192,0.12,0.0100564,0.12,0.00916774,0.12,0.0083449,0.12,0.0239132,0.12,0.0240778
0.121,0.00169628,0.121,0.00144659,0.121,0.019766,0.121,0.0342482,0.121,0.00890443,0.121,0.00913483,0.121,0.00844364,0.121,0.00916774,0.121,0.00814741,0.121,0.0239461,0.121,0.0234195
0.122,0.00169628,0.122,0.00142682,0.122,0.0202927,0.122,0.0342152,0.122,0.0092994,0.122,0.00916774,0.122,0.00903609,0.122,0.009069,0.122,0.00893735,0.122,0.0239461,0.122,0.0245385
0.123,0.00172919,0.123,0.00141364,0.123,0.0192065,0.123,0.0333924,0.123,0.00936523,0.123,0.00920066,0.123,0.00926649,0.123,0.00897026,0.123,0.00897026,0.123,0.023979,0.123,0.0240448
0.124,0.00169628,0.124,0.00144,0.124,0.0195685,0.124,0.0341823,0.124,0.0095298,0.124,0.00897026,0.124,0.009069,0.124,0.00897026,0.124,0.0092994,0.124,0.0240119,0.124,0.0246702
0.125,0.00169628,0.125,0.00144659,0.125,0.020161,0.125,0.0343469,0.125,0.00831198,0.125,0.00893735,0.125,0.00933231,0.125,0.00910192,0.125,0.0097602,0.125,0.023979,0.125,0.0236828
0.126,0.00169628,0.126,0.00145977,0.126,0.0200623,0.126,0.0346102,0.126,0.00864112,0.126,0.00903609,0.126,0.0092994,0.126,0.009069,0.126,0.0083449,0.126,0.0239461,0.126,0.023979
0.127,0.00169628,0.127,0.00144,0.127,0.0184824,0.127,0.033524,0.127,0.00916774,0.127,0.00920066,0.127,0.00850947,0.127,0.00913483,0.127,0.00873986,0.127,0.0239461,0.127,0.0237486
0.128,0.00169628,0.128,0.00144,0.128,0.0193052,0.128,0.0343469,0.128,0.00910192,0.128,0.00916774,0.128,0.00910192,0.128,0.009069,0.128,0.00916774,0.128,0.0240448,0.128,0.0243082
0.129,0.00172919,0.129,0.00144659,0.129,0.0198648,0.129,0.0345444,0.129,0.00916774,0.129,0.00910192,0.129,0.00936523,0.129,0.00916774,0.129,0.0092994,0.129,0.0240119,0.129,0.0240119
0.13,0.00176211,0.13,0.00144,0.13,0.020161,0.13,0.0337874,0.13,0.00946397,0.13,0.00900318,0.13,0.00916774,0.13,0.00910192,0.13,0.00946397,0.13,0.023979,0.13,0.0240119
0.131,0.00172919,0.131,0.00145318,0.131,0.0189761,0.131,0.0338203,0.131,0.00857529,0.131,0.00900318,0.131,0.00943106,0.131,0.00913483,0.131,0.00920066,0.131,0.0240119,0.131,0.0244398
0.132,0.00166337,0.132,0.00142023,0.132,0.0200293,0.132,0.0341494,0.132,0.00877278,0.132,0.00893735,0.132,0.00880569,0.132,0.00903609,0.132,0.00936523,0.132,0.023979,0.132,0.0240119
0.133,0.00172919,0.133,0.00145318,0.133,0.0198977,0.133,0.0344456,0.133,0.00893735,0.133,0.00900318,0.133,0.00913483,0.133,0.009069,0.133,0.00821324,0.133,0.023979,0.133,0.0237157
0.134,0.00169628,0.134,0.00144,0.134,0.0194698,0.134,0.0332278,0.134,0.00864112,0.134,0.00900318,0.134,0.00844364,0.134,0.009069,0.134,0.00890443,0.134,0.0239461,0.134,0.0238474
0.135,0.00176211,0.135,0.00145977,0.135,0.019404,0.135,0.0338861,0.135,0.00933231,0.135,0.00910192,0.135,0.009069,0.135,0.00913483,0.135,0.009069,0.135,0.0239461,0.135,0.0240448
0.136,0.00169628,0.136,0.00144,0.136,0.0200293,0.136,0.0342811,0.136,0.00890443,0.136,0.00916774,0.136,0.00939814,0.136,0.00916774,0.136,0.00979311,0.136,0.023979,0.136,0.0244069
0.137,0.00169628,0.137,0.00143341,0.137,0.0201281,0.137,0.0345115,0.137,0.00860821,0.137,0.00910192,0.137,0.00936523,0.137,0.00920066,0.137,0.00979311,0.137,0.0239461,0.137,0.0241107
0.138,0.00176211,0.138,0.00145318,0.138,0.0192723,0.138,0.0333595,0.138,0.00949688,0.138,0.00923357,0.138,0.00956271,0.138,0.00913483,0.138,0.00946397,0.138,0.0240119,0.138,0.024374
0.139,0.00172919,0.139,0.00142682,0.139,0.0195356,0.139,0.0340178,0.139,0.00926649,0.139,0.00920066,0.139,0.00949688,0.139,0.00903609,0.139,0.0078841,0.139,0.023979,0.139,0.0244727
0.14,0.00172919,0.14,0.00142023,0.14,0.019766,0.14,0.0347419,0.14,0.00926649,0.14,0.00923357,0.14,0.00883861,0.14,0.00897026,0.14,0.00850947,0.14,0.023979,0.14,0.024374
0.141,0.00169628,0.141,0.00143341,0.141,0.0201939,0.141,0.0340178,0.141,0.00956271,0.141,0.00903609,0.141,0.00890443,0.141,0.00900318,0.141,0.00867404,0.141,0.0240119,0.141,0.0234524
0.142,0.00166337,0.142,0.00143341,0.142,0.0194369,0.142,0.033919,0.142,0.00936523,0.142,0.00913483,0.142,0.00923357,0.142,0.00903609,0.142,0.00949688,0.142,0.0240119,0.142,0.0235182
0.143,0.00169628,0.143,0.00144659,0.143,0.0196344,0.143,0.0343469,0.143,0.00847655,0.143,0.00923357,0.143,0.00962854,0.143,0.00913483,0.143,0.00939814,0.143,0.0239461,0.143,0.0239461
0.144,0.00176211,0.144,0.00142682,0.144,0.020161,0.144,0.0344456,0.144,0.00897026,0.144,0.00926649,0.144,0.00969437,0.144,0.00910192,0.144,0.00939814,0.144,0.023979,0.144,0.0240778
0.145,0.00176211,0.145,0.00142023,0.145,0.0210497,0.145,0.033162,0.145,0.00939814,0.145,0.00916774,0.145,0.0095298,0.145,0.00910192,0.145,0.00916774,0.145,0.0240119,0.145,0.0240119
0.146,0.00176211,0.146,0.00144,0.146,0.0197331,0.146,0.0339519,0.146,0.00900318,0.146,0.00910192,0.146,0.00824615,0.146,0.00913483,0.146,0.00850947,0.146,0.0240119,0.146,0.0243082
0.147,0.00172919,0.147,0.00144659,0.147,0.0199635,0.147,0.0344127,0.147,0.009069,0.147,0.00910192,0.147,0.00923357,0.147,0.00913483,0.147,0.00910192,0.147,0.023979,0.147,0.0230574
0.148,0.00169628,0.148,0.00144,0.148,0.0205231,0.148,0.034676,0.148,0.00841072,0.148,0.009069,0.148,0.00903609,0.148,0.00903609,0.148,0.00926649,0.148,0.0239461,0.148,0.0231891
0.149,0.00172919,0.149,0.00144,0.149,0.0188444,0.149,0.0335899,0.149,0.009069,0.149,0.00893735,0.149,0.00926649,0.149,0.009069,0.149,0.00966145,0.149,0.0239461,0.149,0.0238474
0.15,0.00172919,0.15,0.00146635,0.15,0.0196673,0.15,0.0344786,0.15,0.00883861,0.15,0.00900318,0.15,0.0092994,0.15,0.009069,0.15,0.00949688,0.15,0.0238803,0.15,0.0240448
0.151,0.00172919,0.151,0.00144,0.151,0.0198648,0.151,0.0344127,0.151,0.00900318,0.151,0.00913483,0.151,0.00926649,0.151,0.009069,0.151,0.00926649,0.151,0.0239132,0.151,0.024374
0.152,0.00176211,0.152,0.00142682,0.152,0.0195685,0.152,0.0334582,0.152,0.00939814,0.152,0.00916774,0.152,0.00844364,0.152,0.00923357,0.152,0.00857529,0.152,0.0239461,0.152,0.0236828
0.153,0.00169628,0.153,0.00144659,0.153,0.0186799,0.153,0.0336228,0.153,0.0095298,0.153,0.00916774,0.153,0.009069,0.153,0.00920066,0.153,0.00873986,0.153,0.023979,0.153,0.0236499
0.154,0.00176211,0.154,0.00142682,0.154,0.0197331,0.154,0.0341165,0.154,0.00864112,0.154,0.00926649,0.154,0.00910192,0.154,0.00920066,0.154,0.00916774,0.154,0.0239132,0.154,0.0239461
0.155,0.00166337,0.155,0.00144,0.155,0.020556,0.155,0.0348406,0.155,0.00920066,0.155,0.00926649,0.155,0.00926649,0.155,0.00910192,0.155,0.00943106,0.155,0.0239461,0.155,0.0239132
0.156,0.00169628,0.156,0.00147294,0.156,0.0204243,0.156,0.0331949,0.156,0.00910192,0.156,0.00926649,0.156,0.00992477,0.156,0.00903609,0.156,0.00890443,0.156,0.0239461,0.156,0.0245056
0.157,0.00169628,0.157,0.00144659,0.157,0.0195685,0.157,0.0337544,0.157,0.00897026,0.157,0.00910192,0.157,0.00920066,0.157,0.00900318,0.157,0.00933231,0.157,0.0240119,0.157,0.0244069
0.158,0.00169628,0.158,0.00143341,0.158,0.0201281,0.158,0.0343798,0.158,0.009069,0.158,0.009069,0.158,0.00864112,0.158,0.00903609,0.158,0.00854238,0.158,0.0240448,0.158,0.0240448
0.159,0.00172919,0.159,0.00143341,0.159,0.0204243,0.159,0.0345773,0.159,0.00900318,0.159,0.00903609,0.159,0.00893735,0.159,0.00903609,0.159,0.00903609,0.159,0.0240448,0.159,0.0226295
0.16,0.00172919,0.16,0.00143341,0.16,0.0186799,0.16,0.0332936,0.16,0.00877278,0.16,0.00926649,0.16,0.00910192,0.16,0.00913483,0.16,0.00864112,0.16,0.023979,0.16,0.0237815
0.161,0.00172919,0.161,0.00142023,0.161,0.0196673,0.161,0.0339519,0.161,0.009069,0.161,0.00926649,0.161,0.00979311,0.161,0.00903609,0.161,0.00923357,0.161,0.0240119,0.161,0.0242094
0.162,0.00169628,0.162,0.00144,0.162,0.0201281,0.162,0.0344456,0.162,0.00900318,0.162,0.00923357,0.162,0.0095298,0.162,0.00910192,0.162,0.00920066,0.162,0.0240119,0.162,0.0245056
0.163,0.00172919,0.163,0.00142682,0.163,0.020161,0.163,0.0345773,0.163,0.00923357,0.163,0.00920066,0.163,0.00933231,0.163,0.00916774,0.163,0.00910192,0.163,0.0240119,0.163,0.0239461
0.164,0.00172919,0.164,0.00144659,0.164,0.0188444,0.164,0.033524,0.164,0.00900318,0.164,0.00920066,0.164,0.00897026,0.164,0.00913483,0.164,0.00985894,0.164,0.0240119,0.164,0.0244069
0.165,0.00176211,0.165,0.00145318,0.165,0.0200623,0.165,0.0344786,0.165,0.00900318,0.165,0.00910192,0.165,0.00870695,0.165,0.009069,0.165,0.00841072,0.165,0.0239132,0.165,0.0238144
0.166,0.00176211,0.166,0.00144659,0.166,0.0205889,0.166,0.0342482,0.166,0.00883861,0.166,0.00897026,0.166,0.00864112,0.166,0.009069,0.166,0.00890443,0.166,0.0239132,0.166,0.0242094
0.167,0.00169628,0.167,0.00141364,0.167,0.0204243,0.167,0.0337874,0.167,0.00887152,0.167,0.009069,0.167,0.00926649,0.167,0.00910192,0.167,0.00946397,0.167,0.023979,0.167,0.0242423
0.168,0.00172919,0.168,0.00142682,0.168,0.0194369,0.168,0.0337215,0.168,0.00956271,0.168,0.00903609,0.168,0.00962854,0.168,0.00916774,0.168,0.00956271,0.168,0.0239132,0.168,0.0242423
0.169,0.00172919,0.169,0.00144659,0.169,0.0192723,0.169,0.0341165,0.169,0.00936523,0.169,0.00913483,0.169,0.00979311,0.169,0.00916774,0.169,0.00956271,0.169,0.0239132,0.169,0.0235511
0.17,0.00169628,0.17,0.00143341,0.17,0.020161,0.17,0.0343798,0.17,0.00920066,0.17,0.009069,0.17,0.00966145,0.17,0.00916774,0.17,0.00966145,0.17,0.0239132,0.17,0.0241436
0.171,0.00169628,0.171,0.00144,0.171,0.020161,0.171,0.0334253,0.171,0.00864112,0.171,0.00913483,0.171,0.00801576,0.171,0.00913483,0.171,0.00818033,0.171,0.023979,0.171,0.0243082
0.172,0.00172919,0.172,0.00144659,0.172,0.0193052,0.172,0.0347089,0.172,0.00880569,0.172,0.00920066,0.172,0.00926649,0.172,0.009069,0.172,0.00877278,0.172,0.0239461,0.172,0.0233866
0.173,0.00172919,0.173,0.00144,0.173,0.0200293,0.173,0.0339848,0.173,0.00903609,0.173,0.00910192,0.173,0.00962854,0.173,0.00893735,0.173,0.009069,0.173,0.023979,0.173,0.0240119
0.174,0.00172919,0.174,0.00143341,0.174,0.0200952,0.174,0.0342152,0.174,0.00923357,0.174,0.00900318,0.174,0.00893735,0.174,0.00897026,0.174,0.00890443,0.174,0.0240119,0.174,0.0242423
0.175,0.00172919,0.175,0.00144659,0.175,0.0189103,0.175,0.0335899,0.175,0.00959563,0.175,0.00903609,0.175,0.00959563,0.175,0.00903609,0.175,0.00913483,0.175,0.0240448,0.175,0.0237157
0.176,0.00172919,0.176,0.00145318,0.176,0.0193052,0.176,0.0337874,0.176,0.00949688,0.176,0.00913483,0.176,0.00956271,0.176,0.009069,0.176,0.00939814,0.176,0.0240448,0.176,0.0237486
0.177,0.00172919,0.177,0.00144,0.177,0.0200293,0.177,0.0340836,0.177,0.00831198,0.177,0.00910192,0.177,0.00844364,0.177,0.00910192,0.177,0.00837781,0.177,0.0240119,0.177,0.0240448
0.178,0.00172919,0.178,0.00143341,0.178,0.0202268,0.178,0.0344456,0.178,0.00870695,0.178,0.00920066,0.178,0.00873986,0.178,0.00913483,0.178,0.0092994,0.178,0.023979,0.178,0.0240448
0.179,0.00172919,0.179,0.00144659,0.179,0.0191736,0.179,0.0340507,0.179,0.009069,0.179,0.00903609,0.179,0.00873986,0.179,0.00913483,0.179,0.0092994,0.179,0.023979,0.179,0.0241107
0.18,0.00172919,0.18,0.00144659,0.18,0.0199635,0.18,0.0331949,0.18,0.00890443,0.18,0.00900318,0.18,0.00936523,0.18,0.00910192,0.18,0.00962854,0.18,0.0240119,0.18,0.0237486
0.181,0.00176211,0.181,0.00143341,0.181,0.0200623,0.181,0.0330962,0.181,0.00946397,0.181,0.00900318,0.181,0.00962854,0.181,0.00910192,0.181,0.00946397,0.181,0.0239461,0.181,0.0237157
0.182,0.00172919,0.182,0.00144659,0.182,0.019766,0.182,0.0338532,0.182,0.00936523,0.182,0.00893735,0.182,0.00920066,0.182,0.00910192,0.182,0.00824615,0.182,0.023979,0.182,0.0242423
0.183,0.00172919,0.183,0.00144659,0.183,0.0192394,0.183,0.0343798,0.183,0.00867404,0.183,0.00900318,0.183,0.00860821,0.183,0.00910192,0.183,0.00873986,0.183,0.0239461,0.183,0.023617
0.184,0.00172919,0.184,0.00143341,0.184,0.0197002,0.184,0.0343469,0.184,0.00933231,0.184,0.00913483,0.184,0.00857529,0.184,0.00910192,0.184,0.00936523,0.184,0.0239461,0.184,0.0241107
0.185,0.00176211,0.185,0.00142023,0.185,0.0199635,0.185,0.0343469,0.185,0.00900318,0.185,0.00916774,0.185,0.00903609,0.185,0.00920066,0.185,0.00946397,0.185,0.0239461,0.185,0.0242094
0.186,0.00172919,0.186,0.00145318,0.186,0.0201939,0.186,0.0338203,0.186,0.00966145,0.186,0.00913483,0.186,0.00933231,0.186,0.00916774,0.186,0.00943106,0.186,0.023979,0.186,0.0240448
0.187,0.00176211,0.187,0.00143341,0.187,0.0198977,0.187,0.0338861,0.187,0.00910192,0.187,0.00910192,0.187,0.00972728,0.187,0.00920066,0.187,0.00969437,0.187,0.0239461,0.187,0.0235511
0.188,0.00169628,0.188,0.00144659,0.188,0.018614,0.188,0.0342152,0.188,0.00857529,0.188,0.00913483,0.188,0.0097602,0.188,0.00916774,0.188,0.00804867,0.188,0.0239461,0.188,0.0240448
0.189,0.00176211,0.189,0.00145977,0.189,0.0193711,0.189,0.0344786,0.189,0.00943106,0.189,0.00920066,0.189,0.00920066,0.189,0.009069,0.189,0.00808159,0.189,0.023979,0.189,0.0243411
0.19,0.00169628,0.19,0.00144659,0.19,0.0195356,0.19,0.0341823,0.19,0.00897026,0.19,0.00913483,0.19,0.00873986,0.19,0.00900318,0.19,0.00943106,0.19,0.023979,0.19,0.0246702
0.191,0.00172919,0.191,0.00145977,0.191,0.0201281,0.191,0.0338861,0.191,0.00943106,0.191,0.00900318,0.191,0.00864112,0.191,0.00900318,0.191,0.00943106,0.191,0.0240448,0.191,0.0240778
0.192,0.00179502,0.192,0.00145318,0.192,0.0202597,0.192,0.0340178,0.192,0.00883861,0.192,0.00910192,0.192,0.00933231,0.192,0.00903609,0.192,0.00903609,0.192,0.0240119,0.192,0.0241436
0.193,0.00166337,0.193,0.00145318,0.193,0.0202268,0.193,0.0340507,0.193,0.00900318,0.193,0.00916774,0.193,0.0100235,0.193,0.00913483,0.193,0.00939814,0.193,0.0240119,0.193,0.0239132
0.194,0.00172919,0.194,0.00143341,0.194,0.0189761,0.194,0.0340836,0.194,0.00893735,0.194,0.00920066,0.194,0.00959563,0.194,0.00910192,0.194,0.00844364,0.194,0.0240119,0.194,0.0233866
0.195,0.00176211,0.195,0.00144659,0.195,0.0196344,0.195,0.0343469,0.195,0.00949688,0.195,0.00916774,0.195,0.00916774,0.195,0.00913483,0.195,0.00883861,0.195,0.0240119,0.195,0.0235511
0.196,0.00172919,0.196,0.00143341,0.196,0.0197331,0.196,0.0333924,0.196,0.00923357,0.196,0.00920066,0.196,0.00883861,0.196,0.00910192,0.196,0.0095298,0.196,0.0240119,0.196,0.0241436
0.197,0.00172919,0.197,0.00144,0.197,0.020161,0.197,0.0334911,0.197,0.00920066,0.197,0.009069,0.197,0.00939814,0.197,0.00920066,0.197,0.00939814,0.197,0.023979,0.197,0.0239461
0.198,0.00169628,0.198,0.00145977,0.198,0.0205889,0.198,0.0341823,0.198,0.00837781,0.198,0.00897026,0.198,0.00949688,0.198,0.00913483,0.198,0.00926649,0.198,0.023979,0.198,0.0237157
0.199,0.00169628,0.199,0.00145318,0.199,0.0191736,0.199,0.0347089,0.199,0.00933231,0.199,0.00893735,0.199,0.00923357,0.199,0.00910192,0.199,0.00923357,0.199,0.0239132,0.199,0.0234195
0.2,0.00172919,0.2,0.00145318,0.2,0.0195356,0.2,0.0344786,0.2,0.00850947,0.2,0.00880569,0.2,0.00860821,0.2,0.00910192,0.2,0.00900318,0.2,0.0239461,0.2,0.0240778
0.201,0.00176211,0.201,0.00145977,0.201,0.0197002,0.201,0.0332278,0.201,0.00946397,0.201,0.009069,0.201,0.00867404,0.201,0.00913483,0.201,0.009069,0.201,0.0239461,0.201,0.0240778
0.202,0.00179502,0.202,0.00143341,0.202,0.019766,0.202,0.0337874,0.202,0.00992477,0.202,0.00913483,0.202,0.00923357,0.202,0.00920066,0.202,0.00966145,0.202,0.0239132,0.202,0.0238144
0.203,0.00179502,0.203,0.00144659,0.203,0.019766,0.203,0.0343798,0.203,0.00880569,0.203,0.00916774,0.203,0.00946397,0.203,0.00923357,0.203,0.00897026,0.203,0.0239132,0.203,0.0234524
0.204,0.00169628,0.204,0.00143341,0.204,0.0186799,0.204,0.0341165,0.204,0.00946397,0.204,0.00920066,0.204,0.00939814,0.204,0.00920066,0.204,0.00933231,0.204,0.023979,0.204,0.0244069
0.205,0.00176211,0.205,0.00146635,0.205,0.0191736,0.205,0.0333924,0.205,0.00920066,0.205,0.00913483,0.205,0.00920066,0.205,0.00913483,0.205,0.00860821,0.205,0.0239132,0.205,0.0246373
0.206,0.00176211,0.206,0.00145318,0.206,0.0197331,0.206,0.0340836,0.206,0.00916774,0.206,0.00923357,0.206,0.00837781,0.206,0.00903609,0.206,0.009069,0.206,0.0239461,0.206,0.0237157
0.207,0.00172919,0.207,0.00143341,0.207,0.0199306,0.207,0.0344786,0.207,0.00936523,0.207,0.00900318,0.207,0.00883861,0.207,0.00903609,0.207,0.00880569,0.207,0.0240119,0.207,0.0239132
0.208,0.00172919,0.208,0.00142682,0.208,0.0204243,0.208,0.0348077,0.208,0.00880569,0.208,0.00897026,0.208,0.00893735,0.208,0.00903609,0.208,0.0095298,0.208,0.0240448,0.208,0.0240448
0.209,0.00166337,0.209,0.00144,0.209,0.020161,0.209,0.0331291,0.209,0.00877278,0.209,0.00903609,0.209,0.00939814,0.209,0.00913483,0.209,0.00910192,0.209,0.0240448,0.209,0.0243411
0.21,0.00172919,0.21,0.00145318,0.21,0.0193052,0.21,0.0339519,0.21,0.00900318,0.21,0.00913483,0.21,0.0100235,0.21,0.00913483,0.21,0.00893735,0.21,0.023979,0.21,0.0233866
0.211,0.00172919,0.211,0.00142682,0.211,0.0197989,0.211,0.0342152,0.211,0.00910192,0.211,0.0092994,0.211,0.0097602,0.211,0.00913483,0.211,0.00903609,0.211,0.023979,0.211,0.023617
0.212,0.00172919,0.212,0.00142682,0.212,0.0207864,0.212,0.0346102,0.212,0.00890443,0.212,0.00913483,0.212,0.00831198,0.212,0.00910192,0.212,0.00982602,0.212,0.023979,0.212,0.023979
0.213,0.00176211,0.213,0.00143341,0.213,0.0194369,0.213,0.0340178,0.213,0.00893735,0.213,0.00920066,0.213,0.00864112,0.213,0.00916774,0.213,0.00962854,0.213,0.0240119,0.213,0.0244398
0.214,0.00172919,0.214,0.00144659,0.214,0.0201281,0.214,0.0347419,0.214,0.00916774,0.214,0.00913483,0.214,0.00936523,0.214,0.00913483,0.214,0.00989185,0.214,0.023979,0.214,0.023222
0.215,0.00172919,0.215,0.00140705,0.215,0.0203585,0.215,0.0342811,0.215,0.00883861,0.215,0.00903609,0.215,0.00903609,0.215,0.009069,0.215,0.00860821,0.215,0.023979,0.215,0.0240119
0.216,0.00172919,0.216,0.00143341,0.216,0.0202597,0.216,0.0333924,0.216,0.00920066,0.216,0.00893735,0.216,0.00920066,0.216,0.009069,0.216,0.00880569,0.216,0.0239132,0.216,0.0242094
0.217,0.00169628,0.217,0.00141364,0.217,0.0193052,0.217,0.0338203,0.217,0.0083449,0.217,0.00910192,0.217,0.00827907,0.217,0.00913483,0.217,0.00880569,0.217,0.0239132,0.217,0.024374
0.218,0.00172919,0.218,0.00144659,0.218,0.0193381,0.218,0.0341494,0.218,0.00877278,0.218,0.00916774,0.218,0.00887152,0.218,0.00916774,0.218,0.00949688,0.218,0.0239132,0.218,0.0235182
0.219,0.00176211,0.219,0.00142682,0.219,0.0198648,0.219,0.0342811,0.219,0.00933231,0.219,0.00910192,0.219,0.00913483,0.219,0.00920066,0.219,0.0095298,0.219,0.0239132,0.219,0.0237815
0.22,0.00172919,0.22,0.00144659,0.22,0.0208193,0.22,0.0336228,0.22,0.00916774,0.22,0.00920066,0.22,0.00946397,0.22,0.00923357,0.22,0.00854238,0.22,0.0239132,0.22,0.0242094
0.221,0.00166337,0.221,0.00144,0.221,0.0189761,0.221,0.0342482,0.221,0.0095298,0.221,0.00920066,0.221,0.00933231,0.221,0.00916774,0.221,0.00850947,0.221,0.0239461,0.221,0.0244727
0.222,0.00176211,0.222,0.00141364,0.222,0.0194698,0.222,0.0343469,0.222,0.00900318,0.222,0.00920066,0.222,0.00824615,0.222,0.00910192,0.222,0.00933231,0.222,0.0239461,0.222,0.0233536
0.223,0.00172919,0.223,0.00143341,0.223,0.0203256,0.223,0.0337544,0.223,0.00877278,0.223,0.00916774,0.223,0.00893735,0.223,0.00903609,0.223,0.009069,0.223,0.023979,0.223,0.0237157
0.224,0.00169628,0.224,0.00141364,0.224,0.0203256,0.224,0.0339519,0.224,0.00903609,0.224,0.00903609,0.224,0.00943106,0.224,0.00903609,0.224,0.00808159,0.224,0.0240448,0.224,0.0238803
0.225,0.00166337,0.225,0.00144,0.225,0.0194698,0.225,0.0342152,0.225,0.0092994,0.225,0.009069,0.225,0.0101552,0.225,0.00916774,0.225,0.00880569,0.225,0.0240448,0.225,0.0248019
0.226,0.00169628,0.226,0.00142682,0.226,0.0203914,0.226,0.0342482,0.226,0.00966145,0.226,0.00913483,0.226,0.0100893,0.226,0.00913483,0.226,0.00956271,0.226,0.023979,0.226,0.0233866
0.227,0.00172919,0.227,0.00143341,0.227,0.0200952,0.227,0.0332607,0.227,0.009069,0.227,0.00916774,0.227,0.00897026,0.227,0.00916774,0.227,0.00972728,0.227,0.0239461,0.227,0.0236499
0.228,0.00172919,0.228,0.00142023,0.228,0.0188774,0.228,0.0340836,0.228,0.00913483,0.228,0.00920066,0.228,0.00916774,0.228,0.00916774,0.228,0.00890443,0.228,0.0239461,0.228,0.0238144
0.229,0.00169628,0.229,0.0012621,0.229,0.0198648,0.229,0.0340507,0.229,0.00962854,0.229,0.00913483,0.229,0.00933231,0.229,0.00920066,0.229,0.0095298,0.229,0.023979,0.229,0.023979
0.23,0.00176211,0.23,0.00128186,0.23,0.0207864,0.23,0.0342811,0.23,0.00873986,0.23,0.00903609,0.23,0.00936523,0.23,0.0092994,0.23,0.0095298,0.23,0.0240448,0.23,0.0230903
0.231,0.00169628,0.231,0.00145977,0.231,0.0204572,0.231,0.033524,0.231,0.00880569,0.231,0.00903609,0.231,0.00936523,0.231,0.00920066,0.231,0.00959563,0.231,0.023979,0.231,0.023979
0.232,0.00172919,0.232,0.00140705,0.232,0.018647,0.232,0.0342811,0.232,0.00910192,0.232,0.00890443,0.232,0.00867404,0.232,0.00916774,0.232,0.00827907,0.232,0.0239132,0.232,0.023979
0.233,0.00172919,0.233,0.00139388,0.233,0.020161,0.233,0.0343798,0.233,0.00926649,0.233,0.00897026,0.233,0.00893735,0.233,0.00920066,0.233,0.00900318,0.233,0.0239132,0.233,0.0243411
0.234,0.00176211,0.234,0.00143341,0.234,0.0198977,0.234,0.0329645,0.234,0.00818033,0.234,0.00910192,0.234,0.00936523,0.234,0.00926649,0.234,0.00959563,0.234,0.0238474,0.234,0.0232878
0.235,0.00172919,0.235,0.00142023,0.235,0.0206547,0.235,0.0333595,0.235,0.00956271,0.235,0.00910192,0.235,0.00913483,0.235,0.0092994,0.235,0.0100893,0.235,0.0239461,0.235,0.0240448
0.236,0.00172919,0.236,0.00140046,0.236,0.0194369,0.236,0.0341823,0.236,0.00959563,0.236,0.00913483,0.236,0.00985894,0.236,0.00936523,0.236,0.00920066,0.236,0.0239461,0.236,0.0242423
0.237,0.00172919,0.237,0.00145318,0.237,0.0200952,0.237,0.0342811,0.237,0.0095298,0.237,0.00910192,0.237,0.00837781,0.237,0.0092994,0.237,0.00920066,0.237,0.0239461,0.237,0.0246044
0.238,0.00169628,0.238,0.00141364,0.238,0.0202268,0.238,0.0335899,0.238,0.00900318,0.238,0.00910192,0.238,0.00933231,0.238,0.00926649,0.238,0.00923357,0.238,0.023979,0.238,0.0234524
0.239,0.00176211,0.239,0.00140046,0.239,0.0208193,0.239,0.0339519,0.239,0.00910192,0.239,0.00913483,0.239,0.00946397,0.239,0.00923357,0.239,0.00956271,0.239,0.0240119,0.239,0.0238803
0.24,0.00169628,0.24,0.00143341,0.24,0.0194698,0.24,0.034676,0.24,0.00949688,0.24,0.00910192,0.24,0.00946397,0.24,0.009069,0.24,0.00864112,0.24,0.0239461,0.24,0.0240448
0.241,0.00176211,0.241,0.00144659,0.241,0.0200623,0.241,0.0341823,0.241,0.00903609,0.241,0.00910192,0.241,0.00854238,0.241,0.00913483,0.241,0.00926649,0.241,0.0240448,0.241,0.023979
0.242,0.00176211,0.242,0.00143341,0.242,0.0200623,0.242,0.0336228,0.242,0.00900318,0.242,0.00910192,0.242,0.00897026,0.242,0.00920066,0.242,0.00982602,0.242,0.023979,0.242,0.0241107
0.243,0.00176211,0.243,0.00142682,0.243,0.0205231,0.243,0.0340836,0.243,0.00910192,0.243,0.00920066,0.243,0.009069,0.243,0.00926649,0.243,0.00949688,0.243,0.0240119,0.243,0.0240448
0.244,0.00169628,0.244,0.00141364,0.244,0.0193052,0.244,0.0344456,0.244,0.00933231,0.244,0.00926649,0.244,0.00982602,0.244,0.00920066,0.244,0.00923357,0.244,0.0240119,0.244,0.0233207
0.245,0.00172919,0.245,0.00143341,0.245,0.0205231,0.245,0.0334253,0.245,0.00920066,0.245,0.00920066,0.245,0.00867404,0.245,0.00920066,0.245,0.00887152,0.245,0.0240119,0.245,0.0234195
0.246,0.00172919,0.246,0.00138729,0.246,0.0206218,0.246,0.0345115,0.246,0.00903609,0.246,0.00910192,0.246,0.00910192,0.246,0.00926649,0.246,0.00982602,0.246,0.0240119,0.246,0.0238803
0.247,0.00169628,0.247,0.00141364,0.247,0.0192723,0.247,0.0342811,0.247,0.00920066,0.247,0.009069,0.247,0.00900318,0.247,0.00920066,0.247,0.0097602,0.247,0.023979,0.247,0.0240778
0.248,0.00176211,0.248,0.00139388,0.248,0.0205231,0.248,0.0345115,0.248,0.00933231,0.248,0.009069,0.248,0.00946397,0.248,0.00913483,0.248,0.00890443,0.248,0.0239461,0.248,0.0243411
0.249,0.00172919,0.249,0.0013807,0.249,0.0199964,0.249,0.0329645,0.249,0.00880569,0.249,0.00900318,0.249,0.00821324,0.249,0.00910192,0.249,0.00910192,0.249,0.0239461,0.249,0.0238474
0.25,0.00172919,0.25,0.00139388,0.25,0.0203256,0.25,0.0342152,0.25,0.00893735,0.25,0.00890443,0.25,0.00873986,0.25,0.00913483,0.25,0.00946397,0.25,0.0239461,0.25,0.0230903
0.251,0.00176211,0.251,0.0013807,0.251,0.0192065,0.251,0.0344456,0.251,0.00903609,0.251,0.00920066,0.251,0.00933231,0.251,0.00926649,0.251,0.00936523,0.251,0.0239461,0.251,0.0229916
0.252,0.00176211,0.252,0.0013807,0.252,0.0201939,0.252,0.0343798,0.252,0.00923357,0.252,0.00913483,0.252,0.00933231,0.252,0.00926649,0.252,0.00873986,0.252,0.0238803,0.252,0.0241436
0.253,0.00176211,0.253,0.00140046,0.253,0.0201281,0.253,0.033919,0.253,0.00893735,0.253,0.00923357,0.253,0.00850947,0.253,0.00923357,0.253,0.00943106,0.253,0.0239132,0.253,0.0243411
0.254,0.00163045,0.254,0.00140046,0.254,0.0201281,0.254,0.033919,0.254,0.00870695,0.254,0.009069,0.254,0.00939814,0.254,0.00920066,0.254,0.0095298,0.254,0.0239132,0.254,0.0240778
0.255,0.00172919,0.255,0.00141364,0.255,0.0197002,0.255,0.0340507,0.255,0.0092994,0.255,0.00920066,0.255,0.00936523,0.255,0.00916774,0.255,0.00962854,0.255,0.0239132,0.255,0.0240448
0.256,0.00172919,0.256,0.00137411,0.256,0.020161,0.256,0.0333924,0.256,0.00926649,0.256,0.00920066,0.256,0.00943106,0.256,0.00910192,0.256,0.00880569,0.256,0.0239461,0.256,0.0238474
0.257,0.00172919,0.257,0.00138729,0.257,0.0204572,0.257,0.0341494,0.257,0.00900318,0.257,0.00910192,0.257,0.00850947,0.257,0.00900318,0.257,0.00936523,0.257,0.023979,0.257,0.0230245
0.258,0.00176211,0.258,0.00139388,0.258,0.0195356,0.258,0.0346431,0.258,0.0092994,0.258,0.00903609,0.258,0.00897026,0.258,0.00910192,0.258,0.00956271,0.258,0.023979,0.258,0.023584
0.259,0.00172919,0.259,0.00140046,0.259,0.0196673,0.259,0.0342482,0.259,0.00877278,0.259,0.00916774,0.259,0.0097602,0.259,0.00916774,0.259,0.00979311,0.259,0.023979,0.259,0.0239461
0.26,0.00172919,0.26,0.00138729,0.26,0.0199964,0.26,0.0329316,0.26,0.00969437,0.26,0.00913483,0.26,0.0092994,0.26,0.00920066,0.26,0.00877278,0.26,0.023979,0.26,0.0240448
0.261,0.00172919,0.261,0.00139388,0.261,0.0204572,0.261,0.0341494,0.261,0.00867404,0.261,0.00923357,0.261,0.00854238,0.261,0.00923357,0.261,0.009069,0.261,0.0239461,0.261,0.0234524
0.262,0.00176211,0.262,0.00140046,0.262,0.0187786,0.262,0.0346431,0.262,0.00933231,0.262,0.00926649,0.262,0.009069,0.262,0.00916774,0.262,0.00936523,0.262,0.023979,0.262,0.0232549
0.263,0.00172919,0.263,0.00140705,0.263,0.0197331,0.263,0.0338532,0.263,0.00926649,0.263,0.00910192,0.263,0.00939814,0.263,0.00920066,0.263,0.00966145,0.263,0.023979,0.263,0.0237486
0.264,0.00176211,0.264,0.00139388,0.264,0.0204901,0.264,0.0333595,0.264,0.00887152,0.264,0.009069,0.264,0.00926649,0.264,0.00920066,0.264,0.00808159,0.264,0.023979,0.264,0.0242423
0.265,0.00172919,0.265,0.00136093,0.265,0.0207534,0.265,0.033557,0.265,0.00890443,0.265,0.00903609,0.265,0.00804867,0.265,0.00910192,0.265,0.0092994,0.265,0.0239132,0.265,0.0245385
0.266,0.00172919,0.266,0.0013807,0.266,0.0194698,0.266,0.0342811,0.266,0.00936523,0.266,0.00900318,0.266,0.00903609,0.266,0.00916774,0.266,0.00959563,0.266,0.0239461,0.266,0.0242752
0.267,0.00182794,0.267,0.00137411,0.267,0.0198977,0.267,0.0332278,0.267,0.00900318,0.267,0.00910192,0.267,0.00910192,0.267,0.00923357,0.267,0.00969437,0.267,0.0239132,0.267,0.0229916
0.268,0.00172919,0.268,0.00137411,0.268,0.0200952,0.268,0.0334911,0.268,0.00864112,0.268,0.00923357,0.268,0.0092994,0.268,0.0092994,0.268,0.00860821,0.268,0.0239461,0.268,0.023979
0.269,0.00176211,0.269,0.0013807,0.269,0.0205231,0.269,0.0341165,0.269,0.00903609,0.269,0.00923357,0.269,0.00873986,0.269,0.00923357,0.269,0.00913483,0.269,0.0239461,0.269,0.0241436
0.27,0.00172919,0.27,0.00137411,0.27,0.0191736,0.27,0.033919,0.27,0.00949688,0.27,0.00916774,0.27,0.00969437,0.27,0.00920066,0.27,0.00936523,0.27,0.0239461,0.27,0.0244727
0.271,0.00172919,0.271,0.00135434,0.271,0.0200952,0.271,0.0336557,0.271,0.00890443,0.271,0.00913483,0.271,0.00916774,0.271,0.00923357,0.271,0.00923357,0.271,0.0239461,0.271,0.0240119
0.272,0.00166337,0.272,0.00139388,0.272,0.0203914,0.272,0.0337874,0.272,0.00920066,0.272,0.00916774,0.272,0.00946397,0.272,0.00913483,0.272,0.00831198,0.272,0.0239132,0.272,0.0243082
0.273,0.00169628,0.273,0.00137411,0.273,0.0195027,0.273,0.0341494,0.273,0.00946397,0.273,0.00933231,0.273,0.00870695,0.273,0.00903609,0.273,0.00900318,0.273,0.0239132,0.273,0.023222
0.274,0.00169628,0.274,0.0013807,0.274,0.0195356,0.274,0.0339848,0.274,0.00956271,0.274,0.00910192,0.274,0.00923357,0.274,0.009069,0.274,0.00972728,0.274,0.023979,0.274,0.023617
0.275,0.00169628,0.275,0.00137411,0.275,0.0206876,0.275,0.0334253,0.275,0.00860821,0.275,0.009069,0.275,0.00933231,0.275,0.00916774,0.275,0.0095298,0.275,0.0240119,0.275,0.0238474
0.276,0.00169628,0.276,0.00139388,0.276,0.0204243,0.276,0.0336557,0.276,0.00890443,0.276,0.00916774,0.276,0.00992477,0.276,0.00920066,0.276,0.00857529,0.276,0.023979,0.276,0.0238474
0.277,0.00172919,0.277,0.00136752,0.277,0.0185811,0.277,0.0334253,0.277,0.00916774,0.277,0.00936523,0.277,0.00920066,0.277,0.00910192,0.277,0.00890443,0.277,0.023979,0.277,0.0242423
0.278,0.00172919,0.278,0.00140046,0.278,0.0204901,0.278,0.0340836,0.278,0.00939814,0.278,0.00933231,0.278,0.00939814,0.278,0.00913483,0.278,0.00923357,0.278,0.0240119,0.278,0.0246373
0.279,0.00169628,0.279,0.0013807,0.279,0.0205231,0.279,0.0342152,0.279,0.00808159,0.279,0.00923357,0.279,0.00943106,0.279,0.00923357,0.279,0.0095298,0.279,0.023979,0.279,0.0233866
0.28,0.00176211,0.28,0.0013807,0.28,0.0204901,0.28,0.033919,0.28,0.00913483,0.28,0.00913483,0.28,0.00989185,0.28,0.00923357,0.28,0.00850947,0.28,0.0240119,0.28,0.0236499
0.281,0.00176211,0.281,0.00138729,0.281,0.0185482,0.281,0.0327341,0.281,0.00946397,0.281,0.00920066,0.281,0.00880569,0.281,0.00916774,0.281,0.00946397,0.281,0.023979,0.281,0.0235511
0.282,0.00179502,0.282,0.00139388,0.282,0.0198648,0.282,0.0341494,0.282,0.0095298,0.282,0.009069,0.282,0.00926649,0.282,0.00913483,0.282,0.00985894,0.282,0.0239132,0.282,0.024736
0.283,0.00169628,0.283,0.00138729,0.283,0.0201281,0.283,0.0341823,0.283,0.00887152,0.283,0.00910192,0.283,0.00913483,0.283,0.00910192,0.283,0.00926649,0.283,0.0238803,0.283,0.0244727
0.284,0.00179502,0.284,0.0013807,0.284,0.0202268,0.284,0.033919,0.284,0.00883861,0.284,0.00913483,0.284,0.00966145,0.284,0.00916774,0.284,0.0100235,0.284,0.0239132,0.284,0.0240119
0.285,0.00176211,0.285,0.0013807,0.285,0.0196673,0.285,0.0340178,0.285,0.00910192,0.285,0.00923357,0.285,0.00910192,0.285,0.00926649,0.285,0.00870695,0.285,0.0239132,0.285,0.0235511
0.286,0.00172919,0.286,0.00139388,0.286,0.0187128,0.286,0.0329974,0.286,0.0097602,0.286,0.00926649,0.286,0.0092994,0.286,0.00923357,0.286,0.00873986,0.286,0.0238803,0.286,0.0234524
0.287,0.00169628,0.287,0.00138729,0.287,0.0196673,0.287,0.0332278,0.287,0.009069,0.287,0.00923357,0.287,0.00959563,0.287,0.00920066,0.287,0.009069,0.287,0.0239132,0.287,0.0237815
0.288,0.00176211,0.288,0.00136752,0.288,0.0201281,0.288,0.033919,0.288,0.00880569,0.288,0.00933231,0.288,0.00920066,0.288,0.00916774,0.288,0.00890443,0.288,0.0239132,0.288,0.024374
0.289,0.00169628,0.289,0.00136752,0.289,0.0202597,0.289,0.0336886,0.289,0.00962854,0.289,0.0092994,0.289,0.00873986,0.289,0.00903609,0.289,0.00933231,0.289,0.0239132,0.289,0.0240778
0.29,0.00169628,0.29,0.00138729,0.29,0.0210826,0.29,0.0342482,0.29,0.00956271,0.29,0.00923357,0.29,0.00943106,0.29,0.00900318,0.29,0.00883861,0.29,0.023979,0.29,0.0246373
0.291,0.00176211,0.291,0.00135434,0.291,0.0198648,0.291,0.0337874,0.291,0.00946397,0.291,0.00923357,0.291,0.00923357,0.291,0.009069,0.291,0.00897026,0.291,0.0240119,0.291,0.023617
0.292,0.00176211,0.292,0.00138729,0.292,0.019404,0.292,0.0327999,0.292,0.00850947,0.292,0.00916774,0.292,0.00850947,0.292,0.00910192,0.292,0.0081145,0.292,0.0240119,0.292,0.023979
0.293,0.00172919,0.293,0.00137411,0.293,0.0197002,0.293,0.0334911,0.293,0.00900318,0.293,0.0092994,0.293,0.00933231,0.293,0.009069,0.293,0.00949688,0.293,0.023979,0.293,0.0240119
0.294,0.00172919,0.294,0.00135434,0.294,0.020161,0.294,0.0337215,0.294,0.00883861,0.294,0.0092994,0.294,0.0100235,0.294,0.00916774,0.294,0.0092994,0.294,0.023979,0.294,0.0244069
0.295,0.00172919,0.295,0.0013807,0.295,0.0194369,0.295,0.0342811,0.295,0.00910192,0.295,0.00923357,0.295,0.00992477,0.295,0.00916774,0.295,0.00962854,0.295,0.0240119,0.295,0.0241107
0.296,0.00169628,0.296,0.00136093,0.296,0.0204243,0.296,0.0332607,0.296,0.00923357,0.296,0.0092994,0.296,0.00890443,0.296,0.00920066,0.296,0.00972728,0.296,0.023979,0.296,0.0240778
0.297,0.00172919,0.297,0.0013807,0.297,0.0196344,0.297,0.0333595,0.297,0.0097602,0.297,0.00923357,0.297,0.00933231,0.297,0.00916774,0.297,0.00824615,0.297,0.0240119,0.297,0.0247689
0.298,0.00176211,0.298,0.00136752,0.298,0.0190419,0.298,0.0338203,0.298,0.00873986,0.298,0.00916774,0.298,0.00903609,0.298,0.00910192,0.298,0.00854238,0.298,0.0239461,0.298,0.0235511
0.299,0.00176211,0.299,0.00136093,0.299,0.0197989,0.299,0.0338861,0.299,0.00923357,0.299,0.00903609,0.299,0.00936523,0.299,0.009069,0.299,0.00877278,0.299,0.0239132,0.299,0.0237157
0.3,0.00176211,0.3,0.00136752,0.3,0.0203914,0.3,0.0340836,0.3,0.009069,0.3,0.009069,0.3,0.00920066,0.3,0.00910192,0.3,0.00923357,0.3,0.0238803,0.3,0.0239132
0.301,0.00172919,0.301,0.00136752,0.301,0.0204572,0.301,0.0328658,0.301,0.00920066,0.301,0.00920066,0.301,0.00870695,0.301,0.00916774,0.301,0.00949688,0.301,0.0239132,0.301,0.0242094
0.302,0.00172919,0.302,0.00136752,0.302,0.0197002,0.302,0.0330303,0.302,0.0095298,0.302,0.00920066,0.302,0.00890443,0.302,0.00916774,0.302,0.0101222,0.302,0.0239461,0.302,0.023979
0.303,0.00169628,0.303,0.00138729,0.303,0.0194698,0.303,0.0334911,0.303,0.00883861,0.303,0.00916774,0.303,0.00910192,0.303,0.00923357,0.303,0.00844364,0.303,0.023979,0.303,0.0245715
0.304,0.00176211,0.304,0.00140705,0.304,0.0202268,0.304,0.0339519,0.304,0.00926649,0.304,0.00920066,0.304,0.00962854,0.304,0.00920066,0.304,0.00847655,0.304,0.0239461,0.304,0.0241107
0.305,0.00169628,0.305,0.00137411,0.305,0.0203256,0.305,0.0341165,0.305,0.00933231,0.305,0.00923357,0.305,0.00946397,0.305,0.00916774,0.305,0.00903609,0.305,0.0239461,0.305,0.0239461
0.306,0.00172919,0.306,0.00138729,0.306,0.0204243,0.306,0.0334253,0.306,0.0092994,0.306,0.00926649,0.306,0.00982602,0.306,0.009069,0.306,0.00916774,0.306,0.0239132,0.306,0.0240448
0.307,0.00169628,0.307,0.00139388,0.307,0.0181862,0.307,0.0333924,0.307,0.00936523,0.307,0.00903609,0.307,0.00821324,0.307,0.00900318,0.307,0.00933231,0.307,0.0240119,0.307,0.0240778
0.308,0.00179502,0.308,0.00139388,0.308,0.0202268,0.308,0.0334253,0.308,0.00850947,0.308,0.009069,0.308,0.00864112,0.308,0.009069,0.308,0.00943106,0.308,0.0240119,0.308,0.0246044
0.309,0.00172919,0.309,0.0013807,0.309,0.0199635,0.309,0.0336228,0.309,0.00864112,0.309,0.00916774,0.309,0.00887152,0.309,0.00913483,0.309,0.00837781,0.309,0.0240119,0.309,0.0238144
0.31,0.00169628,0.31,0.00136752,0.31,0.0204901,0.31,0.0340507,0.31,0.00936523,0.31,0.00923357,0.31,0.00943106,0.31,0.00913483,0.31,0.00893735,0.31,0.023979,0.31,0.0234853
0.311,0.00176211,0.311,0.00134775,0.311,0.0205889,0.311,0.0338861,0.311,0.00943106,0.311,0.00926649,0.311,0.00962854,0.311,0.00916774,0.311,0.00923357,0.311,0.023979,0.311,0.0238474
0.312,0.00169628,0.312,0.00133457,0.312,0.0188444,0.312,0.0330303,0.312,0.00923357,0.312,0.00916774,0.312,0.00910192,0.312,0.00916774,0.312,0.00943106,0.312,0.023979,0.312,0.0235182
0.313,0.00182794,0.313,0.00136752,0.313,0.0194369,0.313,0.0333924,0.313,0.00916774,0.313,0.00913483,0.313,0.00844364,0.313,0.00916774,0.313,0.00798284,0.313,0.023979,0.313,0.0243082
0.314,0.00172919,0.314,0.00135434,0.314,0.0203914,0.314,0.033919,0.314,0.00883861,0.314,0.009069,0.314,0.00900318,0.314,0.00920066,0.314,0.00916774,0.314,0.0239461,0.314,0.0246373
0.315,0.00172919,0.315,0.00136752,0.315,0.0201281,0.315,0.0340836,0.315,0.00959563,0.315,0.00910192,0.315,0.00910192,0.315,0.00913483,0.315,0.009069,0.315,0.0239461,0.315,0.0242752
0.316,0.00172919,0.316,0.0013807,0.316,0.0202927,0.316,0.033919,0.316,0.0092994,0.316,0.00893735,0.316,0.00949688,0.316,0.00916774,0.316,0.00985894,0.316,0.0238803,0.316,0.0233207
0.317,0.00176211,0.317,0.00138729,0.317,0.0192394,0.317,0.0323391,0.317,0.00850947,0.317,0.009069,0.317,0.00913483,0.317,0.00920066,0.317,0.00867404,0.317,0.0239132,0.317,0.0237486
0.318,0.00176211,0.318,0.00136752,0.318,0.0195027,0.318,0.0329645,0.318,0.00949688,0.318,0.00920066,0.318,0.00939814,0.318,0.00926649,0.318,0.00900318,0.318,0.0239132,0.318,0.0240119
0.319,0.00176211,0.319,0.0013807,0.319,0.0195685,0.319,0.0333595,0.319,0.00943106,0.319,0.00926649,0.319,0.00870695,0.319,0.0092994,0.319,0.00972728,0.319,0.0239132,0.319,0.0242752
0.32,0.00172919,0.32,0.00136752,0.32,0.0198319,0.32,0.0337215,0.32,0.00946397,0.32,0.00920066,0.32,0.00903609,0.32,0.00923357,0.32,0.00939814,0.32,0.0239132,0.32,0.0244069
0.321,0.00172919,0.321,0.00138729,0.321,0.0202268,0.321,0.033524,0.321,0.00920066,0.321,0.00916774,0.321,0.00913483,0.321,0.00926649,0.321,0.00883861,0.321,0.0238803,0.321,0.0243411
0.322,0.00172919,0.322,0.00136752,0.322,0.0204572,0.322,0.0337544,0.322,0.00923357,0.322,0.00913483,0.322,0.00933231,0.322,0.00916774,0.322,0.00913483,0.322,0.0239461,0.322,0.023584
0.323,0.00169628,0.323,0.00137411,0.323,0.019404,0.323,0.032767,0.323,0.009069,0.323,0.00920066,0.323,0.0092994,0.323,0.009069,0.323,0.00864112,0.323,0.0239132,0.323,0.0236828
0.324,0.00172919,0.324,0.00134775,0.324,0.019766,0.324,0.0329316,0.324,0.00959563,0.324,0.009069,0.324,0.00939814,0.324,0.009069,0.324,0.00972728,0.324,0.023979,0.324,0.0244398
0.325,0.00172919,0.325,0.00134775,0.325,0.0202268,0.325,0.0335899,0.325,0.00877278,0.325,0.00903609,0.325,0.00867404,0.325,0.00910192,0.325,0.00890443,0.325,0.0239461,0.325,0.0243411
0.326,0.00172919,0.326,0.00134116,0.326,0.0203914,0.326,0.0334911,0.326,0.00880569,0.326,0.00926649,0.326,0.00920066,0.326,0.00916774,0.326,0.00900318,0.326,0.023979,0.326,0.0242752
0.327,0.00169628,0.327,0.00134775,0.327,0.0200952,0.327,0.033524,0.327,0.00933231,0.327,0.00923357,0.327,0.00959563,0.327,0.00916774,0.327,0.00962854,0.327,0.0239461,0.327,0.0240448
0.328,0.00169628,0.328,0.00133457,0.328,0.0204572,0.328,0.0332936,0.328,0.00995768,0.328,0.00923357,0.328,0.00972728,0.328,0.00920066,0.328,0.00939814,0.328,0.0240119,0.328,0.0234524
0.329,0.00172919,0.329,0.00135434,0.329,0.0191736,0.329,0.032767,0.329,0.00873986,0.329,0.00920066,0.329,0.00860821,0.329,0.00916774,0.329,0.00847655,0.329,0.023979,0.329,0.023979
0.33,0.00176211,0.33,0.00135434,0.33,0.0198977,0.33,0.0342152,0.33,0.00916774,0.33,0.00910192,0.33,0.00920066,0.33,0.00923357,0.33,0.00946397,0.33,0.0239461,0.33,0.0239461
0.331,0.00176211,0.331,0.00137411,0.331,0.0202927,0.331,0.0336228,0.331,0.0097602,0.331,0.00920066,0.331,0.00923357,0.331,0.00916774,0.331,0.009069,0.331,0.0239461,0.331,0.0239461
0.332,0.00176211,0.332,0.00134116,0.332,0.0200952,0.332,0.0334253,0.332,0.00936523,0.332,0.00903609,0.332,0.0095298,0.332,0.00913483,0.332,0.00969437,0.332,0.0238803,0.332,0.0237157
0.333,0.00172919,0.333,0.00134116,0.333,0.0204572,0.333,0.0338203,0.333,0.00900318,0.333,0.00900318,0.333,0.00939814,0.333,0.00916774,0.333,0.00844364,0.333,0.0238803,0.333,0.0245056
0.334,0.00169628,0.334,0.00135434,0.334,0.0190419,0.334,0.0333595,0.334,0.009069,0.334,0.00910192,0.334,0.009069,0.334,0.00920066,0.334,0.00916774,0.334,0.0238803,0.334,0.023584
0.335,0.00176211,0.335,0.00135434,0.335,0.0190419,0.335,0.032767,0.335,0.0092994,0.335,0.00913483,0.335,0.00933231,0.335,0.00923357,0.335,0.00943106,0.335,0.0239132,0.335,0.0230574
0.336,0.00172919,0.336,0.00137411,0.336,0.0200623,0.336,0.0333266,0.336,0.00850947,0.336,0.00916774,0.336,0.00962854,0.336,0.0092994,0.336,0.00943106,0.336,0.0239132,0.336,0.023979
0.337,0.00169628,0.337,0.0013807,0.337,0.0202597,0.337,0.033919,0.337,0.00926649,0.337,0.00916774,0.337,0.00923357,0.337,0.00933231,0.337,0.00873986,0.337,0.0239132,0.337,0.0240778
0.338,0.00176211,0.338,0.00132799,0.338,0.0208851,0.338,0.0337874,0.338,0.0092994,0.338,0.00913483,0.338,0.00887152,0.338,0.00923357,0.338,0.00916774,0.338,0.0239461,0.338,0.0242094
0.339,0.00169628,0.339,0.00134116,0.339,0.0206876,0.339,0.0336557,0.339,0.00923357,0.339,0.00926649,0.339,0.00913483,0.339,0.00910192,0.339,0.00913483,0.339,0.0239132,0.339,0.0240778
0.34,0.00172919,0.34,0.00134775,0.34,0.0195685,0.34,0.0328658,0.34,0.00897026,0.34,0.00913483,0.34,0.00982602,0.34,0.00903609,0.34,0.00959563,0.34,0.023979,0.34,0.0238144
0.341,0.00172919,0.341,0.00135434,0.341,0.0199635,0.341,0.0333595,0.341,0.0095298,0.341,0.00910192,0.341,0.00979311,0.341,0.00910192,0.341,0.00880569,0.341,0.023979,0.341,0.0234524
0.342,0.00172919,0.342,0.00134116,0.342,0.0202927,0.342,0.0335899,0.342,0.00920066,0.342,0.00920066,0.342,0.00860821,0.342,0.00910192,0.342,0.00877278,0.342,0.0240119,0.342,0.0237815
0.343,0.00176211,0.343,0.00134775,0.343,0.0198648,0.343,0.0334582,0.343,0.00900318,0.343,0.00920066,0.343,0.00903609,0.343,0.00916774,0.343,0.00926649,0.343,0.023979,0.343,0.0236828
0.344,0.00172919,0.344,0.00135434,0.344,0.020556,0.344,0.033919,0.344,0.00916774,0.344,0.00926649,0.344,0.00969437,0.344,0.00916774,0.344,0.0097602,0.344,0.023979,0.344,0.0243082
0.345,0.00179502,0.345,0.00134775,0.345,0.0198319,0.345,0.0334582,0.345,0.00916774,0.345,0.0092994,0.345,0.00946397,0.345,0.00916774,0.345,0.00873986,0.345,0.023979,0.345,0.0240778
0.346,0.00176211,0.346,0.00134116,0.346,0.0195356,0.346,0.0330303,0.346,0.00936523,0.346,0.00926649,0.346,0.00883861,0.346,0.00920066,0.346,0.00900318,0.346,0.023979,0.346,0.0240448
0.347,0.00176211,0.347,0.00134116,0.347,0.0200293,0.347,0.0329316,0.347,0.00847655,0.347,0.00916774,0.347,0.00926649,0.347,0.00926649,0.347,0.00962854,0.347,0.0239461,0.347,0.0229258
0.348,0.00172919,0.348,0.00134116,0.348,0.0202597,0.348,0.0333266,0.348,0.00920066,0.348,0.00913483,0.348,0.0100893,0.348,0.00916774,0.348,0.00959563,0.348,0.0239132,0.348,0.023617
0.349,0.00172919,0.349,0.00134116,0.349,0.020556,0.349,0.0333266,0.349,0.00923357,0.349,0.009069,0.349,0.00877278,0.349,0.00923357,0.349,0.00873986,0.349,0.0238803,0.349,0.0237157
0.35,0.00172919,0.35,0.00132799,0.35,0.0201939,0.35,0.033524,0.35,0.00949688,0.35,0.00893735,0.35,0.00867404,0.35,0.00916774,0.35,0.00936523,0.35,0.0239132,0.35,0.0243082
0.351,0.00172919,0.351,0.00134116,0.351,0.0191078,0.351,0.0325366,0.351,0.00877278,0.351,0.00920066,0.351,0.00939814,0.351,0.00926649,0.351,0.00939814,0.351,0.0239132,0.351,0.023979
0.352,0.00172919,0.352,0.00131481,0.352,0.0193711,0.352,0.0328987,0.352,0.00893735,0.352,0.00916774,0.352,0.00939814,0.352,0.0092994,0.352,0.00966145,0.352,0.0238474,0.352,0.0242752
0.353,0.00176211,0.353,0.00134775,0.353,0.0198977,0.353,0.033524,0.353,0.00923357,0.353,0.00913483,0.353,0.00897026,0.353,0.00969437,0.353,0.0097602,0.353,0.0239132,0.353,0.0231891
0.354,0.00176211,0.354,0.00133457,0.354,0.0204572,0.354,0.0332936,0.354,0.00926649,0.354,0.00916774,0.354,0.00920066,0.354,0.00956271,0.354,0.00903609,0.354,0.0238474,0.354,0.0235182
0.355,0.00172919,0.355,0.00131481,0.355,0.0203914,0.355,0.0335899,0.355,0.00887152,0.355,0.00923357,0.355,0.00936523,0.355,0.00936523,0.355,0.0092994,0.355,0.0238803,0.355,0.0239132
0.356,0.00166337,0.356,0.00134116,0.356,0.0206218,0.356,0.0333266,0.356,0.0095298,0.356,0.00920066,0.356,0.00956271,0.356,0.00923357,0.356,0.009069,0.356,0.0239461,0.356,0.024374
0.357,0.00172919,0.357,0.00132799,0.357,0.0193381,0.357,0.0331291,0.357,0.00920066,0.357,0.00897026,0.357,0.00841072,0.357,0.00910192,0.357,0.00883861,0.357,0.0239132,0.357,0.0237486
0.358,0.00172919,0.358,0.00132799,0.358,0.0191736,0.358,0.0332607,0.358,0.00916774,0.358,0.00903609,0.358,0.00864112,0.358,0.00910192,0.358,0.00900318,0.358,0.023979,0.358,0.0242094
0.359,0.00172919,0.359,0.0013214,0.359,0.0198977,0.359,0.0338532,0.359,0.00897026,0.359,0.00913483,0.359,0.0095298,0.359,0.00920066,0.359,0.0095298,0.359,0.0239461,0.359,0.0234853
0.36,0.00172919,0.36,0.00131481,0.36,0.020161,0.36,0.0337215,0.36,0.00933231,0.36,0.00920066,0.36,0.00985894,0.36,0.00923357,0.36,0.00949688,0.36,0.023979,0.36,0.023222
0.361,0.00172919,0.361,0.00132799,0.361,0.0201281,0.361,0.0339519,0.361,0.00959563,0.361,0.00926649,0.361,0.00870695,0.361,0.00916774,0.361,0.00880569,0.361,0.023979,0.361,0.0237815
0.362,0.00172919,0.362,0.00132799,0.362,0.0208522,0.362,0.0328987,0.362,0.00926649,0.362,0.00913483,0.362,0.00880569,0.362,0.00920066,0.362,0.00916774,0.362,0.0239461,0.362,0.0241107
0.363,0.00176211,0.363,0.00131481,0.363,0.0186799,0.363,0.032405,0.363,0.00900318,0.363,0.009069,0.363,0.00903609,0.363,0.00920066,0.363,0.00982602,0.363,0.0239461,0.363,0.023979
0.364,0.00176211,0.364,0.00131481,0.364,0.0204572,0.364,0.0333924,0.364,0.00943106,0.364,0.00903609,0.364,0.00933231,0.364,0.00926649,0.364,0.00933231,0.364,0.0239132,0.364,0.023979
0.365,0.00179502,0.365,0.00130822,0.365,0.0201939,0.365,0.0333595,0.365,0.0097602,0.365,0.00910192,0.365,0.00864112,0.365,0.00916774,0.365,0.00847655,0.365,0.0238474,0.365,0.0243082
0.366,0.00172919,0.366,0.0013214,0.366,0.0205889,0.366,0.033557,0.366,0.00864112,0.366,0.00893735,0.366,0.00893735,0.366,0.00916774,0.366,0.0095298,0.366,0.0238474,0.366,0.0228599
0.367,0.00179502,0.367,0.00131481,0.367,0.0203256,0.367,0.0337544,0.367,0.00920066,0.367,0.00913483,0.367,0.00933231,0.367,0.00923357,0.367,0.00893735,0.367,0.0238474,0.367,0.0234195
0.368,0.00176211,0.368,0.00130163,0.368,0.0191407,0.368,0.0322733,0.368,0.00923357,0.368,0.009069,0.368,0.00943106,0.368,0.0092994,0.368,0.00962854,0.368,0.0239132,0.368,0.0238474
0.369,0.00176211,0.369,0.00132799,0.369,0.0185482,0.369,0.0330962,0.369,0.00916774,0.369,0.00913483,0.369,0.00847655,0.369,0.00936523,0.369,0.00880569,0.369,0.0239132,0.369,0.0239461
0.37,0.00172919,0.37,0.00131481,0.37,0.0199306,0.37,0.0332936,0.37,0.009069,0.37,0.00910192,0.37,0.00920066,0.37,0.0092994,0.37,0.00916774,0.37,0.0238803,0.37,0.0244069
0.371,0.00169628,0.371,0.0013214,0.371,0.0204243,0.371,0.0336886,0.371,0.00913483,0.371,0.00910192,0.371,0.00933231,0.371,0.0092994,0.371,0.00966145,0.371,0.0239132,0.371,0.0233536
0.372,0.00172919,0.372,0.00131481,0.372,0.0203585,0.372,0.0336228,0.372,0.00939814,0.372,0.00913483,0.372,0.00969437,0.372,0.00926649,0.372,0.00962854,0.372,0.0239132,0.372,0.0239132
0.373,0.00172919,0.373,0.00135434,0.373,0.0206547,0.373,0.0324379,0.373,0.00867404,0.373,0.00920066,0.373,0.00831198,0.373,0.00910192,0.373,0.00831198,0.373,0.0239132,0.373,0.0240119
0.374,0.00166337,0.374,0.00131481,0.374,0.0184495,0.374,0.0324379,0.374,0.009069,0.374,0.00900318,0.374,0.00877278,0.374,0.00920066,0.374,0.00926649,0.374,0.0239461,0.374,0.0241436
0.375,0.00169628,0.375,0.00130822,0.375,0.0193711,0.375,0.0332607,0.375,0.00920066,0.375,0.00910192,0.375,0.00887152,0.375,0.00920066,0.375,0.00926649,0.375,0.0239461,0.375,0.0239132
0.376,0.00172919,0.376,0.00130163,0.376,0.0204572,0.376,0.0335899,0.376,0.00903609,0.376,0.00923357,0.376,0.00943106,0.376,0.00920066,0.376,0.00956271,0.376,0.0239461,0.376,0.0235511
0.377,0.00169628,0.377,0.00131481,0.377,0.0206547,0.377,0.033557,0.377,0.00893735,0.377,0.00926649,0.377,0.00870695,0.377,0.00923357,0.377,0.00831198,0.377,0.0239132,0.377,0.0230903
0.378,0.00176211,0.378,0.00131481,0.378,0.0206218,0.378,0.0334911,0.378,0.00903609,0.378,0.00920066,0.378,0.00926649,0.378,0.00913483,0.378,0.00946397,0.378,0.0238803,0.378,0.0238474
0.379,0.00166337,0.379,0.00130822,0.379,0.0204572,0.379,0.0321417,0.379,0.00900318,0.379,0.00920066,0.379,0.0092994,0.379,0.00916774,0.379,0.00956271,0.379,0.0239132,0.379,0.0238474
0.38,0.00176211,0.38,0.00130822,0.38,0.0191078,0.38,0.0331291,0.38,0.00943106,0.38,0.00900318,0.38,0.00916774,0.38,0.00923357,0.38,0.00992477,0.38,0.0239132,0.38,0.0241765
0.381,0.00172919,0.381,0.0013214,0.381,0.0196015,0.381,0.033162,0.381,0.00910192,0.381,0.009069,0.381,0.00860821,0.381,0.00920066,0.381,0.00877278,0.381,0.023979,0.381,0.0241436
0.382,0.00169628,0.382,0.00130163,0.382,0.0208193,0.382,0.0335899,0.382,0.00913483,0.382,0.00897026,0.382,0.00837781,0.382,0.00910192,0.382,0.00857529,0.382,0.0238803,0.382,0.0231562
0.383,0.00176211,0.383,0.00130822,0.383,0.0205889,0.383,0.033557,0.383,0.00890443,0.383,0.00890443,0.383,0.00897026,0.383,0.00916774,0.383,0.00946397,0.383,0.0238803,0.383,0.0232549
0.384,0.00166337,0.384,0.00130163,0.384,0.0200952,0.384,0.033524,0.384,0.00877278,0.384,0.009069,0.384,0.00949688,0.384,0.00926649,0.384,0.00989185,0.384,0.0238803,0.384,0.0237815
0.385,0.00176211,0.385,0.00130163,0.385,0.019404,0.385,0.0322404,0.385,0.00890443,0.385,0.00913483,0.385,0.00857529,0.385,0.00926649,0.385,0.00966145,0.385,0.0238803,0.385,0.0243082
0.386,0.00172919,0.386,0.00131481,0.386,0.0190748,0.386,0.0325037,0.386,0.00913483,0.386,0.00913483,0.386,0.00893735,0.386,0.0092994,0.386,0.00943106,0.386,0.0238803,0.386,0.0239132
0.387,0.00169628,0.387,0.00130163,0.387,0.0197331,0.387,0.0330633,0.387,0.00939814,0.387,0.00913483,0.387,0.0095298,0.387,0.00933231,0.387,0.00867404,0.387,0.0238474,0.387,0.0241765
0.388,0.00176211,0.388,0.00130822,0.388,0.0203256,0.388,0.0336228,0.388,0.00982602,0.388,0.00920066,0.388,0.00962854,0.388,0.00926649,0.388,0.00877278,0.388,0.0238803,0.388,0.0233536
0.389,0.00176211,0.389,0.00130163,0.389,0.0204572,0.389,0.0334253,0.389,0.00880569,0.389,0.00916774,0.389,0.00804867,0.389,0.00920066,0.389,0.00943106,0.389,0.0238803,0.389,0.0237486
0.39,0.00169628,0.39,0.00130163,0.39,0.0206218,0.39,0.0322733,0.39,0.00880569,0.39,0.00913483,0.39,0.00897026,0.39,0.00910192,0.39,0.0092994,0.39,0.0239132,0.39,0.0241436
0.391,0.00172919,0.391,0.00128845,0.391,0.0195027,0.391,0.032767,0.391,0.00893735,0.391,0.009069,0.391,0.00913483,0.391,0.00916774,0.391,0.00969437,0.391,0.0239461,0.391,0.0241436
0.392,0.00169628,0.392,0.00131481,0.392,0.0194698,0.392,0.0334911,0.392,0.00943106,0.392,0.00916774,0.392,0.00946397,0.392,0.00920066,0.392,0.00939814,0.392,0.023979,0.392,0.0241107
0.393,0.00172919,0.393,0.00129504,0.393,0.0202927,0.393,0.0330303,0.393,0.00939814,0.393,0.00913483,0.393,0.00893735,0.393,0.00923357,0.393,0.00890443,0.393,0.0239461,0.393,0.023617
0.394,0.00169628,0.394,0.00128845,0.394,0.0202268,0.394,0.0333595,0.394,0.00956271,0.394,0.00920066,0.394,0.00939814,0.394,0.00923357,0.394,0.00864112,0.394,0.0238803,0.394,0.0239461
0.395,0.00172919,0.395,0.00129504,0.395,0.0203585,0.395,0.0333266,0.395,0.00873986,0.395,0.00910192,0.395,0.00992477,0.395,0.00916774,0.395,0.00916774,0.395,0.0239132,0.395,0.0240448
0.396,0.00169628,0.396,0.00131481,0.396,0.0207205,0.396,0.03201,0.396,0.00923357,0.396,0.009069,0.396,0.009069,0.396,0.00926649,0.396,0.00989185,0.396,0.023979,0.396,0.0241107
0.397,0.00176211,0.397,0.00129504,0.397,0.019009,0.397,0.0330962,0.397,0.00910192,0.397,0.009069,0.397,0.00916774,0.397,0.00923357,0.397,0.00949688,0.397,0.023979,0.397,0.0242094
0.398,0.00179502,0.398,0.00128845,0.398,0.0198977,0.398,0.0333266,0.398,0.0092994,0.398,0.00900318,0.398,0.0081145,0.398,0.00920066,0.398,0.0092994,0.398,0.0239461,0.398,0.0234524
0.399,0.00176211,0.399,0.00130822,0.399,0.0202597,0.399,0.0332607,0.399,0.0095298,0.399,0.00897026,0.399,0.00893735,0.399,0.00923357,0.399,0.00841072,0.399,0.0238474,0.399,0.0238803
0.4,0.00176211,0.4,0.00130822,0.4,0.0203914,0.4,0.033524,0.4,0.00936523,0.4,0.00893735,0.4,0.00850947,0.4,0.00920066,0.4,0.00910192,0.4,0.0239132,0.4,0.024374
0.401,0.00169628,0.401,0.00130822,0.401,0.020556,0.401,0.0327012,0.401,0.00893735,0.401,0.009069,0.401,0.00893735,0.401,0.00926649,0.401,0.00946397,0.401,0.0238474,0.401,0.0242094
0.402,0.00172919,0.402,0.00128845,0.402,0.0199306,0.402,0.0327012,0.402,0.00933231,0.402,0.00913483,0.402,0.00956271,0.402,0.00933231,0.402,0.00959563,0.402,0.0238474,0.402,0.0242423
0.403,0.00176211,0.403,0.00127527,0.403,0.0192394,0.403,0.0329316,0.403,0.00936523,0.403,0.00910192,0.403,0.00939814,0.403,0.00933231,0.403,0.00959563,0.403,0.0238803,0.403,0.0234195
0.404,0.00169628,0.404,0.00128186,0.404,0.019404,0.404,0.0332936,0.404,0.00966145,0.404,0.00910192,0.404,0.00837781,0.404,0.00933231,0.404,0.00873986,0.404,0.0238474,0.404,0.023617
0.405,0.00166337,0.405,0.00126868,0.405,0.0206218,0.405,0.0334911,0.405,0.00926649,0.405,0.00916774,0.405,0.00873986,0.405,0.00926649,0.405,0.00883861,0.405,0.0239461,0.405,0.0238803
0.406,0.00172919,0.406,0.00127527,0.406,0.0206218,0.406,0.0337215,0.406,0.00850947,0.406,0.00923357,0.406,0.00949688,0.406,0.00913483,0.406,0.00873986,0.406,0.0238803,0.406,0.0241765
0.407,0.00172919,0.407,0.00130822,0.407,0.0207864,0.407,0.0324379,0.407,0.00877278,0.407,0.009069,0.407,0.009069,0.407,0.00913483,0.407,0.00933231,0.407,0.0239461,0.407,0.0237486
0.408,0.00176211,0.408,0.00127527,0.408,0.0189761,0.408,0.0329974,0.408,0.00900318,0.408,0.00900318,0.408,0.00923357,0.408,0.00920066,0.408,0.0100235,0.408,0.0239132,0.408,0.023979
0.409,0.00169628,0.409,0.00128845,0.409,0.0196673,0.409,0.0330633,0.409,0.00926649,0.409,0.00916774,0.409,0.00956271,0.409,0.00926649,0.409,0.0095298,0.409,0.0239461,0.409,0.0229916
0.41,0.00169628,0.41,0.00130822,0.41,0.0205231,0.41,0.0336886,0.41,0.00903609,0.41,0.00920066,0.41,0.00857529,0.41,0.00923357,0.41,0.00864112,0.41,0.0239461,0.41,0.0242094
0.411,0.00166337,0.411,0.00129504,0.411,0.0203256,0.411,0.0327341,0.411,0.00890443,0.411,0.00923357,0.411,0.00883861,0.411,0.0092994,0.411,0.00890443,0.411,0.0239132,0.411,0.0241436
0.412,0.00176211,0.412,0.00128186,0.412,0.0208851,0.412,0.0328329,0.412,0.00956271,0.412,0.00916774,0.412,0.00890443,0.412,0.0092994,0.412,0.00910192,0.412,0.0239132,0.412,0.0242094
0.413,0.00176211,0.413,0.00127527,0.413,0.0199306,0.413,0.0333266,0.413,0.00910192,0.413,0.00910192,0.413,0.00893735,0.413,0.00933231,0.413,0.00982602,0.413,0.0238803,0.413,0.0233866
0.414,0.00172919,0.414,0.00127527,0.414,0.0194369,0.414,0.0333266,0.414,0.00946397,0.414,0.009069,0.414,0.00939814,0.414,0.00926649,0.414,0.00966145,0.414,0.0239132,0.414,0.0238144
0.415,0.00172919,0.415,0.00129504,0.415,0.0204572,0.415,0.0333595,0.415,0.00923357,0.415,0.00890443,0.415,0.00890443,0.415,0.00923357,0.415,0.00936523,0.415,0.0239132,0.415,0.0236499
0.416,0.00169628,0.416,0.00128186,0.416,0.0207864,0.416,0.0325037,0.416,0.00893735,0.416,0.00887152,0.416,0.00867404,0.416,0.00920066,0.416,0.00887152,0.416,0.0238474,0.416,0.0245385
0.417,0.00163045,0.417,0.00124892,0.417,0.0208522,0.417,0.0327341,0.417,0.00903609,0.417,0.00893735,0.417,0.00860821,0.417,0.00933231,0.417,0.00877278,0.417,0.0238803,0.417,0.0232878
0.418,0.00169628,0.418,0.00128845,0.418,0.0189432,0.418,0.0332607,0.418,0.00936523,0.418,0.00897026,0.418,0.00933231,0.418,0.00939814,0.418,0.00920066,0.418,0.0238803,0.418,0.0236828
0.419,0.00176211,0.419,0.00127527,0.419,0.0198977,0.419,0.0329316,0.419,0.00916774,0.419,0.00897026,0.419,0.0095298,0.419,0.00936523,0.419,0.0095298,0.419,0.0238474,0.419,0.023979
0.42,0.00169628,0.42,0.00127527,0.42,0.0201939,0.42,0.0332936,0.42,0.00943106,0.42,0.00903609,0.42,0.00916774,0.42,0.00943106,0.42,0.00979311,0.42,0.0239461,0.42,0.0239132
0.421,0.00169628,0.421,0.00130163,0.421,0.0209838,0.421,0.0331949,0.421,0.00893735,0.421,0.009069,0.421,0.00897026,0.421,0.00936523,0.421,0.00956271,0.421,0.0238474,0.421,0.0232878
0.422,0.00169628,0.422,0.00127527,0.422,0.0211813,0.422,0.0325037,0.422,0.00920066,0.422,0.00913483,0.422,0.00893735,0.422,0.00933231,0.422,0.00883861,0.422,0.0238803,0.422,0.0236828
0.423,0.00169628,0.423,0.00128845,0.423,0.0208522,0.423,0.0326354,0.423,0.00923357,0.423,0.00910192,0.423,0.00923357,0.423,0.00920066,0.423,0.00877278,0.423,0.0238803,0.423,0.0239461
0.424,0.00172919,0.424,0.00128845,0.424,0.0200623,0.424,0.0330303,0.424,0.00939814,0.424,0.00897026,0.424,0.00936523,0.424,0.00923357,0.424,0.00870695,0.424,0.0239461,0.424,0.0238474
0.425,0.00169628,0.425,0.00126868,0.425,0.0206876,0.425,0.0331291,0.425,0.00923357,0.425,0.00903609,0.425,0.00943106,0.425,0.00920066,0.425,0.00956271,0.425,0.0239461,0.425,0.0232878
0.426,0.00172919,0.426,0.00130163,0.426,0.0214776,0.426,0.0330633,0.426,0.009069,0.426,0.00910192,0.426,0.00949688,0.426,0.0092994,0.426,0.0100235,0.426,0.0239461,0.426,0.0237157
0.427,0.00169628,0.427,0.00130163,0.427,0.0213459,0.427,0.0329645,0.427,0.00860821,0.427,0.009069,0.427,0.00831198,0.427,0.00936523,0.427,0.00939814,0.427,0.0238803,0.427,0.0240778
0.428,0.00176211,0.428,0.00127527,0.428,0.0219383,0.428,0.033162,0.428,0.00877278,0.428,0.00913483,0.428,0.00900318,0.428,0.00936523,0.428,0.00877278,0.428,0.0238803,0.428,0.0241107
0.429,0.00172919,0.429,0.00126868,0.429,0.0204901,0.429,0.0332936,0.429,0.00920066,0.429,0.009069,0.429,0.00959563,0.429,0.00936523,0.429,0.00916774,0.429,0.0238803,0.429,0.023584
0.43,0.00172919,0.43,0.00127527,0.43,0.0215105,0.43,0.0328658,0.43,0.00949688,0.43,0.00903609,0.43,0.00916774,0.43,0.00939814,0.43,0.0101881,0.43,0.0239132,0.43,0.0240119
0.431,0.00179502,0.431,0.00128186,0.431,0.0225308,0.431,0.0320758,0.431,0.00933231,0.431,0.00897026,0.431,0.00959563,0.431,0.00933231,0.431,0.00949688,0.431,0.0239132,0.431,0.0237815
0.432,0.00172919,0.432,0.0012621,0.432,0.0235182,0.432,0.0327341,0.432,0.00966145,0.432,0.00893735,0.432,0.00877278,0.432,0.00933231,0.432,0.00972728,0.432,0.0238474,0.432,0.0239132
0.433,0.00172919,0.433,0.00129504,0.433,0.0240119,0.433,0.032767,0.433,0.00847655,0.433,0.00890443,0.433,0.00827907,0.433,0.00936523,0.433,0.00972728,0.433,0.0238144,0.433,0.0230574
0.434,0.00172919,0.434,0.0012621,0.434,0.0227941,0.434,0.0325366,0.434,0.00910192,0.434,0.00900318,0.434,0.00873986,0.434,0.00946397,0.434,0.00962854,0.434,0.0238803,0.434,0.0237157
0.435,0.00176211,0.435,0.00128845,0.435,0.023617,0.435,0.0316809,0.435,0.00887152,0.435,0.00903609,0.435,0.00936523,0.435,0.00949688,0.435,0.009069,0.435,0.0238474,0.435,0.0244069
0.436,0.00169628,0.436,0.00127527,0.436,0.0241765,0.436,0.0325366,0.436,0.00946397,0.436,0.00900318,0.436,0.00936523,0.436,0.00943106,0.436,0.00900318,0.436,0.0238144,0.436,0.0239461
0.437,0.00172919,0.437,0.00126868,0.437,0.0246702,0.437,0.0330962,0.437,0.00910192,0.437,0.009069,0.437,0.00916774,0.437,0.00949688,0.437,0.009069,0.437,0.0238803,0.437,0.0236499
0.438,0.00176211,0.438,0.00126868,0.438,0.0251968,0.438,0.0334253,0.438,0.00883861,0.438,0.00916774,0.438,0.00887152,0.438,0.00943106,0.438,0.00956271,0.438,0.0238474,0.438,0.0236499
0.439,0.00169628,0.439,0.00126868,0.439,0.0242752,0.439,0.0333266,0.439,0.00880569,0.439,0.00913483,0.439,0.00854238,0.439,0.00939814,0.439,0.00992477,0.439,0.0238474,0.439,0.0241107
0.44,0.00169628,0.44,0.00128186,0.44,0.0251968,0.44,0.0318784,0.44,0.00962854,0.44,0.009069,0.44,0.00897026,0.44,0.00923357,0.44,0.00982602,0.44,0.0239461,0.44,0.0236499
0.441,0.00169628,0.441,0.00127527,0.441,0.0261513,0.441,0.0326683,0.441,0.00903609,0.441,0.00897026,0.441,0.00883861,0.441,0.00933231,0.441,0.00887152,0.441,0.0239132,0.441,0.0234195
0.442,0.00172919,0.442,0.00128845,0.442,0.0265134,0.442,0.0327341,0.442,0.00903609,0.442,0.00900318,0.442,0.00949688,0.442,0.0092994,0.442,0.00887152,0.442,0.0239461,0.442,0.023584
0.443,0.00172919,0.443,0.00128186,0.443,0.0248019,0.443,0.033162,0.443,0.00946397,0.443,0.009069,0.443,0.00920066,0.443,0.00939814,0.443,0.00956271,0.443,0.0238803,0.443,0.0236499
0.444,0.00169628,0.444,0.00127527,0.444,0.0256576,0.444,0.0330633,0.444,0.00877278,0.444,0.00913483,0.444,0.0101222,0.444,0.00939814,0.444,0.0095298,0.444,0.0239132,0.444,0.0240778
0.445,0.00176211,0.445,0.00127527,0.445,0.0262501,0.445,0.0320758,0.445,0.00850947,0.445,0.00920066,0.445,0.00841072,0.445,0.00933231,0.445,0.00989185,0.445,0.0238474,0.445,0.023584
0.446,0.00176211,0.446,0.00128186,0.446,0.0275337,0.446,0.0328658,0.446,0.00926649,0.446,0.00913483,0.446,0.00949688,0.446,0.00943106,0.446,0.00989185,0.446,0.0238474,0.446,0.0238803
0.447,0.00179502,0.447,0.00128186,0.447,0.0280274,0.447,0.0333595,0.447,0.00923357,0.447,0.00903609,0.447,0.00897026,0.447,0.00943106,0.447,0.00900318,0.447,0.0238803,0.447,0.0242752
0.448,0.00172919,0.448,0.00129504,0.448,0.0269742,0.448,0.0330303,0.448,0.00979311,0.448,0.00903609,0.448,0.00962854,0.448,0.00936523,0.448,0.00860821,0.448,0.0238803,0.448,0.0234853
0.449,0.00176211,0.449,0.00128186,0.449,0.0263817,0.449,0.0322404,0.449,0.00923357,0.449,0.00883861,0.449,0.00910192,0.449,0.00933231,0.449,0.0095298,0.449,0.0238144,0.449,0.0233207
0.45,0.00169628,0.45,0.00128186,0.45,0.0276325,0.45,0.0328329,0.45,0.00880569,0.45,0.00890443,0.45,0.00939814,0.45,0.00939814,0.45,0.00979311,0.45,0.0238474,0.45,0.023979
0.451,0.00179502,0.451,0.00128845,0.451,0.0280274,0.451,0.0330633,0.451,0.00887152,0.451,0.009069,0.451,0.00801576,0.451,0.00943106,0.451,0.0097602,0.451,0.0239132,0.451,0.0239461
0.452,0.00176211,0.452,0.00127527,0.452,0.0287186,0.452,0.0330303,0.452,0.00936523,0.452,0.00903609,0.452,0.00877278,0.452,0.00946397,0.452,0.00979311,0.452,0.0238803,0.452,0.023584
0.453,0.00172919,0.453,0.00126868,0.453,0.0290478,0.453,0.0325037,0.453,0.00913483,0.453,0.00900318,0.453,0.00910192,0.453,0.00949688,0.453,0.00959563,0.453,0.0237486,0.453,0.0231891
0.454,0.00179502,0.454,0.00128186,0.454,0.0280933,0.454,0.0331291,0.454,0.00939814,0.454,0.009069,0.454,0.00959563,0.454,0.0095298,0.454,0.00844364,0.454,0.0238474,0.454,0.0238803
0.455,0.00172919,0.455,0.00127527,0.455,0.029344,0.455,0.0329974,0.455,0.00880569,0.455,0.00910192,0.455,0.00923357,0.455,0.00946397,0.455,0.00903609,0.455,0.0238803,0.455,0.0241107
0.456,0.00176211,0.456,0.0012621,0.456,0.0293769,0.456,0.0326025,0.456,0.00854238,0.456,0.00913483,0.456,0.0097602,0.456,0.00936523,0.456,0.0092994,0.456,0.0238144,0.456,0.0233866
0.457,0.00172919,0.457,0.0012621,0.457,0.0288174,0.457,0.0326354,0.457,0.00910192,0.457,0.00897026,0.457,0.00864112,0.457,0.00936523,0.457,0.00939814,0.457,0.0238474,0.457,0.0234195
0.458,0.00169628,0.458,0.0012621,0.458,0.029344,0.458,0.0330962,0.458,0.00926649,0.458,0.00900318,0.458,0.00854238,0.458,0.00939814,0.458,0.0101552,0.458,0.0238474,0.458,0.0237157
0.459,0.00176211,0.459,0.00126868,0.459,0.0302656,0.459,0.0331949,0.459,0.00916774,0.459,0.00910192,0.459,0.00900318,0.459,0.00995768,0.459,0.0097602,0.459,0.0239132,0.459,0.0239132
0.46,0.00176211,0.46,0.00126868,0.46,0.0295415,0.46,0.0318454,0.46,0.00943106,0.46,0.00910192,0.46,0.00903609,0.46,0.00966145,0.46,0.00903609,0.46,0.0238803,0.46,0.0228929
0.461,0.00179502,0.461,0.00125551,0.461,0.0289819,0.461,0.0325366,0.461,0.00880569,0.461,0.00926649,0.461,0.00923357,0.461,0.0095298,0.461,0.009069,0.461,0.0238803,0.461,0.023617
0.462,0.00172919,0.462,0.00126868,0.462,0.030496,0.462,0.0328987,0.462,0.00903609,0.462,0.00920066,0.462,0.00916774,0.462,0.00949688,0.462,0.00966145,0.462,0.0238144,0.462,0.0236828
0.463,0.00176211,0.463,0.00127527,0.463,0.0307593,0.463,0.0328658,0.463,0.00956271,0.463,0.009069,0.463,0.0095298,0.463,0.00956271,0.463,0.00995768,0.463,0.0238144,0.463,0.0241436
0.464,0.00176211,0.464,0.00127527,0.464,0.0310555,0.464,0.0325037,0.464,0.00946397,0.464,0.00903609,0.464,0.00857529,0.464,0.0095298,0.464,0.00979311,0.464,0.0238144,0.464,0.0230903
0.465,0.00172919,0.465,0.00124233,0.465,0.0306276,0.465,0.0322733,0.465,0.00933231,0.465,0.00903609,0.465,0.00831198,0.465,0.00946397,0.465,0.00943106,0.465,0.0238144,0.465,0.0238144
0.466,0.00169628,0.466,0.0012621,0.466,0.0309238,0.466,0.0326025,0.466,0.00920066,0.466,0.00887152,0.466,0.0092994,0.466,0.00949688,0.466,0.0102539,0.466,0.0237157,0.466,0.0241436
0.467,0.00176211,0.467,0.00126868,0.467,0.0319113,0.467,0.0329316,0.467,0.00847655,0.467,0.00897026,0.467,0.009069,0.467,0.0095298,0.467,0.00913483,0.467,0.0237815,0.467,0.0237815
0.468,0.00169628,0.468,0.0012621,0.468,0.0318784,0.468,0.0322404,0.468,0.00877278,0.468,0.00903609,0.468,0.00933231,0.468,0.00956271,0.468,0.00949688,0.468,0.0237815,0.468,0.0234195
0.469,0.00172919,0.469,0.00128845,0.469,0.0308909,0.469,0.0326025,0.469,0.00897026,0.469,0.00897026,0.469,0.00939814,0.469,0.00956271,0.469,0.00936523,0.469,0.0237486,0.469,0.023617
0.47,0.00172919,0.47,0.00125551,0.47,0.0321746,0.47,0.0328329,0.47,0.00982602,0.47,0.00913483,0.47,0.00900318,0.47,0.00959563,0.47,0.00999059,0.47,0.0237486,0.47,0.0238144
0.471,0.00166337,0.471,0.00125551,0.471,0.0321087,0.471,0.031615,0.471,0.00946397,0.471,0.00910192,0.471,0.00854238,0.471,0.00956271,0.471,0.00995768,0.471,0.0237815,0.471,0.0238144
0.472,0.00172919,0.472,0.00127527,0.472,0.0320758,0.472,0.0326025,0.472,0.00933231,0.472,0.00926649,0.472,0.00916774,0.472,0.00946397,0.472,0.00982602,0.472,0.0237486,0.472,0.0230574
0.473,0.00176211,0.473,0.00128845,0.473,0.0322404,0.473,0.0327012,0.473,0.00880569,0.473,0.00923357,0.473,0.00966145,0.473,0.00939814,0.473,0.00890443,0.473,0.0238144,0.473,0.0232549
0.474,0.00172919,0.474,0.00126868,0.474,0.0325366,0.474,0.0330303,0.474,0.00890443,0.474,0.009069,0.474,0.00959563,0.474,0.00936523,0.474,0.009069,0.474,0.0238474,0.474,0.0237486
0.475,0.00169628,0.475,0.00126868,0.475,0.0330303,0.475,0.0319771,0.475,0.0095298,0.475,0.00910192,0.475,0.00933231,0.475,0.00943106,0.475,0.00933231,0.475,0.0238803,0.475,0.0236499
0.476,0.00179502,0.476,0.0012621,0.476,0.0319113,0.476,0.0323721,0.476,0.00903609,0.476,0.00923357,0.476,0.00985894,0.476,0.00949688,0.476,0.0100893,0.476,0.0239132,0.476,0.0240119
0.477,0.00176211,0.477,0.00126868,0.477,0.0326354,0.477,0.0326025,0.477,0.00923357,0.477,0.00920066,0.477,0.00870695,0.477,0.00949688,0.477,0.00989185,0.477,0.0238474,0.477,0.0236828
0.478,0.00172919,0.478,0.0012621,0.478,0.0337215,0.478,0.0330633,0.478,0.00893735,0.478,0.00923357,0.478,0.00873986,0.478,0.00949688,0.478,0.00999059,0.478,0.0238474,0.478,0.0225637
0.479,0.00176211,0.479,0.00123574,0.479,0.033919,0.479,0.0325037,0.479,0.009069,0.479,0.00923357,0.479,0.00910192,0.479,0.00956271,0.479,0.00966145,0.479,0.0238144,0.479,0.0230574
0.48,0.00169628,0.48,0.00125551,0.48,0.0331291,0.48,0.0330962,0.48,0.00910192,0.48,0.009069,0.48,0.00920066,0.48,0.00956271,0.48,0.00913483,0.48,0.0238144,0.48,0.0240119
0.481,0.00169628,0.481,0.00125551,0.481,0.0337215,0.481,0.0330633,0.481,0.00943106,0.481,0.00923357,0.481,0.00926649,0.481,0.0095298,0.481,0.0092994,0.481,0.0237815,0.481,0.0236828
0.482,0.00172919,0.482,0.0012621,0.482,0.0344127,0.482,0.0318454,0.482,0.00949688,0.482,0.00890443,0.482,0.00893735,0.482,0.00946397,0.482,0.0102868,0.482,0.0237486,0.482,0.023979
0.483,0.00172919,0.483,0.00124233,0.483,0.0344456,0.483,0.0326683,0.483,0.00926649,0.483,0.00890443,0.483,0.00781827,0.483,0.00979311,0.483,0.0110768,0.483,0.0237486,0.483,0.0236499
0.484,0.00172919,0.484,0.00125551,0.484,0.0337544,0.484,0.0325037,0.484,0.00880569,0.484,0.00910192,0.484,0.00847655,0.484,0.00982602,0.484,0.00992477,0.484,0.0238144,0.484,0.0231233
0.485,0.00176211,0.485,0.00125551,0.485,0.0340178,0.485,0.0325695,0.485,0.00910192,0.485,0.00910192,0.485,0.00913483,0.485,0.00972728,0.485,0.00982602,0.485,0.0237815,0.485,0.0237486
0.486,0.00169628,0.486,0.00122915,0.486,0.0342152,0.486,0.0313517,0.486,0.00959563,0.486,0.00916774,0.486,0.00916774,0.486,0.00966145,0.486,0.00897026,0.486,0.0237486,0.486,0.0237157
0.487,0.00172919,0.487,0.0012621,0.487,0.0329974,0.487,0.0324708,0.487,0.00943106,0.487,0.00923357,0.487,0.00936523,0.487,0.00966145,0.487,0.00956271,0.487,0.0237157,0.487,0.0240119
0.488,0.00169628,0.488,0.00124892,0.488,0.0340178,0.488,0.0330303,0.488,0.00982602,0.488,0.00910192,0.488,0.00946397,0.488,0.00956271,0.488,0.00949688,0.488,0.0237815,0.488,0.0242094
0.489,0.00176211,0.489,0.00124892,0.489,0.0347419,0.489,0.0329974,0.489,0.00956271,0.489,0.00916774,0.489,0.009069,0.489,0.0095298,0.489,0.0097602,0.489,0.0238144,0.489,0.0232878
0.49,0.00166337,0.49,0.00124233,0.49,0.0352027,0.49,0.0322404,0.49,0.00877278,0.49,0.00910192,0.49,0.00847655,0.49,0.00943106,0.49,0.00949688,0.49,0.0237815,0.49,0.0228929
0.491,0.00172919,0.491,0.00122915,0.491,0.0341165,0.491,0.0324708,0.491,0.00890443,0.491,0.00903609,0.491,0.00910192,0.491,0.0095298,0.491,0.0100235,0.491,0.0238144,0.491,0.0236499
0.492,0.00169628,0.492,0.00124233,0.492,0.0353672,0.492,0.0327999,0.492,0.00923357,0.492,0.009069,0.492,0.00900318,0.492,0.00949688,0.492,0.00883861,0.492,0.0237815,0.492,0.0238144
0.493,0.00172919,0.493,0.0012621,0.493,0.0353672,0.493,0.0314505,0.493,0.0095298,0.493,0.00913483,0.493,0.00962854,0.493,0.00956271,0.493,0.00870695,0.493,0.0237815,0.493,0.023584
0.494,0.00169628,0.494,0.00122915,0.494,0.0356305,0.494,0.0326025,0.494,0.00936523,0.494,0.00920066,0.494,0.00956271,0.494,0.00959563,0.494,0.00946397,0.494,0.0237486,0.494,0.0240119
0.495,0.00172919,0.495,0.00122915,0.495,0.0341823,0.495,0.0323721,0.495,0.009069,0.495,0.00923357,0.495,0.00903609,0.495,0.00956271,0.495,0.00962854,0.495,0.0238144,0.495,0.0235182
0.496,0.00179502,0.496,0.00123574,0.496,0.0353672,0.496,0.0327999,0.496,0.00933231,0.496,0.00910192,0.496,0.00864112,0.496,0.00959563,0.496,0.00985894,0.496,0.0238144,0.496,0.0227283
0.497,0.00172919,0.497,0.00122915,0.497,0.0359597,0.497,0.0317467,0.497,0.00910192,0.497,0.00913483,0.497,0.00867404,0.497,0.00962854,0.497,0.00962854,0.497,0.0237815,0.497,0.0234853
0.498,0.00172919,0.498,0.00122915,0.498,0.034676,0.498,0.032405,0.498,0.00893735,0.498,0.009069,0.498,0.00883861,0.498,0.0095298,0.498,0.00913483,0.498,0.0237486,0.498,0.0235511
0.499,0.00176211,0.499,0.00124233,0.499,0.0357622,0.499,0.0328987,0.499,0.00923357,0.499,0.00893735,0.499,0.00923357,0.499,0.0095298,0.499,0.00910192,0.499,0.0237486,0.499,0.0238144
0.5,0.00176211,0.5,0.00123574,0.5,0.0361572,0.5,0.0328987,0.5,0.00916774,0.5,0.00897026,0.5,0.00969437,0.5,0.0095298,0.5,0.00959563,0.5,0.0237157,0.5,0.0240778
0.501,0.00176211,0.501,0.00123574,0.501,0.0358938,0.501,0.0317467,0.501,0.00841072,0.501,0.00910192,0.501,0.00933231,0.501,0.00962854,0.501,0.00969437,0.501,0.0237486,0.501,0.0223662
0.502,0.00172919,0.502,0.00122915,0.502,0.0341494,0.502,0.0325037,0.502,0.00887152,0.502,0.00910192,0.502,0.00831198,0.502,0.00966145,0.502,0.0100235,0.502,0.0236828,0.502,0.0233207
0.503,0.00166337,0.503,0.00122915,0.503,0.0357951,0.503,0.0327999,0.503,0.00966145,0.503,0.00910192,0.503,0.00870695,0.503,0.00969437,0.503,0.00926649,0.503,0.0237486,0.503,0.023617
0.504,0.00169628,0.504,0.00122256,0.504,0.0364534,0.504,0.0317796,0.504,0.00943106,0.504,0.00916774,0.504,0.00880569,0.504,0.00969437,0.504,0.00949688,0.504,0.0237157,0.504,0.0237486
0.505,0.00169628,0.505,0.00124233,0.505,0.0365192,0.505,0.0325037,0.505,0.00943106,0.505,0.00920066,0.505,0.00959563,0.505,0.00962854,0.505,0.00923357,0.505,0.0237157,0.505,0.0231233
0.506,0.00169628,0.506,0.00125551,0.506,0.0355647,0.506,0.0327012,0.506,0.00916774,0.506,0.00936523,0.506,0.0095298,0.506,0.0095298,0.506,0.00949688,0.506,0.0237157,0.506,0.0235511
0.507,0.00176211,0.507,0.00123574,0.507,0.0352027,0.507,0.0324708,0.507,0.00847655,0.507,0.00910192,0.507,0.00936523,0.507,0.00979311,0.507,0.0105501,0.507,0.0237486,0.507,0.0238144
0.508,0.00176211,0.508,0.00122915,0.508,0.03698,0.508,0.0317138,0.508,0.0092994,0.508,0.00910192,0.508,0.00857529,0.508,0.0097602,0.508,0.00985894,0.508,0.0237815,0.508,0.0236499
0.509,0.00172919,0.509,0.00122915,0.509,0.0366509,0.509,0.0322075,0.509,0.00880569,0.509,0.00923357,0.509,0.00883861,0.509,0.00959563,0.509,0.0101222,0.509,0.0237815,0.509,0.0231562
0.51,0.00172919,0.51,0.00123574,0.51,0.0356305,0.51,0.0321746,0.51,0.00933231,0.51,0.00920066,0.51,0.00949688,0.51,0.00959563,0.51,0.00999059,0.51,0.0238474,0.51,0.0230574
0.511,0.00172919,0.511,0.00122915,0.511,0.0361901,0.511,0.0327012,0.511,0.00956271,0.511,0.00923357,0.511,0.00913483,0.511,0.00956271,0.511,0.00897026,0.511,0.0237157,0.511,0.0236499
0.512,0.00172919,0.512,0.00123574,0.512,0.0367496,0.512,0.0329974,0.512,0.00916774,0.512,0.00923357,0.512,0.00946397,0.512,0.00956271,0.512,0.00962854,0.512,0.0237157,0.512,0.0236828
0.513,0.00176211,0.513,0.00122915,0.513,0.0368484,0.513,0.0320429,0.513,0.00860821,0.513,0.00913483,0.513,0.00949688,0.513,0.00962854,0.513,0.00979311,0.513,0.0237157,0.513,0.0221687
0.514,0.00169628,0.514,0.00122915,0.514,0.0367825,0.514,0.0322404,0.514,0.00949688,0.514,0.00913483,0.514,0.00827907,0.514,0.00959563,0.514,0.0097602,0.514,0.0237157,0.514,0.0236499
0.515,0.00172919,0.515,0.00121597,0.515,0.03698,0.515,0.0320758,0.515,0.00966145,0.515,0.00910192,0.515,0.00873986,0.515,0.00956271,0.515,0.0100564,0.515,0.0236828,0.515,0.0234195
0.516,0.00176211,0.516,0.00123574,0.516,0.0376383,0.516,0.0325695,0.516,0.00946397,0.516,0.00897026,0.516,0.00867404,0.516,0.00959563,0.516,0.00877278,0.516,0.0236499,0.516,0.0242752
0.517,0.00172919,0.517,0.00122915,0.517,0.0368813,0.517,0.0325037,0.517,0.00939814,0.517,0.00910192,0.517,0.00946397,0.517,0.00962854,0.517,0.00956271,0.517,0.0236828,0.517,0.0228929
0.518,0.00169628,0.518,0.00120938,0.518,0.0367496,0.518,0.0317796,0.518,0.00913483,0.518,0.00916774,0.518,0.00946397,0.518,0.00969437,0.518,0.0097602,0.518,0.0236828,0.518,0.0236499
0.519,0.00172919,0.519,0.00122915,0.519,0.0372433,0.519,0.0319113,0.519,0.00920066,0.519,0.00923357,0.519,0.00903609,0.519,0.00972728,0.519,0.0100893,0.519,0.0236828,0.519,0.0237815
0.52,0.00172919,0.52,0.00122256,0.52,0.0374408,0.52,0.0323062,0.52,0.00979311,0.52,0.00923357,0.52,0.00900318,0.52,0.00969437,0.52,0.010221,0.52,0.0236499,0.52,0.0237486
0.521,0.00169628,0.521,0.00122915,0.521,0.0380662,0.521,0.0327012,0.521,0.0095298,0.521,0.00923357,0.521,0.00877278,0.521,0.00966145,0.521,0.0097602,0.521,0.0236828,0.521,0.0229587
0.522,0.00169628,0.522,0.00121597,0.522,0.0379016,0.522,0.0325695,0.522,0.00933231,0.522,0.00933231,0.522,0.00946397,0.522,0.00966145,0.522,0.00877278,0.522,0.0236828,0.522,0.0238144
0.523,0.00166337,0.523,0.00124892,0.523,0.0368154,0.523,0.031253,0.523,0.00897026,0.523,0.0092994,0.523,0.00943106,0.523,0.0095298,0.523,0.009069,0.523,0.0236828,0.523,0.023584
0.524,0.00172919,0.524,0.00124233,0.524,0.0371775,0.524,0.0317796,0.524,0.00897026,0.524,0.00910192,0.524,0.009069,0.524,0.00946397,0.524,0.0097602,0.524,0.0237815,0.524,0.0236499
0.525,0.00172919,0.525,0.00123574,0.525,0.0378029,0.525,0.0319771,0.525,0.00966145,0.525,0.00916774,0.525,0.00943106,0.525,0.00962854,0.525,0.00985894,0.525,0.0237486,0.525,0.0234524
0.526,0.00176211,0.526,0.00120938,0.526,0.0378029,0.526,0.0326354,0.526,0.00916774,0.526,0.00923357,0.526,0.00946397,0.526,0.00962854,0.526,0.0102539,0.526,0.0236828,0.526,0.023222
0.527,0.00172919,0.527,0.00123574,0.527,0.0378029,0.527,0.032405,0.527,0.00877278,0.527,0.00926649,0.527,0.00949688,0.527,0.00962854,0.527,0.0101552,0.527,0.0237157,0.527,0.0236499
0.528,0.00163045,0.528,0.00121597,0.528,0.0376054,0.528,0.0325695,0.528,0.0095298,0.528,0.0092994,0.528,0.00933231,0.528,0.00966145,0.528,0.00893735,0.528,0.0236828,0.528,0.0238474
0.529,0.00172919,0.529,0.00120938,0.529,0.0369471,0.529,0.0310884,0.529,0.00966145,0.529,0.0092994,0.529,0.00962854,0.529,0.00966145,0.529,0.00985894,0.529,0.0236828,0.529,0.0234853
0.53,0.00172919,0.53,0.00121597,0.53,0.0379345,0.53,0.0319442,0.53,0.00943106,0.53,0.00936523,0.53,0.00972728,0.53,0.00966145,0.53,0.00985894,0.53,0.0237486,0.53,0.0239132
0.531,0.00169628,0.531,0.00124233,0.531,0.0389219,0.531,0.0320429,0.531,0.00933231,0.531,0.00923357,0.531,0.0100893,0.531,0.00966145,0.531,0.0101222,0.531,0.0236828,0.531,0.023617
0.532,0.00169628,0.532,0.00123574,0.532,0.0390536,0.532,0.0325366,0.532,0.00897026,0.532,0.00893735,0.532,0.00900318,0.532,0.00966145,0.532,0.010616,0.532,0.0236499,0.532,0.0237486
0.533,0.00176211,0.533,0.00121597,0.533,0.0387903,0.533,0.0325366,0.533,0.00854238,0.533,0.00920066,0.533,0.00936523,0.533,0.00989185,0.533,0.00913483,0.533,0.023584,0.533,0.0233207
0.534,0.00176211,0.534,0.00123574,0.534,0.0369471,0.534,0.0311213,0.534,0.00887152,0.534,0.00923357,0.534,0.00936523,0.534,0.00979311,0.534,0.0100235,0.534,0.0236499,0.534,0.0233207
0.535,0.00172919,0.535,0.00120938,0.535,0.0379674,0.535,0.0316809,0.535,0.00949688,0.535,0.00926649,0.535,0.00962854,0.535,0.00982602,0.535,0.00969437,0.535,0.0236499,0.535,0.0232878
0.536,0.00176211,0.536,0.00122915,0.536,0.0378687,0.536,0.0321087,0.536,0.00959563,0.536,0.00926649,0.536,0.00933231,0.536,0.00979311,0.536,0.00992477,0.536,0.023617,0.536,0.0238474
0.537,0.00176211,0.537,0.00121597,0.537,0.0389878,0.537,0.0326025,0.537,0.00893735,0.537,0.00933231,0.537,0.0092994,0.537,0.00972728,0.537,0.00995768,0.537,0.0236828,0.537,0.0233536
0.538,0.00169628,0.538,0.00123574,0.538,0.0389219,0.538,0.0318125,0.538,0.00920066,0.538,0.0092994,0.538,0.00949688,0.538,0.00972728,0.538,0.00949688,0.538,0.023617,0.538,0.0241765
0.539,0.00163045,0.539,0.00123574,0.539,0.0372433,0.539,0.0320758,0.539,0.00923357,0.539,0.00936523,0.539,0.00949688,0.539,0.00962854,0.539,0.00837781,0.539,0.023584,0.539,0.0236499
0.54,0.00172919,0.54,0.00123574,0.54,0.037375,0.54,0.0319771,0.54,0.00943106,0.54,0.00933231,0.54,0.00936523,0.54,0.00956271,0.54,0.00969437,0.54,0.0236828,0.54,0.0237815
0.541,0.00172919,0.541,0.00120279,0.541,0.0386915,0.541,0.0322733,0.541,0.00949688,0.541,0.00913483,0.541,0.0097602,0.541,0.00962854,0.541,0.00995768,0.541,0.0237157,0.541,0.0228599
0.542,0.00172919,0.542,0.00123574,0.542,0.0391523,0.542,0.0306935,0.542,0.00841072,0.542,0.00916774,0.542,0.00949688,0.542,0.00962854,0.542,0.0104185,0.542,0.0236828,0.542,0.0233207
0.543,0.00172919,0.543,0.00122256,0.543,0.0390207,0.543,0.0322075,0.543,0.00900318,0.543,0.0092994,0.543,0.00939814,0.543,0.00962854,0.543,0.00893735,0.543,0.0236499,0.543,0.023584
0.544,0.00172919,0.544,0.00123574,0.544,0.0371446,0.544,0.0323721,0.544,0.00946397,0.544,0.00926649,0.544,0.00887152,0.544,0.00972728,0.544,0.00890443,0.544,0.0237157,0.544,0.0237815
0.545,0.00179502,0.545,0.00120938,0.545,0.0386915,0.545,0.0324708,0.545,0.00903609,0.545,0.00923357,0.545,0.00910192,0.545,0.00962854,0.545,0.00992477,0.545,0.0236499,0.545,0.022827
0.546,0.00172919,0.546,0.00122915,0.546,0.0393498,0.546,0.0322404,0.546,0.0092994,0.546,0.0092994,0.546,0.00923357,0.546,0.00969437,0.546,0.00985894,0.546,0.0236828,0.546,0.0234524
0.547,0.00172919,0.547,0.00121597,0.547,0.0392511,0.547,0.0322075,0.547,0.00893735,0.547,0.00923357,0.547,0.00926649,0.547,0.00972728,0.547,0.00992477,0.547,0.0236499,0.547,0.0235182
0.548,0.00172919,0.548,0.00121597,0.548,0.0382307,0.548,0.0325037,0.548,0.00873986,0.548,0.00923357,0.548,0.00943106,0.548,0.00966145,0.548,0.0100893,0.548,0.0236499,0.548,0.0238144
0.549,0.00172919,0.549,0.00120938,0.549,0.0388232,0.549,0.0313188,0.549,0.00939814,0.549,0.00916774,0.549,0.00854238,0.549,0.00966145,0.549,0.00893735,0.549,0.0236499,0.549,0.0228599
0.55,0.00172919,0.55,0.00121597,0.55,0.0392182,0.55,0.0321746,0.55,0.0092994,0.55,0.00900318,0.55,0.00897026,0.55,0.00969437,0.55,0.00946397,0.55,0.023584,0.55,0.0235511
0.551,0.00172919,0.551,0.00120279,0.551,0.0394156,0.551,0.0323391,0.551,0.00903609,0.551,0.00920066,0.551,0.00916774,0.551,0.0097602,0.551,0.0100893,0.551,0.0236499,0.551,0.023617
0.552,0.00172919,0.552,0.00122256,0.552,0.0383953,0.552,0.0323721,0.552,0.00850947,0.552,0.00933231,0.552,0.00966145,0.552,0.00979311,0.552,0.0100893,0.552,0.023584,0.552,0.0235182
0.553,0.00176211,0.553,0.00120279,0.553,0.0391852,0.553,0.0313188,0.553,0.009069,0.553,0.00923357,0.553,0.00969437,0.553,0.00985894,0.553,0.00999059,0.553,0.023617,0.553,0.0234195
0.554,0.00169628,0.554,0.00122256,0.554,0.039284,0.554,0.0322075,0.554,0.00933231,0.554,0.00926649,0.554,0.00890443,0.554,0.00979311,0.554,0.00913483,0.554,0.0236499,0.554,0.0230574
0.555,0.00176211,0.555,0.00121597,0.555,0.0387244,0.555,0.0324708,0.555,0.0092994,0.555,0.0092994,0.555,0.00939814,0.555,0.0097602,0.555,0.00946397,0.555,0.023584,0.555,0.0239132
0.556,0.00172919,0.556,0.00121597,0.556,0.0390536,0.556,0.0321087,0.556,0.00910192,0.556,0.00933231,0.556,0.00920066,0.556,0.00966145,0.556,0.0097602,0.556,0.0235511,0.556,0.0232549
0.557,0.00172919,0.557,0.00122256,0.557,0.0390207,0.557,0.0318125,0.557,0.00883861,0.557,0.00926649,0.557,0.0095298,0.557,0.00995768,0.557,0.0107805,0.557,0.0236828,0.557,0.0230903
0.558,0.00176211,0.558,0.00122915,0.558,0.0395802,0.558,0.0323391,0.558,0.00900318,0.558,0.00926649,0.558,0.00946397,0.558,0.00989185,0.558,0.00959563,0.558,0.0236828,0.558,0.0236828
0.559,0.00169628,0.559,0.00121597,0.559,0.0380003,0.559,0.0320758,0.559,0.00903609,0.559,0.0092994,0.559,0.00841072,0.559,0.0097602,0.559,0.00969437,0.559,0.0236499,0.559,0.0237486
0.56,0.00169628,0.56,0.00119621,0.56,0.0390536,0.56,0.0308909,0.56,0.00936523,0.56,0.0092994,0.56,0.00903609,0.56,0.0097602,0.56,0.0100235,0.56,0.0236499,0.56,0.0226295
0.561,0.00172919,0.561,0.00120938,0.561,0.039284,0.561,0.0320758,0.561,0.00900318,0.561,0.00936523,0.561,0.0101222,0.561,0.0097602,0.561,0.010221,0.561,0.0236828,0.561,0.0227941
0.562,0.00179502,0.562,0.00120938,0.562,0.0391194,0.562,0.0318125,0.562,0.0095298,0.562,0.00936523,0.562,0.00946397,0.562,0.0097602,0.562,0.00939814,0.562,0.023617,0.562,0.0235182
0.563,0.00176211,0.563,0.00121597,0.563,0.0385928,0.563,0.0324708,0.563,0.009069,0.563,0.00920066,0.563,0.00916774,0.563,0.00979311,0.563,0.0100235,0.563,0.0235511,0.563,0.0232878
0.564,0.00172919,0.564,0.00122256,0.564,0.0394815,0.564,0.031615,0.564,0.00936523,0.564,0.00920066,0.564,0.00890443,0.564,0.00982602,0.564,0.00969437,0.564,0.023617,0.564,0.0229916
0.565,0.00172919,0.565,0.00118962,0.565,0.0395473,0.565,0.0317467,0.565,0.00873986,0.565,0.0092994,0.565,0.00864112,0.565,0.00972728,0.565,0.00962854,0.565,0.023617,0.565,0.0234853
0.566,0.00172919,0.566,0.00120279,0.566,0.0389548,0.566,0.0322404,0.566,0.00936523,0.566,0.00910192,0.566,0.00910192,0.566,0.00969437,0.566,0.00933231,0.566,0.023584,0.566,0.0234853
0.567,0.00169628,0.567,0.00121597,0.567,0.0386257,0.567,0.03201,0.567,0.0095298,0.567,0.00923357,0.567,0.00936523,0.567,0.00979311,0.567,0.00966145,0.567,0.023584,0.567,0.0237815
0.568,0.00169628,0.568,0.00120279,0.568,0.0395473,0.568,0.0317796,0.568,0.009069,0.568,0.00926649,0.568,0.00959563,0.568,0.00985894,0.568,0.0101881,0.568,0.023584,0.568,0.0230245
0.569,0.00176211,0.569,0.00122256,0.569,0.0399093,0.569,0.0318454,0.569,0.00936523,0.569,0.0092994,0.569,0.00854238,0.569,0.00985894,0.569,0.0101222,0.569,0.0235182,0.569,0.0231562
0.57,0.00172919,0.57,0.00120279,0.57,0.038132,0.57,0.0326025,0.57,0.00943106,0.57,0.0092994,0.57,0.00890443,0.57,0.00985894,0.57,0.00936523,0.57,0.0235511,0.57,0.0238474
0.571,0.00172919,0.571,0.00121597,0.571,0.0391194,0.571,0.0314834,0.571,0.00949688,0.571,0.00936523,0.571,0.00959563,0.571,0.00982602,0.571,0.0095298,0.571,0.0235511,0.571,0.0236499
0.572,0.00172919,0.572,0.00122915,0.572,0.039284,0.572,0.0314176,0.572,0.00903609,0.572,0.00943106,0.572,0.0095298,0.572,0.00972728,0.572,0.0097602,0.572,0.0235182,0.572,0.0237815
0.573,0.00176211,0.573,0.00120279,0.573,0.039646,0.573,0.0321746,0.573,0.00949688,0.573,0.00936523,0.573,0.00883861,0.573,0.00962854,0.573,0.00979311,0.573,0.0236499,0.573,0.0234853
0.574,0.00169628,0.574,0.00120938,0.574,0.0382966,0.574,0.0325695,0.574,0.00956271,0.574,0.00923357,0.574,0.00920066,0.574,0.00966145,0.574,0.00890443,0.574,0.0236499,0.574,0.0225308
0.575,0.00172919,0.575,0.00119621,0.575,0.0392511,0.575,0.031253,0.575,0.00936523,0.575,0.00933231,0.575,0.00933231,0.575,0.00972728,0.575,0.00933231,0.575,0.0236499,0.575,0.0228599
0.576,0.00176211,0.576,0.00120279,0.576,0.039646,0.576,0.0319442,0.576,0.00893735,0.576,0.00936523,0.576,0.00946397,0.576,0.00972728,0.576,0.00985894,0.576,0.023584,0.576,0.0235182
0.577,0.00176211,0.577,0.00120279,0.577,0.0393827,0.577,0.0325037,0.577,0.0092994,0.577,0.00939814,0.577,0.00890443,0.577,0.00979311,0.577,0.0100564,0.577,0.023584,0.577,0.0234524
0.578,0.00172919,0.578,0.00120279,0.578,0.0384282,0.578,0.0320758,0.578,0.00926649,0.578,0.00946397,0.578,0.0095298,0.578,0.00979311,0.578,0.00887152,0.578,0.023584,0.578,0.0235511
0.579,0.00172919,0.579,0.00118303,0.579,0.0393827,0.579,0.031615,0.579,0.00900318,0.579,0.00946397,0.579,0.00979311,0.579,0.00979311,0.579,0.0100564,0.579,0.0235182,0.579,0.0233866
0.58,0.00179502,0.58,0.00120279,0.58,0.0398435,0.58,0.03201,0.58,0.00943106,0.58,0.0092994,0.58,0.00946397,0.58,0.00979311,0.58,0.0102539,0.58,0.023584,0.58,0.022827
0.581,0.00179502,0.581,0.00118962,0.581,0.0379345,0.581,0.0320429,0.581,0.00913483,0.581,0.00933231,0.581,0.00877278,0.581,0.00972728,0.581,0.00966145,0.581,0.0235511,0.581,0.0227941
0.582,0.00176211,0.582,0.00119621,0.582,0.0390207,0.582,0.0318125,0.582,0.00946397,0.582,0.00920066,0.582,0.00910192,0.582,0.0097602,0.582,0.00903609,0.582,0.023584,0.582,0.0234195
0.583,0.00172919,0.583,0.00119621,0.583,0.0394156,0.583,0.031615,0.583,0.00893735,0.583,0.00926649,0.583,0.0097602,0.583,0.0097602,0.583,0.00966145,0.583,0.0235182,0.583,0.0237157
0.584,0.00166337,0.584,0.00122256,0.584,0.0394486,0.584,0.031648,0.584,0.00920066,0.584,0.00936523,0.584,0.00999059,0.584,0.00982602,0.584,0.0101881,0.584,0.0234853,0.584,0.0234524
0.585,0.00179502,0.585,0.00118303,0.585,0.0382636,0.585,0.0323062,0.585,0.00943106,0.585,0.00933231,0.585,0.00903609,0.585,0.00985894,0.585,0.00972728,0.585,0.0235511,0.585,0.0235182
0.586,0.00172919,0.586,0.00117644,0.586,0.0385599,0.586,0.0309238,0.586,0.00946397,0.586,0.00936523,0.586,0.00910192,0.586,0.00985894,0.586,0.00966145,0.586,0.0235511,0.586,0.0230245
0.587,0.00172919,0.587,0.00119621,0.587,0.0394486,0.587,0.0317138,0.587,0.00847655,0.587,0.00936523,0.587,0.00943106,0.587,0.00985894,0.587,0.00966145,0.587,0.0235182,0.587,0.0226954
0.588,0.00169628,0.588,0.00118962,0.588,0.0399423,0.588,0.0318784,0.588,0.00916774,0.588,0.00939814,0.588,0.0095298,0.588,0.00982602,0.588,0.00989185,0.588,0.0235182,0.588,0.0229587
0.589,0.00179502,0.589,0.00117644,0.589,0.038889,0.589,0.0321746,0.589,0.00966145,0.589,0.00946397,0.589,0.00850947,0.589,0.0097602,0.589,0.00966145,0.589,0.0235511,0.589,0.023617
0.59,0.00172919,0.59,0.00118962,0.59,0.039646,0.59,0.0312201,0.59,0.00949688,0.59,0.00936523,0.59,0.0095298,0.59,0.00966145,0.59,0.00920066,0.59,0.0235511,0.59,0.023617
0.591,0.00176211,0.591,0.00118962,0.591,0.0396789,0.591,0.0323391,0.591,0.00900318,0.591,0.00936523,0.591,0.00943106,0.591,0.00969437,0.591,0.00979311,0.591,0.0235511,0.591,0.0231562
0.592,0.00172919,0.592,0.00117644,0.592,0.0395144,0.592,0.0320429,0.592,0.00910192,0.592,0.00943106,0.592,0.00995768,0.592,0.00972728,0.592,0.0097602,0.592,0.023584,0.592,0.0228599
0.593,0.00172919,0.593,0.00116326,0.593,0.0384611,0.593,0.0303643,0.593,0.009069,0.593,0.00949688,0.593,0.00900318,0.593,0.0097602,0.593,0.00995768,0.593,0.0235511,0.593,0.0232878
0.594,0.00172919,0.594,0.00118303,0.594,0.0390207,0.594,0.0319442,0.594,0.00923357,0.594,0.00949688,0.594,0.00959563,0.594,0.0097602,0.594,0.00903609,0.594,0.0235182,0.594,0.0233207
0.595,0.00169628,0.595,0.00117644,0.595,0.0391523,0.595,0.0321746,0.595,0.00939814,0.595,0.00943106,0.595,0.00992477,0.595,0.00979311,0.595,0.0101222,0.595,0.023584,0.595,0.023222
0.596,0.00176211,0.596,0.00117644,0.596,0.0386915,0.596,0.0319442,0.596,0.00926649,0.596,0.00939814,0.596,0.00926649,0.596,0.0097602,0.596,0.0101222,0.596,0.0235511,0.596,0.023584
0.597,0.00176211,0.597,0.00119621,0.597,0.0394156,0.597,0.0310555,0.597,0.0092994,0.597,0.00933231,0.597,0.00864112,0.597,0.0097602,0.597,0.0097602,0.597,0.023584,0.597,0.0234853
0.598,0.00176211,0.598,0.00116985,0.598,0.0396789,0.598,0.0315163,0.598,0.00883861,0.598,0.00923357,0.598,0.00913483,0.598,0.0097602,0.598,0.00916774,0.598,0.0235182,0.598,0.0229258
0.599,0.00172919,0.599,0.00116326,0.599,0.0401727,0.599,0.0318784,0.599,0.009069,0.599,0.0092994,0.599,0.00956271,0.599,0.00979311,0.599,0.0101552,0.599,0.0234524,0.599,0.0233536
0.6,0.00176211,0.6,0.00116985,0.6,0.0381978,0.6,0.0321746,0.6,0.00923357,0.6,0.00923357,0.6,0.00946397,0.6,0.00979311,0.6,0.0101552,0.6,0.0234195,0.6,0.0234524
0.601,0.00176211,0.601,0.00117644,0.601,0.0392182,0.601,0.0309897,0.601,0.00920066,0.601,0.00939814,0.601,0.00920066,0.601,0.00985894,0.601,0.0102868,0.601,0.0234524,0.601,0.0233866
0.602,0.00176211,0.602,0.00118962,0.602,0.0394156,0.602,0.0320758,0.602,0.00916774,0.602,0.00946397,0.602,0.00949688,0.602,0.00979311,0.602,0.00936523,0.602,0.0234853,0.602,0.0231891
0.603,0.00172919,0.603,0.00118962,0.603,0.039646,0.603,0.0322404,0.603,0.009069,0.603,0.00943106,0.603,0.00966145,0.603,0.00985894,0.603,0.00969437,0.603,0.0234853,0.603,0.0229258
0.604,0.00172919,0.604,0.00118303,0.604,0.0386586,0.604,0.0314834,0.604,0.00933231,0.604,0.00949688,0.604,0.00949688,0.604,0.00982602,0.604,0.0097602,0.604,0.0234524,0.604,0.0229916
0.605,0.00169628,0.605,0.00118962,0.605,0.0397119,0.605,0.0319113,0.605,0.0095298,0.605,0.00949688,0.605,0.00949688,0.605,0.00979311,0.605,0.0100893,0.605,0.0234853,0.605,0.0239461
0.606,0.00169628,0.606,0.00116985,0.606,0.0397119,0.606,0.0321417,0.606,0.00903609,0.606,0.00949688,0.606,0.00920066,0.606,0.0097602,0.606,0.00887152,0.606,0.0234195,0.606,0.0233536
0.607,0.00172919,0.607,0.00118962,0.607,0.0390865,0.607,0.03201,0.607,0.00926649,0.607,0.00933231,0.607,0.0100893,0.607,0.00966145,0.607,0.00920066,0.607,0.023584,0.607,0.0238474
0.608,0.00176211,0.608,0.00117644,0.608,0.038889,0.608,0.0323721,0.608,0.00939814,0.608,0.00936523,0.608,0.00936523,0.608,0.00969437,0.608,0.00982602,0.608,0.0235511,0.608,0.0233207
0.609,0.00172919,0.609,0.00116985,0.609,0.0393169,0.609,0.0309897,0.609,0.00933231,0.609,0.00946397,0.609,0.00959563,0.609,0.00972728,0.609,0.0103197,0.609,0.0235182,0.609,0.0225966
0.61,0.00169628,0.61,0.00116326,0.61,0.0395144,0.61,0.031615,0.61,0.00923357,0.61,0.00946397,0.61,0.00966145,0.61,0.0097602,0.61,0.00864112,0.61,0.0235182,0.61,0.0223662
0.611,0.00166337,0.611,0.00118962,0.611,0.0379674,0.611,0.0319442,0.611,0.00913483,0.611,0.00956271,0.611,0.00962854,0.611,0.00979311,0.611,0.00949688,0.611,0.0234524,0.611,0.0234195
0.612,0.00172919,0.612,0.00117644,0.612,0.0393169,0.612,0.0322404,0.612,0.00959563,0.612,0.00946397,0.612,0.00923357,0.612,0.00979311,0.612,0.0103856,0.612,0.0234524,0.612,0.0237486
0.613,0.00176211,0.613,0.00118962,0.613,0.0397777,0.613,0.0320429,0.613,0.00936523,0.613,0.00939814,0.613,0.009069,0.613,0.00985894,0.613,0.00999059,0.613,0.0234524,0.613,0.023617
0.614,0.00172919,0.614,0.00120279,0.614,0.0401397,0.614,0.0310884,0.614,0.00910192,0.614,0.00939814,0.614,0.00943106,0.614,0.00982602,0.614,0.00877278,0.614,0.0234853,0.614,0.0235511
0.615,0.00172919,0.615,0.00118303,0.615,0.0391194,0.615,0.0318454,0.615,0.00923357,0.615,0.00939814,0.615,0.00962854,0.615,0.0097602,0.615,0.00933231,0.615,0.0233866,0.615,0.0228929
0.616,0.00172919,0.616,0.00117644,0.616,0.0387903,0.616,0.0321746,0.616,0.0097602,0.616,0.00926649,0.616,0.00936523,0.616,0.00979311,0.616,0.0097602,0.616,0.0234195,0.616,0.0231891
0.617,0.00172919,0.617,0.00120279,0.617,0.0397777,0.617,0.031648,0.617,0.0092994,0.617,0.00943106,0.617,0.00913483,0.617,0.00982602,0.617,0.0102868,0.617,0.0234195,0.617,0.023222
0.618,0.00172919,0.618,0.00119621,0.618,0.0398435,0.618,0.0314176,0.618,0.00916774,0.618,0.00936523,0.618,0.00943106,0.618,0.00985894,0.618,0.0100564,0.618,0.0234524,0.618,0.0237157
0.619,0.00172919,0.619,0.00116985,0.619,0.039646,0.619,0.03201,0.619,0.00913483,0.619,0.00943106,0.619,0.00962854,0.619,0.00982602,0.619,0.00897026,0.619,0.0234195,0.619,0.0237486
0.62,0.00176211,0.62,0.00118303,0.62,0.0394815,0.62,0.031648,0.62,0.0097602,0.62,0.00946397,0.62,0.00936523,0.62,0.00982602,0.62,0.00926649,0.62,0.0234524,0.62,0.0235182
0.621,0.00169628,0.621,0.00118962,0.621,0.038132,0.621,0.0315492,0.621,0.00890443,0.621,0.00949688,0.621,0.00943106,0.621,0.00982602,0.621,0.00972728,0.621,0.0234195,0.621,0.0226954
0.622,0.00172919,0.622,0.00119621,0.622,0.0387244,0.622,0.0320758,0.622,0.00926649,0.622,0.00946397,0.622,0.00995768,0.622,0.00979311,0.622,0.00969437,0.622,0.0234195,0.622,0.0227612
0.623,0.00176211,0.623,0.00116326,0.623,0.0395802,0.623,0.03201,0.623,0.00923357,0.623,0.0095298,0.623,0.00962854,0.623,0.00962854,0.623,0.0097602,0.623,0.0234524,0.623,0.023222
0.624,0.00176211,0.624,0.00118303,0.624,0.0393827,0.624,0.0319771,0.624,0.00933231,0.624,0.00936523,0.624,0.00913483,0.624,0.00966145,0.624,0.00999059,0.624,0.0234853,0.624,0.0234195
0.625,0.00176211,0.625,0.00118303,0.625,0.0395802,0.625,0.0308909,0.625,0.00887152,0.625,0.00939814,0.625,0.0092994,0.625,0.00972728,0.625,0.00936523,0.625,0.0234853,0.625,0.0239461
0.626,0.00176211,0.626,0.00118962,0.626,0.0382966,0.626,0.0307922,0.626,0.00966145,0.626,0.00946397,0.626,0.00943106,0.626,0.0097602,0.626,0.00910192,0.626,0.0235182,0.626,0.0237486
0.627,0.00172919,0.627,0.00117644,0.627,0.0384282,0.627,0.0318454,0.627,0.00897026,0.627,0.0095298,0.627,0.00992477,0.627,0.0097602,0.627,0.00969437,0.627,0.0234853,0.627,0.0224979
0.628,0.00172919,0.628,0.00117644,0.628,0.0391194,0.628,0.0317796,0.628,0.00897026,0.628,0.00959563,0.628,0.00893735,0.628,0.0097602,0.628,0.00992477,0.628,0.0234524,0.628,0.0229587
0.629,0.00172919,0.629,0.00119621,0.629,0.039284,0.629,0.0321417,0.629,0.00913483,0.629,0.00946397,0.629,0.00897026,0.629,0.00982602,0.629,0.0102539,0.629,0.0234853,0.629,0.0231562
0.63,0.00172919,0.63,0.00118303,0.63,0.0396789,0.63,0.0312201,0.63,0.00936523,0.63,0.00949688,0.63,0.00959563,0.63,0.00982602,0.63,0.0103856,0.63,0.0234853,0.63,0.0235182
0.631,0.00172919,0.631,0.00118303,0.631,0.0403043,0.631,0.0319771,0.631,0.00923357,0.631,0.00933231,0.631,0.00995768,0.631,0.00979311,0.631,0.00946397,0.631,0.0233536,0.631,0.0237486
0.632,0.00172919,0.632,0.00116985,0.632,0.0386586,0.632,0.0319113,0.632,0.00923357,0.632,0.00923357,0.632,0.00923357,0.632,0.00972728,0.632,0.00890443,0.632,0.0234195,0.632,0.0233207
0.633,0.00176211,0.633,0.00118303,0.633,0.0389219,0.633,0.0319771,0.633,0.00900318,0.633,0.00920066,0.633,0.00824615,0.633,0.0097602,0.633,0.0100893,0.633,0.0233536,0.633,0.022465
0.634,0.00172919,0.634,0.00119621,0.634,0.0390536,0.634,0.0307264,0.634,0.0092994,0.634,0.00936523,0.634,0.0095298,0.634,0.00979311,0.634,0.0102868,0.634,0.0233866,0.634,0.0225308
0.635,0.00176211,0.635,0.00117644,0.635,0.0393498,0.635,0.0312859,0.635,0.0092994,0.635,0.00943106,0.635,0.00926649,0.635,0.00985894,0.635,0.0102539,0.635,0.0233866,0.635,0.023222
0.636,0.00169628,0.636,0.00118962,0.636,0.0396789,0.636,0.0317138,0.636,0.0092994,0.636,0.00946397,0.636,0.00985894,0.636,0.00989185,0.636,0.00999059,0.636,0.0233536,0.636,0.0232549
0.637,0.00179502,0.637,0.00118962,0.637,0.0380333,0.637,0.0317138,0.637,0.00890443,0.637,0.00943106,0.637,0.00989185,0.637,0.00985894,0.637,0.00969437,0.637,0.0233866,0.637,0.0233536
0.638,0.00169628,0.638,0.00117644,0.638,0.0393827,0.638,0.031648,0.638,0.0092994,0.638,0.00949688,0.638,0.0102539,0.638,0.00982602,0.638,0.00854238,0.638,0.0233536,0.638,0.023617
0.639,0.00169628,0.639,0.00118303,0.639,0.0397119,0.639,0.0310226,0.639,0.00926649,0.639,0.00949688,0.639,0.00883861,0.639,0.00972728,0.639,0.00949688,0.639,0.0234195,0.639,0.0232878
0.64,0.00172919,0.64,0.00118962,0.64,0.0400739,0.64,0.031253,0.64,0.00920066,0.64,0.00943106,0.64,0.00939814,0.64,0.00962854,0.64,0.00985894,0.64,0.0234195,0.64,0.0223333
0.641,0.00176211,0.641,0.00117644,0.641,0.0386915,0.641,0.0318784,0.641,0.00923357,0.641,0.0092994,0.641,0.0095298,0.641,0.00969437,0.641,0.00972728,0.641,0.0234524,0.641,0.0229258
0.642,0.00169628,0.642,0.00118303,0.642,0.0389548,0.642,0.0321746,0.642,0.00913483,0.642,0.00939814,0.642,0.00949688,0.642,0.00982602,0.642,0.0103197,0.642,0.0234195,0.642,0.0231233
0.643,0.00172919,0.643,0.00116326,0.643,0.0391852,0.643,0.0317467,0.643,0.00900318,0.643,0.00946397,0.643,0.00995768,0.643,0.00982602,0.643,0.00992477,0.643,0.0234524,0.643,0.0234853
0.644,0.00166337,0.644,0.00115667,0.644,0.0398106,0.644,0.0314176,0.644,0.00890443,0.644,0.00943106,0.644,0.00946397,0.644,0.00982602,0.644,0.00959563,0.644,0.0233866,0.644,0.0233536
0.645,0.00172919,0.645,0.00118303,0.645,0.0398435,0.645,0.0311542,0.645,0.00900318,0.645,0.00946397,0.645,0.00913483,0.645,0.00982602,0.645,0.0100893,0.645,0.0233866,0.645,0.0234524
0.646,0.00176211,0.646,0.00117644,0.646,0.0401068,0.646,0.0318125,0.646,0.00943106,0.646,0.00949688,0.646,0.00933231,0.646,0.00985894,0.646,0.010221,0.646,0.0234195,0.646,0.0223333
0.647,0.00169628,0.647,0.00116985,0.647,0.0378687,0.647,0.0315821,0.647,0.00920066,0.647,0.00933231,0.647,0.00943106,0.647,0.00985894,0.647,0.0101222,0.647,0.0233866,0.647,0.0230245
0.648,0.00176211,0.648,0.00115667,0.648,0.0396131,0.648,0.0321087,0.648,0.00883861,0.648,0.0095298,0.648,0.00949688,0.648,0.00982602,0.648,0.00933231,0.648,0.0233207,0.648,0.0230245
0.649,0.00176211,0.649,0.00115008,0.649,0.0396131,0.649,0.031648,0.649,0.0095298,0.649,0.0092994,0.649,0.00962854,0.649,0.00979311,0.649,0.00999059,0.649,0.0233207,0.649,0.0232878
0.65,0.00176211,0.65,0.00115008,0.65,0.0398435,0.65,0.030496,0.65,0.00933231,0.65,0.00926649,0.65,0.00920066,0.65,0.00979311,0.65,0.0097602,0.65,0.0233207,0.65,0.023584
0.651,0.00179502,0.651,0.00120279,0.651,0.0396131,0.651,0.0311213,0.651,0.00920066,0.651,0.00946397,0.651,0.00949688,0.651,0.00989185,0.651,0.0100893,0.651,0.0233207,0.651,0.0234853
0.652,0.00176211,0.652,0.00116326,0.652,0.0388232,0.652,0.0317138,0.652,0.00883861,0.652,0.00959563,0.652,0.00979311,0.652,0.00985894,0.652,0.00972728,0.652,0.0233536,0.652,0.0221687
0.653,0.00169628,0.653,0.00116985,0.653,0.0385599,0.653,0.0315492,0.653,0.00903609,0.653,0.00956271,0.653,0.00969437,0.653,0.00995768,0.653,0.0100893,0.653,0.0233207,0.653,0.0225966
0.654,0.00176211,0.654,0.00118303,0.654,0.0393169,0.654,0.0318125,0.654,0.0092994,0.654,0.0095298,0.654,0.0101222,0.654,0.00989185,0.654,0.010221,0.654,0.0233207,0.654,0.0235182
0.655,0.00172919,0.655,0.00116985,0.655,0.0399752,0.655,0.0313846,0.655,0.00956271,0.655,0.00949688,0.655,0.0095298,0.655,0.00982602,0.655,0.00992477,0.655,0.0232878,0.655,0.0235182
0.656,0.00166337,0.656,0.00115667,0.656,0.0401727,0.656,0.0315821,0.656,0.00920066,0.656,0.0095298,0.656,0.0100893,0.656,0.00972728,0.656,0.0100235,0.656,0.0233536,0.656,0.0235182
0.657,0.00172919,0.657,0.00115667,0.657,0.0395144,0.657,0.031648,0.657,0.00890443,0.657,0.00949688,0.657,0.00916774,0.657,0.00972728,0.657,0.00995768,0.657,0.0233866,0.657,0.0233866
0.658,0.00176211,0.658,0.00118962,0.658,0.0383953,0.658,0.03201,0.658,0.00903609,0.658,0.00949688,0.658,0.0092994,0.658,0.00979311,0.658,0.0100564,0.658,0.0234195,0.658,0.022465
0.659,0.00179502,0.659,0.00114349,0.659,0.0387574,0.659,0.0313846,0.659,0.009069,0.659,0.00956271,0.659,0.00966145,0.659,0.00979311,0.659,0.0102868,0.659,0.0233866,0.659,0.0225637
0.66,0.00172919,0.66,0.00116985,0.66,0.0392182,0.66,0.0318784,0.66,0.00893735,0.66,0.00962854,0.66,0.00992477,0.66,0.00982602,0.66,0.00966145,0.66,0.0233536,0.66,0.0226625
0.661,0.00176211,0.661,0.00116985,0.661,0.039646,0.661,0.0302327,0.661,0.00946397,0.661,0.00966145,0.661,0.00920066,0.661,0.00982602,0.661,0.0101881,0.661,0.0233866,0.661,0.0231891
0.662,0.00176211,0.662,0.00115667,0.662,0.0398764,0.662,0.0314834,0.662,0.0092994,0.662,0.00966145,0.662,0.00933231,0.662,0.00979311,0.662,0.0110438,0.662,0.0233536,0.662,0.0234853
0.663,0.00169628,0.663,0.00115667,0.663,0.0393827,0.663,0.0313188,0.663,0.0097602,0.663,0.00962854,0.663,0.00985894,0.663,0.0100564,0.663,0.0102868,0.663,0.0233866,0.663,0.0231233
0.664,0.00179502,0.664,0.00116326,0.664,0.0382966,0.664,0.031648,0.664,0.00877278,0.664,0.00949688,0.664,0.0100564,0.664,0.00992477,0.664,0.00949688,0.664,0.0233536,0.664,0.0230574
0.665,0.00172919,0.665,0.00118303,0.665,0.0391523,0.665,0.0318454,0.665,0.00936523,0.665,0.00959563,0.665,0.00900318,0.665,0.00985894,0.665,0.00992477,0.665,0.0233536,0.665,0.022827
0.666,0.00169628,0.666,0.00114349,0.666,0.0396789,0.666,0.0313188,0.666,0.00949688,0.666,0.00946397,0.666,0.00949688,0.666,0.00982602,0.666,0.00979311,0.666,0.0233207,0.666,0.0228599
0.667,0.00172919,0.667,0.00116985,0.667,0.0394486,0.667,0.0304631,0.667,0.00903609,0.667,0.00949688,0.667,0.00966145,0.667,0.00989185,0.667,0.0109451,0.667,0.0232878,0.667,0.0229916
0.668,0.00172919,0.668,0.00116326,0.668,0.0397777,0.668,0.0318125,0.668,0.00870695,0.668,0.00956271,0.668,0.00920066,0.668,0.00995768,0.668,0.00982602,0.668,0.0232878,0.668,0.0233536
0.669,0.00176211,0.669,0.00116326,0.669,0.0389878,0.669,0.0318454,0.669,0.00926649,0.669,0.00966145,0.669,0.00926649,0.669,0.00992477,0.669,0.0100235,0.669,0.0232878,0.669,0.0231891
0.67,0.00169628,0.67,0.00115667,0.67,0.038527,0.67,0.0320429,0.67,0.00893735,0.67,0.00962854,0.67,0.00995768,0.67,0.00995768,0.67,0.0100235,0.67,0.0232878,0.67,0.0237486
0.671,0.00169628,0.671,0.00114349,0.671,0.0395144,0.671,0.0314176,0.671,0.00939814,0.671,0.00962854,0.671,0.00985894,0.671,0.00992477,0.671,0.0102539,0.671,0.0232549,0.671,0.0221029
0.672,0.00176211,0.672,0.00115008,0.672,0.0395802,0.672,0.0310226,0.672,0.00933231,0.672,0.00969437,0.672,0.0092994,0.672,0.00985894,0.672,0.00890443,0.672,0.0232878,0.672,0.0232549
0.673,0.00176211,0.673,0.0011369,0.673,0.0395144,0.673,0.0313517,0.673,0.00920066,0.673,0.00962854,0.673,0.0095298,0.673,0.00972728,0.673,0.0101222,0.673,0.0233536,0.673,0.0233866
0.674,0.00176211,0.674,0.0011369,0.674,0.0400081,0.674,0.031615,0.674,0.00985894,0.674,0.00956271,0.674,0.00959563,0.674,0.0097602,0.674,0.0100564,0.674,0.0233866,0.674,0.0231562
0.675,0.00172919,0.675,0.00116985,0.675,0.0389548,0.675,0.0319771,0.675,0.00860821,0.675,0.0095298,0.675,0.00982602,0.675,0.0097602,0.675,0.00989185,0.675,0.0233207,0.675,0.0231562
0.676,0.00169628,0.676,0.00116326,0.676,0.0386915,0.676,0.0318784,0.676,0.00903609,0.676,0.00959563,0.676,0.00903609,0.676,0.00982602,0.676,0.00966145,0.676,0.0233536,0.676,0.0233866
0.677,0.00169628,0.677,0.00115008,0.677,0.039284,0.677,0.0311872,0.677,0.00910192,0.677,0.00959563,0.677,0.0092994,0.677,0.00982602,0.677,0.0097602,0.677,0.0233536,0.677,0.0221029
0.678,0.00172919,0.678,0.00114349,0.678,0.0398764,0.678,0.0309568,0.678,0.00893735,0.678,0.00959563,0.678,0.0100893,0.678,0.00979311,0.678,0.0104514,0.678,0.0232878,0.678,0.0226954
0.679,0.00176211,0.679,0.0011369,0.679,0.0397777,0.679,0.0314505,0.679,0.00916774,0.679,0.00959563,0.679,0.00989185,0.679,0.00979311,0.679,0.0107147,0.679,0.0233207,0.679,0.0231233
0.68,0.00176211,0.68,0.00115008,0.68,0.0401727,0.68,0.0319442,0.68,0.0092994,0.68,0.0095298,0.68,0.00893735,0.68,0.00989185,0.68,0.00989185,0.68,0.0233536,0.68,0.022827
0.681,0.00172919,0.681,0.00115008,0.681,0.0386257,0.681,0.0313517,0.681,0.0095298,0.681,0.00946397,0.681,0.0095298,0.681,0.00985894,0.681,0.0100235,0.681,0.0232878,0.681,0.0232878
0.682,0.00166337,0.682,0.00115667,0.682,0.0390865,0.682,0.031615,0.682,0.00920066,0.682,0.00933231,0.682,0.0095298,0.682,0.00982602,0.682,0.0105172,0.682,0.0232878,0.682,0.0233536
0.683,0.00169628,0.683,0.00114349,0.683,0.0395473,0.683,0.0307922,0.683,0.00893735,0.683,0.00939814,0.683,0.00946397,0.683,0.00982602,0.683,0.0097602,0.683,0.0232549,0.683,0.0229258
0.684,0.00179502,0.684,0.0011369,0.684,0.0400739,0.684,0.0307922,0.684,0.00956271,0.684,0.00946397,0.684,0.00903609,0.684,0.00989185,0.684,0.00956271,0.684,0.023222,0.684,0.0223004
0.685,0.00169628,0.685,0.00113032,0.685,0.0396789,0.685,0.0315492,0.685,0.00946397,0.685,0.00959563,0.685,0.00939814,0.685,0.00989185,0.685,0.00992477,0.685,0.023222,0.685,0.0229587
0.686,0.00169628,0.686,0.00114349,0.686,0.0391194,0.686,0.0313517,0.686,0.00923357,0.686,0.00959563,0.686,0.0100235,0.686,0.00995768,0.686,0.0100235,0.686,0.0232549,0.686,0.0234853
0.687,0.00176211,0.687,0.00113032,0.687,0.0385599,0.687,0.0317796,0.687,0.00920066,0.687,0.00962854,0.687,0.0101552,0.687,0.00992477,0.687,0.0104843,0.687,0.023222,0.687,0.0230903
0.688,0.00172919,0.688,0.0011369,0.688,0.0393169,0.688,0.0313517,0.688,0.00939814,0.688,0.00966145,0.688,0.00956271,0.688,0.0101222,0.688,0.0103526,0.688,0.0231891,0.688,0.0231891
0.689,0.00169628,0.689,0.0011369,0.689,0.0397777,0.689,0.0305618,0.689,0.00959563,0.689,0.00979311,0.689,0.00979311,0.689,0.00992477,0.689,0.0097602,0.689,0.0231891,0.689,0.0227941
0.69,0.00172919,0.69,0.00113032,0.69,0.0401727,0.69,0.0309238,0.69,0.00903609,0.69,0.00959563,0.69,0.00979311,0.69,0.00979311,0.69,0.00949688,0.69,0.0232549,0.69,0.0230903
0.691,0.00169628,0.691,0.00115008,0.691,0.0397119,0.691,0.0311542,0.691,0.00939814,0.691,0.00946397,0.691,0.00979311,0.691,0.00979311,0.691,0.0101552,0.691,0.0232549,0.691,0.0234195
0.692,0.00172919,0.692,0.00115008,0.692,0.0386257,0.692,0.0314834,0.692,0.00923357,0.692,0.00949688,0.692,0.00939814,0.692,0.00985894,0.692,0.00923357,0.692,0.0232878,0.692,0.0228929
0.693,0.00169628,0.693,0.00113032,0.693,0.0387244,0.693,0.0313188,0.693,0.00916774,0.693,0.00949688,0.693,0.00926649,0.693,0.00982602,0.693,0.00985894,0.693,0.0233207,0.693,0.0236828
0.694,0.00172919,0.694,0.00114349,0.694,0.0394486,0.694,0.0307593,0.694,0.00864112,0.694,0.00956271,0.694,0.0102539,0.694,0.00985894,0.694,0.0103197,0.694,0.023222,0.694,0.0233536
0.695,0.00169628,0.695,0.00115667,0.695,0.0398106,0.695,0.0311542,0.695,0.00920066,0.695,0.00969437,0.695,0.0101552,0.695,0.00985894,0.695,0.00985894,0.695,0.0232878,0.695,0.0231891
0.696,0.00172919,0.696,0.00114349,0.696,0.0400739,0.696,0.0317467,0.696,0.00903609,0.696,0.00962854,0.696,0.0092994,0.696,0.00989185,0.696,0.0095298,0.696,0.0233207,0.696,0.0221029
0.697,0.00179502,0.697,0.00115008,0.697,0.0401068,0.697,0.0316809,0.697,0.00959563,0.697,0.00962854,0.697,0.00949688,0.697,0.00989185,0.697,0.00999059,0.697,0.023222,0.697,0.0227283
0.698,0.00169628,0.698,0.00114349,0.698,0.038494,0.698,0.0314176,0.698,0.00910192,0.698,0.00946397,0.698,0.00943106,0.698,0.00985894,0.698,0.0102868,0.698,0.0232549,0.698,0.0234853
0.699,0.00172919,0.699,0.00114349,0.699,0.0391852,0.699,0.0311872,0.699,0.00916774,0.699,0.00936523,0.699,0.00943106,0.699,0.00982602,0.699,0.00992477,0.699,0.0232549,0.699,0.0233866
0.7,0.00172919,0.7,0.0011369,0.7,0.0396131,0.7,0.0308909,0.7,0.00956271,0.7,0.00939814,0.7,0.00916774,0.7,0.00989185,0.7,0.00992477,0.7,0.023222,0.7,0.023584
0.701,0.00172919,0.701,0.00114349,0.701,0.0395802,0.701,0.030858,0.701,0.00870695,0.701,0.00949688,0.701,0.0095298,0.701,0.00992477,0.701,0.0102539,0.701,0.0232549,0.701,0.0222675
0.702,0.00172919,0.702,0.00115008,0.702,0.0398764,0.702,0.0312201,0.702,0.00913483,0.702,0.00956271,0.702,0.00992477,0.702,0.00995768,0.702,0.0104843,0.702,0.023222,0.702,0.0227283
0.703,0.00169628,0.703,0.00115008,0.703,0.0391523,0.703,0.0314834,0.703,0.00913483,0.703,0.00949688,0.703,0.00913483,0.703,0.00995768,0.703,0.00910192,0.703,0.023222,0.703,0.0233536
0.704,0.00172919,0.704,0.00115008,0.704,0.0388232,0.704,0.0305289,0.704,0.00962854,0.704,0.00959563,0.704,0.00949688,0.704,0.00995768,0.704,0.00989185,0.704,0.0231891,0.704,0.0234853
0.705,0.00169628,0.705,0.0011369,0.705,0.0391852,0.705,0.0307593,0.705,0.00893735,0.705,0.00969437,0.705,0.00982602,0.705,0.00989185,0.705,0.0095298,0.705,0.0232549,0.705,0.0234524
0.706,0.00172919,0.706,0.0011369,0.706,0.0397777,0.706,0.0310884,0.706,0.00890443,0.706,0.00962854,0.706,0.00956271,0.706,0.00979311,0.706,0.00989185,0.706,0.0232549,0.706,0.0230903
0.707,0.00172919,0.707,0.0011369,0.707,0.0399423,0.707,0.0314834,0.707,0.00966145,0.707,0.00956271,0.707,0.00916774,0.707,0.00979311,0.707,0.00893735,0.707,0.0232549,0.707,0.0227283
0.708,0.00169628,0.708,0.0011369,0.708,0.0401068,0.708,0.0318454,0.708,0.00972728,0.708,0.00949688,0.708,0.00949688,0.708,0.00979311,0.708,0.0100564,0.708,0.0232878,0.708,0.0231233
0.709,0.00169628,0.709,0.00113032,0.709,0.0383953,0.709,0.031648,0.709,0.00864112,0.709,0.0095298,0.709,0.0100235,0.709,0.00982602,0.709,0.0101222,0.709,0.0233207,0.709,0.0234195
0.71,0.00166337,0.71,0.00115008,0.71,0.0385599,0.71,0.0301339,0.71,0.00946397,0.71,0.00959563,0.71,0.00989185,0.71,0.00985894,0.71,0.0101552,0.71,0.0231891,0.71,0.0231891
0.711,0.00172919,0.711,0.0011369,0.711,0.0399752,0.711,0.030858,0.711,0.00913483,0.711,0.00959563,0.711,0.00903609,0.711,0.00985894,0.711,0.00966145,0.711,0.0232878,0.711,0.0237486
0.712,0.00172919,0.712,0.00116326,0.712,0.0396789,0.712,0.0310884,0.712,0.00933231,0.712,0.00959563,0.712,0.0095298,0.712,0.00992477,0.712,0.0100893,0.712,0.023222,0.712,0.0228929
0.713,0.00172919,0.713,0.0011369,0.713,0.0397448,0.713,0.03201,0.713,0.00897026,0.713,0.00959563,0.713,0.0100893,0.713,0.010221,0.713,0.0101552,0.713,0.023222,0.713,0.0233207
0.714,0.00172919,0.714,0.00114349,0.714,0.0400739,0.714,0.0311872,0.714,0.00959563,0.714,0.0095298,0.714,0.00979311,0.714,0.0100893,0.714,0.0101552,0.714,0.023222,0.714,0.0228929
0.715,0.00169628,0.715,0.00114349,0.715,0.0383624,0.715,0.031253,0.715,0.00949688,0.715,0.00956271,0.715,0.00900318,0.715,0.00995768,0.715,0.0103856,0.715,0.0231891,0.715,0.0235182
0.716,0.00176211,0.716,0.00114349,0.716,0.0389219,0.716,0.030496,0.716,0.0092994,0.716,0.00943106,0.716,0.00959563,0.716,0.00982602,0.716,0.00999059,0.716,0.0231233,0.716,0.0235182
0.717,0.00172919,0.717,0.00113032,0.717,0.0393498,0.717,0.0309568,0.717,0.00827907,0.717,0.0095298,0.717,0.00979311,0.717,0.00989185,0.717,0.0100893,0.717,0.0231562,0.717,0.0233866
0.718,0.00172919,0.718,0.00115008,0.718,0.039284,0.718,0.031615,0.718,0.00897026,0.718,0.00969437,0.718,0.00946397,0.718,0.00992477,0.718,0.00999059,0.718,0.023222,0.718,0.0223662
0.719,0.00172919,0.719,0.00115667,0.719,0.0399423,0.719,0.0313846,0.719,0.00946397,0.719,0.00966145,0.719,0.00926649,0.719,0.00992477,0.719,0.00999059,0.719,0.0231891,0.719,0.0234195
0.72,0.00176211,0.72,0.00116985,0.72,0.0395144,0.72,0.031615,0.72,0.00946397,0.72,0.00972728,0.72,0.0101552,0.72,0.00999059,0.72,0.0101222,0.72,0.0231891,0.72,0.023222
0.721,0.00172919,0.721,0.0011369,0.721,0.0392511,0.721,0.0300681,0.721,0.0095298,0.721,0.00969437,0.721,0.0101552,0.721,0.00995768,0.721,0.00936523,0.721,0.0231562,0.721,0.0241107
0.722,0.00172919,0.722,0.00112373,0.722,0.039284,0.722,0.0313846,0.722,0.00850947,0.722,0.00966145,0.722,0.0101881,0.722,0.00989185,0.722,0.0092994,0.722,0.0231562,0.722,0.0238474
0.723,0.00169628,0.723,0.00113032,0.723,0.0394486,0.723,0.0310884,0.723,0.00913483,0.723,0.0097602,0.723,0.00936523,0.723,0.00972728,0.723,0.00992477,0.723,0.0231891,0.723,0.022827
0.724,0.00169628,0.724,0.00110396,0.724,0.0402714,0.724,0.0314505,0.724,0.00910192,0.724,0.00959563,0.724,0.00982602,0.724,0.0097602,0.724,0.0101881,0.724,0.0232878,0.724,0.0228599
0.725,0.00172919,0.725,0.0010776,0.725,0.0396789,0.725,0.0313846,0.725,0.00916774,0.725,0.00962854,0.725,0.0100564,0.725,0.00982602,0.725,0.010616,0.725,0.023222,0.725,0.0225308
0.726,0.00169628,0.726,0.00104466,0.726,0.0385599,0.726,0.0305289,0.726,0.0095298,0.726,0.00969437,0.726,0.0100235,0.726,0.00985894,0.726,0.010616,0.726,0.0232549,0.726,0.0229587
0.727,0.00169628,0.727,0.00104466,0.727,0.038527,0.727,0.0306276,0.727,0.00956271,0.727,0.00972728,0.727,0.00949688,0.727,0.00989185,0.727,0.0103856,0.727,0.0231891,0.727,0.0229587
0.728,0.00172919,0.728,0.000991947,0.728,0.0395473,0.728,0.031253,0.728,0.00844364,0.728,0.00979311,0.728,0.00966145,0.728,0.00985894,0.728,0.00913483,0.728,0.0231891,0.728,0.0217409
0.729,0.00176211,0.729,0.000860166,0.729,0.0394815,0.729,0.0315163,0.729,0.009069,0.729,0.0095298,0.729,0.00972728,0.729,0.00982602,0.729,0.0103856,0.729,0.0232549,0.729,0.0219383
0.73,0.00169628,0.73,0.000893111,0.73,0.0402056,0.73,0.0313517,0.73,0.00939814,0.73,0.00946397,0.73,0.00962854,0.73,0.00995768,0.73,0.00992477,0.73,0.0231891,0.73,0.0231562
0.731,0.00172919,0.731,0.000794276,0.731,0.0396789,0.731,0.0313846,0.731,0.0092994,0.731,0.00946397,0.731,0.00979311,0.731,0.00989185,0.731,0.0104843,0.731,0.0231562,0.731,0.022465
0.732,0.00172919,0.732,0.000774509,0.732,0.0382966,0.732,0.030101,0.732,0.00946397,0.732,0.00933231,0.732,0.00864112,0.732,0.00979311,0.732,0.00995768,0.732,0.0231233,0.732,0.0225308
0.733,0.00176211,0.733,0.000761331,0.733,0.0390536,0.733,0.030858,0.733,0.00900318,0.733,0.00933231,0.733,0.00923357,0.733,0.00989185,0.733,0.0100235,0.733,0.0231233,0.733,0.020918
0.734,0.00172919,0.734,0.000715208,0.734,0.0395473,0.734,0.0311213,0.734,0.00893735,0.734,0.00946397,0.734,0.00995768,0.734,0.00992477,0.734,0.00920066,0.734,0.0230574,0.734,0.0208522
0.735,0.00172919,0.735,0.000708619,0.735,0.0395473,0.735,0.030858,0.735,0.00883861,0.735,0.0095298,0.735,0.00969437,0.735,0.00999059,0.735,0.0101222,0.735,0.0230574,0.735,0.0211155
0.736,0.00176211,0.736,0.00057025,0.736,0.0397448,0.736,0.0317467,0.736,0.00943106,0.736,0.00949688,0.736,0.00982602,0.736,0.010221,0.736,0.0110109,0.736,0.0230574,0.736,0.0209838
0.737,0.00176211,0.737,0.000530716,0.737,0.0391194,0.737,0.0309238,0.737,0.00933231,0.737,0.00962854,0.737,0.0097602,0.737,0.0103197,0.737,0.0103197,0.737,0.0230245,0.737,0.0208851
0.738,0.00169628,0.738,0.000497771,0.738,0.0389878,0.738,0.0307593,0.738,0.00956271,0.738,0.00959563,0.738,0.00920066,0.738,0.0100564,0.738,0.0100235,0.738,0.0230245,0.738,0.0200293
0.739,0.00163045,0.739,0.000431881,0.739,0.0393498,0.739,0.0311872,0.739,0.009069,0.739,0.00966145,0.739,0.00999059,0.739,0.00992477,0.739,0.00936523,0.739,0.0229587,0.739,0.0192723
0.74,0.00172919,0.74,0.000491182,0.74,0.0398106,0.74,0.0311213,0.74,0.009069,0.74,0.0095298,0.74,0.0100564,0.74,0.00995768,0.74,0.0105172,0.74,0.0229587,0.74,0.0189103
0.741,0.00172919,0.741,0.000471415,0.741,0.039646,0.741,0.0317138,0.741,0.00959563,0.741,0.00946397,0.741,0.0100564,0.741,0.00995768,0.741,0.00979311,0.741,0.0230245,0.741,0.0207205
0.742,0.00176211,0.742,0.000418703,0.742,0.0403372,0.742,0.0303314,0.742,0.00933231,0.742,0.0095298,0.742,0.00982602,0.742,0.0100564,0.742,0.0104185,0.742,0.0229258,0.742,0.018614
0.743,0.00172919,0.743,0.000385758,0.743,0.0381978,0.743,0.0309568,0.743,0.00870695,0.743,0.0095298,0.743,0.00972728,0.743,0.00992477,0.743,0.0103856,0.743,0.0228599,0.743,0.0179229
0.744,0.00172919,0.744,0.000365991,0.744,0.0389219,0.744,0.0309238,0.744,0.00913483,0.744,0.00956271,0.744,0.00939814,0.744,0.00995768,0.744,0.00999059,0.744,0.0227612,0.744,0.017495
0.745,0.00172919,0.745,0.000346224,0.745,0.0395802,0.745,0.0310884,0.745,0.00946397,0.745,0.00959563,0.745,0.00946397,0.745,0.00995768,0.745,0.00959563,0.745,0.0227612,0.745,0.0174621
0.746,0.00172919,0.746,0.000326457,0.746,0.0402056,0.746,0.0309568,0.746,0.00949688,0.746,0.00956271,0.746,0.00946397,0.746,0.00989185,0.746,0.00992477,0.746,0.0227283,0.746,0.017857
0.747,0.00176211,0.747,0.000313279,0.747,0.0401068,0.747,0.0301997,0.747,0.00949688,0.747,0.0095298,0.747,0.00923357,0.747,0.00992477,0.747,0.0101881,0.747,0.0226625,0.747,0.0169025
0.748,0.00176211,0.748,0.00030669,0.748,0.0384282,0.748,0.0311872,0.748,0.00883861,0.748,0.0095298,0.748,0.00989185,0.748,0.00992477,0.748,0.0102868,0.748,0.0226295,0.748,0.0170342
0.749,0.00172919,0.749,0.000253978,0.749,0.0393827,0.749,0.0312859,0.749,0.00890443,0.749,0.00943106,0.749,0.0097602,0.749,0.00989185,0.749,0.0103856,0.749,0.0224321,0.749,0.0171987
0.75,0.00172919,0.75,0.000267156,0.75,0.0397448,0.75,0.0313846,0.75,0.009069,0.75,0.0095298,0.75,0.00900318,0.75,0.00992477,0.75,0.0102868,0.75,0.022465,0.75,0.0167379
0.751,0.00169628,0.751,0.0002408,0.751,0.040041,0.751,0.0311213,0.751,0.00910192,0.751,0.00956271,0.751,0.00933231,0.751,0.00995768,0.751,0.00969437,0.751,0.0223991,0.751,0.0161784
0.752,0.00176211,0.752,0.000227622,0.752,0.0393498,0.752,0.0302985,0.752,0.00936523,0.752,0.00959563,0.752,0.0101552,0.752,0.00999059,0.752,0.00979311,0.752,0.0223662,0.752,0.0162772
0.753,0.00176211,0.753,0.00017491,0.753,0.0378358,0.753,0.0305618,0.753,0.00923357,0.753,0.00969437,0.753,0.0105172,0.753,0.0100235,0.753,0.0100893,0.753,0.0223004,0.753,0.0157834
0.754,0.00172919,0.754,0.000161732,0.754,0.0388561,0.754,0.0307922,0.754,0.00867404,0.754,0.0095298,0.754,0.0097602,0.754,0.00999059,0.754,0.0100235,0.754,0.0221687,0.754,0.0154214
0.755,0.00172919,0.755,0.000148554,0.755,0.0395473,0.755,0.0313517,0.755,0.00903609,0.755,0.00962854,0.755,0.00887152,0.755,0.00999059,0.755,0.0103197,0.755,0.0221358,0.755,0.0151252
0.756,0.00172919,0.756,0.000115609,0.756,0.0398435,0.756,0.0314505,0.756,0.0092994,0.756,0.00962854,0.756,0.00956271,0.756,0.00989185,0.756,0.00962854,0.756,0.02207,0.756,0.0148289
0.757,0.00172919,0.757,0.000128787,0.757,0.0395144,0.757,0.0307593,0.757,0.0092994,0.757,0.00956271,0.757,0.00995768,0.757,0.0097602,0.757,0.00897026,0.757,0.02207,0.757,0.0152239
0.758,0.00169628,0.758,0.00010902,0.758,0.0384282,0.758,0.0308909,0.758,0.00949688,0.758,0.00959563,0.758,0.00972728,0.758,0.00985894,0.758,0.00979311,0.758,0.0220371,0.758,0.0152568
0.759,0.00169628,0.759,9.58E-05,0.759,0.0385928,0.759,0.0313846,0.759,0.00926649,0.759,0.00969437,0.759,0.00999059,0.759,0.00992477,0.759,0.00999059,0.759,0.0218725,0.759,0.0142365
0.76,0.00176211,0.76,8.93E-05,0.76,0.0390536,0.76,0.0311872,0.76,0.00880569,0.76,0.0097602,0.76,0.00962854,0.76,0.00989185,0.76,0.0100235,0.76,0.0218067,0.76,0.0142365
0.761,0.00172919,0.761,0.000102431,0.761,0.039646,0.761,0.0302327,0.761,0.00913483,0.761,0.00972728,0.761,0.00926649,0.761,0.00992477,0.761,0.010221,0.761,0.0217738,0.761,0.0144011
0.762,0.00176211,0.762,6.95E-05,0.762,0.0398435,0.762,0.0302327,0.762,0.00939814,0.762,0.00959563,0.762,0.00962854,0.762,0.0103526,0.762,0.010616,0.762,0.021708,0.762,0.0144998
0.763,0.00176211,0.763,6.29E-05,0.763,0.0399093,0.763,0.0310226,0.763,0.0097602,0.763,0.00959563,0.763,0.00949688,0.763,0.0101222,0.763,0.00959563,0.763,0.0215763,0.763,0.0126237
0.764,0.00169628,0.764,4.97E-05,0.764,0.0380662,0.764,0.0311872,0.764,0.00943106,0.764,0.00949688,0.764,0.00966145,0.764,0.0100235,0.764,0.00926649,0.764,0.0215434,0.764,0.0129858
0.765,0.00172919,0.765,3.00E-05,0.765,0.0396131,0.765,0.0315163,0.765,0.00936523,0.765,0.00959563,0.765,0.00999059,0.765,0.00989185,0.765,0.0100235,0.765,0.0213459,0.765,0.0141707
0.766,0.00172919,0.766,2.34E-05,0.766,0.039646,0.766,0.0301339,0.766,0.009069,0.766,0.0095298,0.766,0.00887152,0.766,0.00982602,0.766,0.0104843,0.766,0.0212801,0.766,0.0142694
0.767,0.00169628,0.767,3.00E-05,0.767,0.039646,0.767,0.0308909,0.767,0.00936523,0.767,0.00943106,0.767,0.009069,0.767,0.00995768,0.767,0.010616,0.767,0.0212472,0.767,0.0123604
0.768,0.00172919,0.768,-2.99E-06,0.768,0.038527,0.768,0.0311213,0.768,0.00943106,0.768,0.00959563,0.768,0.0095298,0.768,0.0100235,0.768,0.0105501,0.768,0.0211484,0.768,0.0127554
0.769,0.00179502,0.769,-2.99E-06,0.769,0.0380003,0.769,0.0310226,0.769,0.00946397,0.769,0.0095298,0.769,0.0095298,0.769,0.0100564,0.769,0.00979311,0.769,0.0210826,0.769,0.0134795
0.77,0.00172919,0.77,1.02E-05,0.77,0.0396131,0.77,0.030496,0.77,0.00956271,0.77,0.00962854,0.77,0.0103856,0.77,0.0100564,0.77,0.00982602,0.77,0.0210168,0.77,0.0126895
0.771,0.00169628,0.771,3.60E-06,0.771,0.0397119,0.771,0.0307264,0.771,0.00873986,0.771,0.00959563,0.771,0.0101222,0.771,0.0100235,0.771,0.00959563,0.771,0.020918,0.771,0.0114059
0.772,0.00176211,0.772,-2.99E-06,0.772,0.0401068,0.772,0.0311213,0.772,0.00969437,0.772,0.00969437,0.772,0.00979311,0.772,0.00989185,0.772,0.0104514,0.772,0.0208193,0.772,0.0128541
0.773,0.00169628,0.773,-2.93E-05,0.773,0.0394156,0.773,0.0311213,0.773,0.0095298,0.773,0.00962854,0.773,0.0092994,0.773,0.00985894,0.773,0.00933231,0.773,0.0208193,0.773,0.0133149
0.774,0.00176211,0.774,-1.62E-05,0.774,0.0391194,0.774,0.0309568,0.774,0.00956271,0.774,0.0095298,0.774,0.00959563,0.774,0.00989185,0.774,0.0102539,0.774,0.0208193,0.774,0.0129528
0.775,0.00169628,0.775,-5.57E-05,0.775,0.0397119,0.775,0.0300352,0.775,0.00946397,0.775,0.0095298,0.775,0.00946397,0.775,0.00992477,0.775,0.0103197,0.775,0.0207205,0.775,0.0119654
0.776,0.00172919,0.776,-4.25E-05,0.776,0.0399752,0.776,0.0302327,0.776,0.00814741,0.776,0.00966145,0.776,0.00985894,0.776,0.00992477,0.776,0.00926649,0.776,0.0205889,0.776,0.0119983
0.777,0.00176211,0.777,-4.25E-05,0.777,0.0392511,0.777,0.0310555,0.777,0.00870695,0.777,0.00966145,0.777,0.0100235,0.777,0.00992477,0.777,0.0101881,0.777,0.0204901,0.777,0.0120971
0.778,0.00169628,0.778,-6.23E-05,0.778,0.0385599,0.778,0.031253,0.778,0.00913483,0.778,0.00969437,0.778,0.0100235,0.778,0.00992477,0.778,0.0103526,0.778,0.0204243,0.778,0.01213
0.779,0.00176211,0.779,-7.55E-05,0.779,0.038889,0.779,0.0314176,0.779,0.00966145,0.779,0.00966145,0.779,0.00949688,0.779,0.00995768,0.779,0.0103526,0.779,0.0203914,0.779,0.0119983
0.78,0.00172919,0.78,-8.21E-05,0.78,0.0401397,0.78,0.0306276,0.78,0.00920066,0.78,0.00956271,0.78,0.00943106,0.78,0.00995768,0.78,0.010616,0.78,0.0201939,0.78,0.01213
0.781,0.00172919,0.781,-8.21E-05,0.781,0.0397119,0.781,0.0307922,0.781,0.00992477,0.781,0.00966145,0.781,0.00962854,0.781,0.00995768,0.781,0.0100235,0.781,0.020161,0.781,0.0119983
0.782,0.00169628,0.782,-0.000108417,0.782,0.040041,0.782,0.0312201,0.782,0.00864112,0.782,0.00949688,0.782,0.0097602,0.782,0.00992477,0.782,0.00900318,0.782,0.0199964,0.782,0.0115705
0.783,0.00176211,0.783,-9.52E-05,0.783,0.0387903,0.783,0.0303314,0.783,0.00883861,0.783,0.00949688,0.783,0.00972728,0.783,0.00992477,0.783,0.00949688,0.783,0.0198977,0.783,0.0108134
0.784,0.00172919,0.784,-0.000121595,0.784,0.0385599,0.784,0.0304301,0.784,0.00920066,0.784,0.00969437,0.784,0.00995768,0.784,0.00995768,0.784,0.010221,0.784,0.0198319,0.784,0.0118667
0.785,0.00169628,0.785,-0.00015454,0.785,0.0392511,0.785,0.0305289,0.785,0.00939814,0.785,0.00969437,0.785,0.00913483,0.785,0.0100564,0.785,0.010221,0.785,0.019766,0.785,0.0121629
0.786,0.00176211,0.786,-0.000134773,0.786,0.0403372,0.786,0.0312201,0.786,0.00962854,0.786,0.00972728,0.786,0.00939814,0.786,0.0100893,0.786,0.0105172,0.786,0.0197002,0.786,0.0118338
0.787,0.00172919,0.787,-0.00015454,0.787,0.0402714,0.787,0.0300352,0.787,0.00946397,0.787,0.00962854,0.787,0.00962854,0.787,0.0100893,0.787,0.0100235,0.787,0.0196015,0.787,0.0116034
0.788,0.00169628,0.788,-0.00015454,0.788,0.0388561,0.788,0.0305289,0.788,0.00873986,0.788,0.00969437,0.788,0.00999059,0.788,0.0100235,0.788,0.00959563,0.788,0.0195356,0.788,0.0115375
0.789,0.00166337,0.789,-0.000167718,0.789,0.0395802,0.789,0.0308909,0.789,0.00903609,0.789,0.00969437,0.789,0.0104843,0.789,0.00992477,0.789,0.00920066,0.789,0.0194698,0.789,0.0116692
0.79,0.00172919,0.79,-0.000180896,0.79,0.0401068,0.79,0.0312859,0.79,0.009069,0.79,0.00966145,0.79,0.0100564,0.79,0.00982602,0.79,0.0102539,0.79,0.0194369,0.79,0.0106489
0.791,0.00172919,0.791,-0.000194074,0.791,0.040041,0.791,0.0301668,0.791,0.00897026,0.791,0.00956271,0.791,0.00900318,0.791,0.00985894,0.791,0.00962854,0.791,0.0193711,0.791,0.0103526
0.792,0.00172919,0.792,-0.000194074,0.792,0.0390207,0.792,0.0302327,0.792,0.00916774,0.792,0.0097602,0.792,0.00926649,0.792,0.00992477,0.792,0.0104843,0.792,0.0192394,0.792,0.0110109
0.793,0.00169628,0.793,-0.000207252,0.793,0.0393827,0.793,0.0309568,0.793,0.00870695,0.793,0.00969437,0.793,0.00966145,0.793,0.00995768,0.793,0.0104185,0.793,0.0192065,0.793,0.0109451
0.794,0.00172919,0.794,-0.000200663,0.794,0.0396131,0.794,0.0306935,0.794,0.00893735,0.794,0.00972728,0.794,0.00969437,0.794,0.00999059,0.794,0.0100893,0.794,0.0191078,0.794,0.00939814
0.795,0.00176211,0.795,-0.000200663,0.795,0.0385928,0.795,0.0305289,0.795,0.00887152,0.795,0.0097602,0.795,0.00982602,0.795,0.00992477,0.795,0.00949688,0.795,0.0190748,0.795,0.0106818
0.796,0.00176211,0.796,-0.000213841,0.796,0.0398435,0.796,0.0306276,0.796,0.00943106,0.796,0.00972728,0.796,0.0103197,0.796,0.00999059,0.796,0.00982602,0.796,0.0189103,0.796,0.0108793
0.797,0.00172919,0.797,-0.000213841,0.797,0.0403043,0.797,0.0307922,0.797,0.00939814,0.797,0.00962854,0.797,0.00989185,0.797,0.00999059,0.797,0.00979311,0.797,0.0188115,0.797,0.0107147
0.798,0.00169628,0.798,-0.00022043,0.798,0.0402056,0.798,0.0299364,0.798,0.00890443,0.798,0.00962854,0.798,0.00916774,0.798,0.0100235,0.798,0.0100235,0.798,0.0187128,0.798,0.00939814
0.799,0.00172919,0.799,-0.000200663,0.799,0.0389878,0.799,0.0307264,0.799,0.00883861,0.799,0.00939814,0.799,0.00962854,0.799,0.00992477,0.799,0.0105501,0.799,0.018614,0.799,0.0107476
0.8,0.00169628,0.8,-0.000240197,0.8,0.0396131,0.8,0.0311542,0.8,0.00949688,0.8,0.00946397,0.8,0.00966145,0.8,0.00999059,0.8,0.0106489,0.8,0.0185811,0.8,0.0107805
0.801,0.00169628,0.801,-0.000246786,0.801,0.0393827,0.801,0.0314505,0.801,0.00926649,0.801,0.00956271,0.801,0.00985894,0.801,0.0100235,0.801,0.00966145,0.801,0.0184824,0.801,0.0108464
0.802,0.00169628,0.802,-0.000227019,0.802,0.0397777,0.802,0.0302985,0.802,0.00916774,0.802,0.00962854,0.802,0.00999059,0.802,0.0100564,0.802,0.010221,0.802,0.0183836,0.802,0.00936523
0.803,0.00176211,0.803,-0.000233608,0.803,0.0388561,0.803,0.0314176,0.803,0.00939814,0.803,0.00969437,0.803,0.0095298,0.803,0.0101222,0.803,0.00999059,0.803,0.0182849,0.803,0.0104185
0.804,0.00169628,0.804,-0.000253375,0.804,0.0398106,0.804,0.0311542,0.804,0.00910192,0.804,0.00972728,0.804,0.00893735,0.804,0.00999059,0.804,0.010221,0.804,0.0182191,0.804,0.0107476
0.805,0.00169628,0.805,-0.000253375,0.805,0.0399093,0.805,0.0301668,0.805,0.00913483,0.805,0.00969437,0.805,0.00959563,0.805,0.00999059,0.805,0.0105501,0.805,0.0181532,0.805,0.0106489
0.806,0.00172919,0.806,-0.000273142,0.806,0.0392511,0.806,0.0303643,0.806,0.00903609,0.806,0.00966145,0.806,0.00995768,0.806,0.00989185,0.806,0.0101552,0.806,0.0181203,0.806,0.0109122
0.807,0.00176211,0.807,-0.000292909,0.807,0.0393498,0.807,0.0309897,0.807,0.00900318,0.807,0.00959563,0.807,0.00939814,0.807,0.00985894,0.807,0.00910192,0.807,0.0180216,0.807,0.00943106
0.808,0.00176211,0.808,-0.000279731,0.808,0.0397119,0.808,0.0314834,0.808,0.009069,0.808,0.00949688,0.808,0.0101552,0.808,0.00992477,0.808,0.00982602,0.808,0.0180216,0.808,0.00989185
0.809,0.00169628,0.809,-0.000273142,0.809,0.0394156,0.809,0.0302656,0.809,0.0095298,0.809,0.00962854,0.809,0.00995768,0.809,0.00992477,0.809,0.00969437,0.809,0.017857,0.809,0.00982602
0.81,0.00169628,0.81,-0.000273142,0.81,0.0379016,0.81,0.0307922,0.81,0.00860821,0.81,0.00969437,0.81,0.00910192,0.81,0.00992477,0.81,0.0101881,0.81,0.0177912,0.81,0.0103526
0.811,0.00176211,0.811,-0.00028632,0.811,0.0393498,0.811,0.0296731,0.811,0.00926649,0.811,0.00972728,0.811,0.0095298,0.811,0.00995768,0.811,0.0103856,0.811,0.0177254,0.811,0.0103526
0.812,0.00172919,0.812,-0.000279731,0.812,0.0397777,0.812,0.0325695,0.812,0.00887152,0.812,0.0097602,0.812,0.00979311,0.812,0.00995768,0.812,0.0104843,0.812,0.0176595,0.812,0.0103856
0.813,0.00169628,0.813,-0.000319265,0.813,0.0401727,0.813,0.0299693,0.813,0.00985894,0.813,0.00959563,0.813,0.00985894,0.813,0.0100564,0.813,0.0106818,0.813,0.0175937,0.813,0.00989185
0.814,0.00176211,0.814,-0.000332443,0.814,0.0388561,0.814,0.0306276,0.814,0.00949688,0.814,0.00956271,0.814,0.00979311,0.814,0.0100235,0.814,0.0095298,0.814,0.0174621,0.814,0.00877278
0.815,0.00172919,0.815,-0.000312676,0.815,0.0399752,0.815,0.0310884,0.815,0.00887152,0.815,0.00956271,0.815,0.00992477,0.815,0.00995768,0.815,0.0095298,0.815,0.0174291,0.815,0.00999059
0.816,0.00172919,0.816,-0.000312676,0.816,0.040041,0.816,0.0283566,0.816,0.00916774,0.816,0.00943106,0.816,0.00867404,0.816,0.00989185,0.816,0.0101881,0.816,0.0172975,0.816,0.00989185
0.817,0.00172919,0.817,-0.000339032,0.817,0.0386257,0.817,0.0337215,0.817,0.00864112,0.817,0.00962854,0.817,0.00926649,0.817,0.00995768,0.817,0.0105172,0.817,0.0172646,0.817,0.00995768
0.818,0.00172919,0.818,-0.000358799,0.818,0.0389878,0.818,0.0291465,0.818,0.0092994,0.818,0.00956271,0.818,0.00969437,0.818,0.0100235,0.818,0.0102868,0.818,0.0171329,0.818,0.0101222
0.819,0.00176211,0.819,-0.000371977,0.819,0.0395144,0.819,0.0319771,0.819,0.00939814,0.819,0.00959563,0.819,0.0097602,0.819,0.00999059,0.819,0.0103856,0.819,0.0170671,0.819,0.00943106
0.82,0.00172919,0.82,-0.000358799,0.82,0.0397448,0.82,0.0298377,0.82,0.00939814,0.82,0.00956271,0.82,0.0100564,0.82,0.0100564,0.82,0.0092994,0.82,0.0170671,0.82,0.00995768
0.821,0.00172919,0.821,-0.000378566,0.821,0.0383624,0.821,0.0297719,0.821,0.00893735,0.821,0.00972728,0.821,0.00969437,0.821,0.00999059,0.821,0.00890443,0.821,0.0169683,0.821,0.0103197
0.822,0.00172919,0.822,-0.000385155,0.822,0.0395473,0.822,0.0332936,0.822,0.00920066,0.822,0.00969437,0.822,0.00982602,0.822,0.00992477,0.822,0.0100235,0.822,0.0169025,0.822,0.0103197
0.823,0.00169628,0.823,-0.000404922,0.823,0.0397777,0.823,0.0288503,0.823,0.0092994,0.823,0.00962854,0.823,0.00962854,0.823,0.00985894,0.823,0.00992477,0.823,0.0168367,0.823,0.0101881
0.824,0.00172919,0.824,-0.000398333,0.824,0.0401397,0.824,0.0312201,0.824,0.00939814,0.824,0.00949688,0.824,0.00949688,0.824,0.00985894,0.824,0.0104514,0.824,0.0167709,0.824,0.00883861
0.825,0.00176211,0.825,-0.000404922,0.825,0.0391523,0.825,0.0314834,0.825,0.00962854,0.825,0.00959563,0.825,0.0101881,0.825,0.00995768,0.825,0.0105501,0.825,0.0167379,0.825,0.00920066
0.826,0.00176211,0.826,-0.000398333,0.826,0.0394486,0.826,0.0303314,0.826,0.0092994,0.826,0.00972728,0.826,0.00995768,0.826,0.0100235,0.826,0.0100235,0.826,0.0166721,0.826,0.00992477
0.827,0.00172919,0.827,-0.000404922,0.827,0.0402056,0.827,0.0287186,0.827,0.00933231,0.827,0.00972728,0.827,0.0100235,0.827,0.0100564,0.827,0.00969437,0.827,0.0166063,0.827,0.0101222
0.828,0.00172919,0.828,-0.000371977,0.828,0.0390865,0.828,0.0302656,0.828,0.0092994,0.828,0.00979311,0.828,0.00989185,0.828,0.0101552,0.828,0.00999059,0.828,0.0165734,0.828,0.0103526
0.829,0.00172919,0.829,-0.00042469,0.829,0.0391523,0.829,0.0307264,0.829,0.0092994,0.829,0.00972728,0.829,0.00903609,0.829,0.010221,0.829,0.0106489,0.829,0.0164746,0.829,0.00982602
0.83,0.00172919,0.83,-0.000404922,0.83,0.0401397,0.83,0.0304301,0.83,0.00949688,0.83,0.00969437,0.83,0.00992477,0.83,0.010221,0.83,0.0100564,0.83,0.0163759,0.83,0.00949688
0.831,0.00169628,0.831,-0.000470813,0.831,0.0401068,0.831,0.0290478,0.831,0.009069,0.831,0.00962854,0.831,0.00999059,0.831,0.010221,0.831,0.0101552,0.831,0.0162772,0.831,0.00972728
0.832,0.00166337,0.832,-0.000431279,0.832,0.0387903,0.832,0.0304631,0.832,0.00913483,0.832,0.0095298,0.832,0.00972728,0.832,0.0101881,0.832,0.0108793,0.832,0.0161784,0.832,0.0104514
0.833,0.00172919,0.833,-0.000516936,0.833,0.0391523,0.833,0.0303314,0.833,0.00926649,0.833,0.00949688,0.833,0.0104843,0.833,0.0102539,0.833,0.00936523,0.833,0.0160797,0.833,0.0103197
0.834,0.00172919,0.834,-0.00035221,0.834,0.0397448,0.834,0.0295415,0.834,0.00893735,0.834,0.00966145,0.834,0.0104185,0.834,0.0103856,0.834,0.0101881,0.834,0.0160468,0.834,0.0092994
0.835,0.00172919,0.835,-0.000483991,0.835,0.0401727,0.835,0.0287515,0.835,0.00920066,0.835,0.00966145,0.835,0.00883861,0.835,0.0105501,0.835,0.0110438,0.835,0.0159809,0.835,0.00920066
0.836,0.00172919,0.836,-0.000345621,0.836,0.0389878,0.836,0.0294098,0.836,0.00933231,0.836,0.00969437,0.836,0.00936523,0.836,0.0106489,0.836,0.0111097,0.836,0.0158822,0.836,0.00969437
0.837,0.00176211,0.837,-0.000418101,0.837,0.0389548,0.837,0.0296402,0.837,0.00949688,0.837,0.00969437,0.837,0.0100893,0.837,0.0107805,0.837,0.0113401,0.837,0.0158822,0.837,0.00995768
0.838,0.00176211,0.838,-0.000483991,0.838,0.0397119,0.838,0.0280274,0.838,0.00897026,0.838,0.00969437,0.838,0.0100235,0.838,0.0109122,0.838,0.0116363,0.838,0.0158493,0.838,0.00897026
0.839,0.00169628,0.839,-0.000543292,0.839,0.0393169,0.839,0.0279616,0.839,0.00923357,0.839,0.00985894,0.839,0.010221,0.839,0.0110109,0.839,0.0105172,0.839,0.0157505,0.839,0.00969437
0.84,0.00169628,0.84,-0.000642127,0.84,0.0388561,0.84,0.0279287,0.84,0.00943106,0.84,0.00972728,0.84,0.0101222,0.84,0.0112742,0.84,0.0109451,0.84,0.0157176,0.84,0.00972728
0.841,0.00176211,0.841,-0.000602593,0.841,0.0399752,0.841,0.0250323,0.841,0.00916774,0.841,0.0095298,0.841,0.00903609,0.841,0.0115705,0.841,0.0119325,0.841,0.0156847,0.841,0.00949688
0.842,0.00169628,0.842,-0.000609182,0.842,0.0395144,0.842,0.0253943,0.842,0.00959563,0.842,0.00956271,0.842,0.0097602,0.842,0.0118667,0.842,0.0127554,0.842,0.0156847,0.842,0.00873986
0.843,0.00169628,0.843,-0.000576237,0.843,0.0380003,0.843,0.0256905,0.843,0.00926649,0.843,0.0095298,0.843,0.00982602,0.843,0.0121629,0.843,0.0125579,0.843,0.0155201,0.843,0.00936523
0.844,0.00176211,0.844,-0.000602593,0.844,0.0394486,0.844,0.0248348,0.844,0.00900318,0.844,0.0097602,0.844,0.00982602,0.844,0.012525,0.844,0.013644,0.844,0.015553,0.844,0.00989185
0.845,0.00172919,0.845,-0.000536703,0.845,0.0396131,0.845,0.0252297,0.845,0.00873986,0.845,0.00969437,0.845,0.010221,0.845,0.012887,0.845,0.0133149,0.845,0.0154214,0.845,0.00979311
0.846,0.00169628,0.846,-0.000563059,0.846,0.040041,0.846,0.0246044,0.846,0.00926649,0.846,0.00966145,0.846,0.00985894,0.846,0.0132491,0.846,0.0130516,0.846,0.0154214,0.846,0.00847655
0.847,0.00169628,0.847,-0.000668483,0.847,0.0386915,0.847,0.0223333,0.847,0.00943106,0.847,0.00966145,0.847,0.00916774,0.847,0.0135124,0.847,0.0139403,0.847,0.0153227,0.847,0.0095298
0.848,0.00166337,0.848,-0.000596004,0.848,0.0395144,0.848,0.023222,0.848,0.00959563,0.848,0.00962854,0.848,0.00910192,0.848,0.0137428,0.848,0.0141377,0.848,0.0152568,0.848,0.00999059
0.849,0.00172919,0.849,-0.000635538,0.849,0.0396789,0.849,0.0234853,0.849,0.00893735,0.849,0.00939814,0.849,0.00943106,0.849,0.0139403,0.849,0.0149277,0.849,0.0151581,0.849,0.0097602
0.85,0.00169628,0.85,-0.000635538,0.85,0.0401727,0.85,0.0230574,0.85,0.00873986,0.85,0.00956271,0.85,0.00972728,0.85,0.0142694,0.85,0.0144998,0.85,0.0150923,0.85,0.00870695
0.851,0.00172919,0.851,-0.000668483,0.851,0.0380003,0.851,0.0227283,0.851,0.00880569,0.851,0.00966145,0.851,0.0100235,0.851,0.0145327,0.851,0.0141707,0.851,0.0150593,0.851,0.00920066
0.852,0.00172919,0.852,-0.000635538,0.852,0.0387244,0.852,0.0221029,0.852,0.00943106,0.852,0.00969437,0.852,0.0101222,0.852,0.0147631,0.852,0.0145656,0.852,0.0149935,0.852,0.00989185
0.853,0.00169628,0.853,-0.000655305,0.853,0.0393169,0.853,0.0212142,0.853,0.00897026,0.853,0.00972728,0.853,0.00923357,0.853,0.0149606,0.853,0.0153556,0.853,0.0149277,0.853,0.00985894
0.854,0.00169628,0.854,-0.000681661,0.854,0.0397777,0.854,0.021675,0.854,0.00903609,0.854,0.00972728,0.854,0.00923357,0.854,0.0151581,0.854,0.0156847,0.854,0.0148948,0.854,0.0092994
0.855,0.00163045,0.855,-0.000675072,0.855,0.0402714,0.855,0.0212142,0.855,0.0095298,0.855,0.00969437,0.855,0.00966145,0.855,0.0153556,0.855,0.0157176,0.855,0.0148289,0.855,0.00999059
0.856,0.00172919,0.856,-0.000668483,0.856,0.0394486,0.856,0.0209509,0.856,0.00893735,0.856,0.00969437,0.856,0.0100893,0.856,0.0154214,0.856,0.0149277,0.856,0.0148289,0.856,0.00979311
0.857,0.00172919,0.857,-0.000675072,0.857,0.0387244,0.857,0.0203914,0.857,0.00939814,0.857,0.00956271,0.857,0.00985894,0.857,0.015586,0.857,0.0149935,0.857,0.0148289,0.857,0.00982602
0.858,0.00169628,0.858,-0.000694839,0.858,0.0393498,0.858,0.0196673,0.858,0.00933231,0.858,0.00956271,0.858,0.00992477,0.858,0.0159151,0.858,0.0160138,0.858,0.014796,0.858,0.00857529
0.859,0.00169628,0.859,-0.000675072,0.859,0.0396789,0.859,0.0193052,0.859,0.00867404,0.859,0.00972728,0.859,0.0100893,0.859,0.0161455,0.859,0.0164746,0.859,0.0146973,0.859,0.00920066
0.86,0.00172919,0.86,-0.000661894,0.86,0.0399752,0.86,0.0203585,0.86,0.00893735,0.86,0.00969437,0.86,0.00936523,0.86,0.0164088,0.86,0.0172975,0.86,0.0146315,0.86,0.00923357
0.861,0.00176211,0.861,-0.000681661,0.861,0.0398106,0.861,0.0192723,0.861,0.00946397,0.861,0.00972728,0.861,0.0100235,0.861,0.0166063,0.861,0.0172317,0.861,0.0145656,0.861,0.00966145
0.862,0.00172919,0.862,-0.000694839,0.862,0.0390536,0.862,0.0186799,0.862,0.00913483,0.862,0.00962854,0.862,0.00995768,0.862,0.0167709,0.862,0.0173962,0.862,0.0144998,0.862,0.00844364
0.863,0.00172919,0.863,-0.00068825,0.863,0.0390865,0.863,0.0175279,0.863,0.00923357,0.863,0.00962854,0.863,0.00999059,0.863,0.0170013,0.863,0.0162442,0.863,0.0144011,0.863,0.0101881
0.864,0.00169628,0.864,-0.000701428,0.864,0.039284,0.864,0.0179558,0.864,0.00913483,0.864,0.00966145,0.864,0.00926649,0.864,0.0171987,0.864,0.0170013,0.864,0.014434,0.864,0.00969437
0.865,0.00172919,0.865,-0.000708017,0.865,0.0397119,0.865,0.0185153,0.865,0.00897026,0.865,0.0095298,0.865,0.00949688,0.865,0.0173304,0.865,0.0171658,0.865,0.0143352,0.865,0.00985894
0.866,0.00176211,0.866,-0.000701428,0.866,0.0400081,0.866,0.018647,0.866,0.00926649,0.866,0.00946397,0.866,0.00916774,0.866,0.017495,0.866,0.0181532,0.866,0.0142694,0.866,0.00913483
0.867,0.00176211,0.867,-0.000708017,0.867,0.0380003,0.867,0.018647,0.867,0.00916774,0.867,0.0095298,0.867,0.00939814,0.867,0.0177254,0.867,0.0187128,0.867,0.0141707,0.867,0.00939814
0.868,0.00169628,0.868,-0.00068825,0.868,0.0393169,0.868,0.0172975,0.868,0.00946397,0.868,0.00972728,0.868,0.0100564,0.868,0.0180545,0.868,0.0179887,0.868,0.0141707,0.868,0.00979311
0.869,0.00172919,0.869,-0.000708017,0.869,0.0393827,0.869,0.0174621,0.869,0.00867404,0.869,0.00966145,0.869,0.00979311,0.869,0.018252,0.869,0.0182849,0.869,0.0141707,0.869,0.0104185
0.87,0.00169628,0.87,-0.000714606,0.87,0.040041,0.87,0.017857,0.87,0.00923357,0.87,0.00966145,0.87,0.009069,0.87,0.0184495,0.87,0.0187128,0.87,0.0140719,0.87,0.00956271
0.871,0.00176211,0.871,-0.000708017,0.871,0.0402056,0.871,0.017495,0.871,0.00920066,0.871,0.00959563,0.871,0.00923357,0.871,0.0185482,0.871,0.0190419,0.871,0.0139732,0.871,0.00943106
0.872,0.00169628,0.872,-0.000708017,0.872,0.0385928,0.872,0.0171,0.872,0.00939814,0.872,0.0097602,0.872,0.0102539,0.872,0.0185482,0.872,0.0191736,0.872,0.0139732,0.872,0.00995768
0.873,0.00166337,0.873,-0.000714606,0.873,0.0383295,0.873,0.0169683,0.873,0.00926649,0.873,0.0097602,0.873,0.0102868,0.873,0.0185811,0.873,0.0196015,0.873,0.0139732,0.873,0.00972728
0.874,0.00172919,0.874,-0.000708017,0.874,0.0391194,0.874,0.0174291,0.874,0.00897026,0.874,0.00959563,0.874,0.00985894,0.874,0.0187786,0.874,0.018252,0.874,0.0139732,0.874,0.00946397
0.875,0.00169628,0.875,-0.000727784,0.875,0.0394156,0.875,0.0174621,0.875,0.00867404,0.875,0.00956271,0.875,0.00933231,0.875,0.0189761,0.875,0.0190419,0.875,0.0138744,0.875,0.00949688
0.876,0.00172919,0.876,-0.000714606,0.876,0.0396789,0.876,0.015948,0.876,0.00913483,0.876,0.00972728,0.876,0.00926649,0.876,0.0191736,0.876,0.0198319,0.876,0.0139074,0.876,0.00949688
0.877,0.00176211,0.877,-0.000721195,0.877,0.0380991,0.877,0.0165405,0.877,0.00933231,0.877,0.00966145,0.877,0.00959563,0.877,0.0193052,0.877,0.0193052,0.877,0.0139074,0.877,0.00982602
0.878,0.00169628,0.878,-0.000727784,0.878,0.0392511,0.878,0.0170013,0.878,0.00883861,0.878,0.00972728,0.878,0.00972728,0.878,0.0194369,0.878,0.0189432,0.878,0.0137757,0.878,0.00916774
0.879,0.00172919,0.879,-0.000701428,0.879,0.0396131,0.879,0.0169354,0.879,0.00923357,0.879,0.00969437,0.879,0.0100235,0.879,0.0195685,0.879,0.0194698,0.879,0.0137428,0.879,0.00920066
0.88,0.00169628,0.88,-0.000740962,0.88,0.0401397,0.88,0.0162772,0.88,0.00926649,0.88,0.00969437,0.88,0.00972728,0.88,0.0197002,0.88,0.0199635,0.88,0.0137099,0.88,0.00936523
0.881,0.00172919,0.881,-0.000714606,0.881,0.0383295,0.881,0.0161784,0.881,0.009069,0.881,0.00966145,0.881,0.00913483,0.881,0.0197331,0.881,0.0203256,0.881,0.013644,0.881,0.00966145
0.882,0.00176211,0.882,-0.000734373,0.882,0.0397777,0.882,0.0162772,0.882,0.00966145,0.882,0.00949688,0.882,0.00946397,0.882,0.0198648,0.882,0.0204901,0.882,0.0135453,0.882,0.00893735
0.883,0.00169628,0.883,-0.000727784,0.883,0.0400081,0.883,0.0143681,0.883,0.00887152,0.883,0.00949688,0.883,0.0100235,0.883,0.0199635,0.883,0.0207534,0.883,0.0135124,0.883,0.00959563
0.884,0.00172919,0.884,-0.000727784,0.884,0.0398106,0.884,0.0154214,0.884,0.00867404,0.884,0.00962854,0.884,0.0101552,0.884,0.0201281,0.884,0.0199306,0.884,0.0135124,0.884,0.00959563
0.885,0.00172919,0.885,-0.000727784,0.885,0.0382307,0.885,0.0156189,0.885,0.00926649,0.885,0.00969437,0.885,0.00939814,0.885,0.0202597,0.885,0.0198319,0.885,0.0134466,0.885,0.00870695
0.886,0.00172919,0.886,-0.000714606,0.886,0.0393169,0.886,0.015948,0.886,0.00920066,0.886,0.00966145,0.886,0.00923357,0.886,0.0203585,0.886,0.0204243,0.886,0.0133478,0.886,0.00926649
0.887,0.00172919,0.887,-0.000721195,0.887,0.0395802,0.887,0.0159809,0.887,0.0092994,0.887,0.00972728,0.887,0.0101222,0.887,0.0204243,0.887,0.0210497,0.887,0.0133807,0.887,0.00972728
0.888,0.00169628,0.888,-0.000727784,0.888,0.0399423,0.888,0.0158164,0.888,0.00887152,0.888,0.00969437,0.888,0.00995768,0.888,0.0205231,0.888,0.0210826,0.888,0.0133807,0.888,0.00995768
0.889,0.00172919,0.889,-0.000734373,0.889,0.038889,0.889,0.0150923,0.889,0.00883861,0.889,0.00982602,0.889,0.0101881,0.889,0.0204572,0.889,0.0196673,0.889,0.0133149,0.889,0.00903609
0.89,0.00169628,0.89,-0.000760729,0.89,0.0401068,0.89,0.0151252,0.89,0.00916774,0.89,0.0097602,0.89,0.0092994,0.89,0.0204572,0.89,0.0207205,0.89,0.0132491,0.89,0.00966145
0.891,0.00166337,0.891,-0.00075414,0.891,0.0397777,0.891,0.0144998,0.891,0.0092994,0.891,0.0097602,0.891,0.00962854,0.891,0.020556,0.891,0.0210168,0.891,0.0132491,0.891,0.0100235
0.892,0.00169628,0.892,-0.00075414,0.892,0.0391194,0.892,0.0150264,0.892,0.00870695,0.892,0.0097602,0.892,0.00995768,0.892,0.0207864,0.892,0.0212801,0.892,0.0132162,0.892,0.0097602
0.893,0.00169628,0.893,-0.000727784,0.893,0.039284,0.893,0.0153227,0.893,0.00893735,0.893,0.00972728,0.893,0.010221,0.893,0.0208193,0.893,0.0203585,0.893,0.0131832,0.893,0.00870695
0.894,0.00169628,0.894,-0.000734373,0.894,0.039646,0.894,0.0135124,0.894,0.00926649,0.894,0.00982602,0.894,0.0101881,0.894,0.020918,0.894,0.0208522,0.894,0.0131174,0.894,0.00916774
0.895,0.00172919,0.895,-0.000747551,0.895,0.0401397,0.895,0.0146644,0.895,0.00913483,0.895,0.00982602,0.895,0.00966145,0.895,0.0210168,0.895,0.0211484,0.895,0.0131503,0.895,0.00969437
0.896,0.00176211,0.896,-0.000734373,0.896,0.0387244,0.896,0.0142036,0.896,0.00837781,0.896,0.00979311,0.896,0.00923357,0.896,0.0210168,0.896,0.0215434,0.896,0.0129858,0.896,0.00989185
0.897,0.00179502,0.897,-0.000734373,0.897,0.0400739,0.897,0.0145656,0.897,0.0097602,0.897,0.0097602,0.897,0.00969437,0.897,0.0211484,0.897,0.0197331,0.897,0.0130516,0.897,0.00883861
0.898,0.00169628,0.898,-0.000721195,0.898,0.0401068,0.898,0.013677,0.898,0.00920066,0.898,0.00979311,0.898,0.0095298,0.898,0.0211155,0.898,0.0209838,0.898,0.0129858,0.898,0.00949688
0.899,0.00176211,0.899,-0.000747551,0.899,0.039646,0.899,0.0142036,0.899,0.00923357,0.899,0.00956271,0.899,0.0095298,0.899,0.0212472,0.899,0.0216092,0.899,0.0129199,0.899,0.00999059
0.9,0.00176211,0.9,-0.000734373,0.9,0.0391852,0.9,0.0141377,0.9,0.00870695,0.9,0.00966145,0.9,0.0101552,0.9,0.0211155,0.9,0.0214117,0.9,0.0128212,0.9,0.00972728
0.901,0.00169628,0.901,-0.000747551,0.901,0.0395144,0.901,0.0131503,0.901,0.0095298,0.901,0.00982602,0.901,0.00956271,0.901,0.0212142,0.901,0.0206876,0.901,0.0128212,0.901,0.00873986
0.902,0.00172919,0.902,-0.000747551,0.902,0.0396131,0.902,0.0135782,0.902,0.00916774,0.902,0.00989185,0.902,0.0097602,0.902,0.0212142,0.902,0.0212801,0.902,0.0127883,0.902,0.00883861
0.903,0.00169628,0.903,-0.00075414,0.903,0.0383953,0.903,0.0134136,0.903,0.00903609,0.903,0.00972728,0.903,0.00962854,0.903,0.0213788,0.903,0.0215434,0.903,0.0127224,0.903,0.00920066
0.904,0.00169628,0.904,-0.000727784,0.904,0.0391852,0.904,0.0137428,0.904,0.00893735,0.904,0.00979311,0.904,0.0103197,0.904,0.0213788,0.904,0.0216092,0.904,0.0127554,0.904,0.00972728
0.905,0.00172919,0.905,-0.00075414,0.905,0.0395473,0.905,0.0123275,0.905,0.00936523,0.905,0.00992477,0.905,0.00939814,0.905,0.021313,0.905,0.0207205,0.905,0.0127224,0.905,0.00972728
0.906,0.00176211,0.906,-0.000734373,0.906,0.0399423,0.906,0.0134136,0.906,0.0095298,0.906,0.00989185,0.906,0.0100235,0.906,0.021313,0.906,0.021675,0.906,0.0127224,0.906,0.00933231
0.907,0.00176211,0.907,-0.000740962,0.907,0.0384282,0.907,0.0139732,0.907,0.00831198,0.907,0.0097602,0.907,0.00982602,0.907,0.0213459,0.907,0.0219383,0.907,0.0126895,0.907,0.0083449
0.908,0.00176211,0.908,-0.00075414,0.908,0.0395144,0.908,0.0138744,0.908,0.00887152,0.908,0.00982602,0.908,0.010221,0.908,0.0213788,0.908,0.0214446,0.908,0.0126566,0.908,0.00926649
0.909,0.00172919,0.909,-0.000747551,0.909,0.0398106,0.909,0.0133478,0.909,0.00887152,0.909,0.00985894,0.909,0.00933231,0.909,0.0215105,0.909,0.0209838,0.909,0.0125908,0.909,0.00926649
0.91,0.00172919,0.91,-0.000727784,0.91,0.0402385,0.91,0.0133807,0.91,0.00933231,0.91,0.00989185,0.91,0.00985894,0.91,0.0216092,0.91,0.0214446,0.91,0.0125908,0.91,0.00969437
0.911,0.00176211,0.911,-0.000740962,0.911,0.0389219,0.911,0.0136111,0.911,0.00890443,0.911,0.00992477,0.911,0.0100893,0.911,0.021708,0.911,0.0222346,0.911,0.0125579,0.911,0.00946397
0.912,0.00169628,0.912,-0.00075414,0.912,0.0394815,0.912,0.012525,0.912,0.009069,0.912,0.00992477,0.912,0.0104185,0.912,0.0217738,0.912,0.0227612,0.912,0.012525,0.912,0.00992477
0.913,0.00172919,0.913,-0.000740962,0.913,0.0400081,0.913,0.0129858,0.913,0.00943106,0.913,0.00982602,0.913,0.00897026,0.913,0.0218725,0.913,0.0208851,0.913,0.012525,0.913,0.00844364
0.914,0.00179502,0.914,-0.000747551,0.914,0.0389878,0.914,0.0129528,0.914,0.00923357,0.914,0.00972728,0.914,0.00962854,0.914,0.0218725,0.914,0.021708,0.914,0.0124262,0.914,0.00910192
0.915,0.00172919,0.915,-0.00075414,0.915,0.0388561,0.915,0.0129199,0.915,0.00890443,0.915,0.0097602,0.915,0.00992477,0.915,0.0219054,0.915,0.0218067,0.915,0.0124262,0.915,0.00897026
0.916,0.00179502,0.916,-0.000747551,0.916,0.0398764,0.916,0.0120313,0.916,0.00936523,0.916,0.00962854,0.916,0.0101222,0.916,0.0219054,0.916,0.0224321,0.916,0.0123604,0.916,0.0097602
0.917,0.00172919,0.917,-0.000747551,0.917,0.039646,0.917,0.0123933,0.917,0.00926649,0.917,0.00969437,0.917,0.00903609,0.917,0.0220042,0.917,0.0214446,0.917,0.0122946,0.917,0.00979311
0.918,0.00172919,0.918,-0.000740962,0.918,0.0387244,0.918,0.0127883,0.918,0.00818033,0.918,0.00979311,0.918,0.00962854,0.918,0.02207,0.918,0.0220042,0.918,0.0122287,0.918,0.00989185
0.919,0.00176211,0.919,-0.000734373,0.919,0.0392511,0.919,0.0128541,0.919,0.00916774,0.919,0.0097602,0.919,0.0101552,0.919,0.0221029,0.919,0.0222346,0.919,0.0122287,0.919,0.00850947
0.92,0.00169628,0.92,-0.00075414,0.92,0.0398435,0.92,0.01213,0.92,0.00933231,0.92,0.00982602,0.92,0.0103197,0.92,0.0222017,0.92,0.0223004,0.92,0.0121958,0.92,0.00926649
0.921,0.00169628,0.921,-0.000747551,0.921,0.0393498,0.921,0.0127224,0.921,0.00949688,0.921,0.00979311,0.921,0.009069,0.921,0.0221687,0.921,0.0214776,0.921,0.0122287,0.921,0.0092994
0.922,0.00172919,0.922,-0.000747551,0.922,0.038889,0.922,0.0129528,0.922,0.00893735,0.922,0.00992477,0.922,0.00985894,0.922,0.0221029,0.922,0.0218396,0.922,0.0121958,0.922,0.00972728
0.923,0.00172919,0.923,-0.00075414,0.923,0.0397777,0.923,0.0118009,0.923,0.00920066,0.923,0.00982602,0.923,0.00989185,0.923,0.02207,0.923,0.0223333,0.923,0.0121958,0.923,0.0100893
0.924,0.00169628,0.924,-0.000767318,0.924,0.0397119,0.924,0.0121958,0.924,0.00969437,0.924,0.00972728,0.924,0.010221,0.924,0.0221687,0.924,0.0226954,0.924,0.0122287,0.924,0.009069
0.925,0.00172919,0.925,-0.000767318,0.925,0.0400081,0.925,0.0124921,0.925,0.00946397,0.925,0.00979311,0.925,0.00939814,0.925,0.0222346,0.925,0.0218067,0.925,0.0121629,0.925,0.00883861
0.926,0.00172919,0.926,-0.00075414,0.926,0.0394156,0.926,0.0127554,0.926,0.00913483,0.926,0.00985894,0.926,0.00992477,0.926,0.0223333,0.926,0.0225308,0.926,0.01213,0.926,0.0095298
0.927,0.00172919,0.927,-0.000767318,0.927,0.0397777,0.927,0.0117679,0.927,0.00900318,0.927,0.00985894,0.927,0.0102539,0.927,0.0224321,0.927,0.0225966,0.927,0.0120971,0.927,0.00916774
0.928,0.00176211,0.928,-0.000787085,0.928,0.0398435,0.928,0.0124262,0.928,0.00936523,0.928,0.00989185,0.928,0.0102868,0.928,0.022465,0.928,0.0229587,0.928,0.0120971,0.928,0.00956271
0.929,0.00166337,0.929,-0.000787085,0.929,0.0387244,0.929,0.0124921,0.929,0.00913483,0.929,0.00985894,0.929,0.00962854,0.929,0.0224979,0.929,0.0218725,0.929,0.0120313,0.929,0.00920066
0.93,0.00176211,0.93,-0.000767318,0.93,0.0395473,0.93,0.0124262,0.93,0.00910192,0.93,0.0097602,0.93,0.00962854,0.93,0.0225637,0.93,0.0227283,0.93,0.0119983,0.93,0.00867404
0.931,0.00169628,0.931,-0.00075414,0.931,0.0395144,0.931,0.0118996,0.931,0.009069,0.931,0.00992477,0.931,0.0100235,0.931,0.0225637,0.931,0.0224979,0.931,0.0119983,0.931,0.00920066
0.932,0.00176211,0.932,-0.000740962,0.932,0.0402385,0.932,0.0122946,0.932,0.00913483,0.932,0.0097602,0.932,0.0100893,0.932,0.0225308,0.932,0.0226954,0.932,0.0118338,0.932,0.00949688
0.933,0.00172919,0.933,-0.000773907,0.933,0.038527,0.933,0.0127224,0.933,0.00808159,0.933,0.0097602,0.933,0.0092994,0.933,0.0226295,0.933,0.0215434,0.933,0.0118338,0.933,0.0100235
0.934,0.00176211,0.934,-0.000767318,0.934,0.0398106,0.934,0.0116034,0.934,0.00897026,0.934,0.00962854,0.934,0.00979311,0.934,0.0226625,0.934,0.0231233,0.934,0.0118667,0.934,0.00956271
0.935,0.00166337,0.935,-0.000767318,0.935,0.0398435,0.935,0.0122617,0.935,0.00936523,0.935,0.00979311,0.935,0.0100235,0.935,0.0226954,0.935,0.0226954,0.935,0.0118338,0.935,0.00857529
0.936,0.00169628,0.936,-0.000780496,0.936,0.0398764,0.936,0.0122287,0.936,0.00962854,0.936,0.00969437,0.936,0.010221,0.936,0.0227612,0.936,0.0230245,0.936,0.0117679,0.936,0.00890443
0.937,0.00169628,0.937,-0.000767318,0.937,0.0389548,0.937,0.0121629,0.937,0.00883861,0.937,0.00982602,0.937,0.0101552,0.937,0.0227612,0.937,0.0219383,0.937,0.0117679,0.937,0.00926649
0.938,0.00169628,0.938,-0.000787085,0.938,0.0395144,0.938,0.010978,0.938,0.0092994,0.938,0.00979311,0.938,0.00989185,0.938,0.0227612,0.938,0.0226625,0.938,0.0117021,0.938,0.00913483
0.939,0.00172919,0.939,-0.000773907,0.939,0.0396789,0.939,0.0119325,0.939,0.00943106,0.939,0.00985894,0.939,0.0097602,0.939,0.0227612,0.939,0.0229587,0.939,0.0116692,0.939,0.0095298
0.94,0.00176211,0.94,-0.00075414,0.94,0.0387244,0.94,0.0122287,0.94,0.00949688,0.94,0.00999059,0.94,0.0101552,0.94,0.0226954,0.94,0.0227941,0.94,0.0117679,0.94,0.0095298
0.941,0.00172919,0.941,-0.00075414,0.941,0.0393169,0.941,0.0121629,0.941,0.00857529,0.941,0.00972728,0.941,0.0092994,0.941,0.0227941,0.941,0.0218396,0.941,0.0117679,0.941,0.00860821
0.942,0.00169628,0.942,-0.000773907,0.942,0.0394815,0.942,0.0107805,0.942,0.00933231,0.942,0.00985894,0.942,0.0100564,0.942,0.0227941,0.942,0.0229587,0.942,0.0117021,0.942,0.00903609
0.943,0.00169628,0.943,-0.000787085,0.943,0.0396131,0.943,0.0111426,0.943,0.00939814,0.943,0.00992477,0.943,0.0101881,0.943,0.0229587,0.943,0.0231562,0.943,0.0116692,0.943,0.00916774
0.944,0.00166337,0.944,-0.000760729,0.944,0.0381978,0.944,0.01213,0.944,0.00949688,0.944,0.00999059,0.944,0.0105172,0.944,0.0229258,0.944,0.0234195,0.944,0.0117021,0.944,0.0092994
0.945,0.00176211,0.945,-0.000767318,0.945,0.0396789,0.945,0.0118338,0.945,0.00860821,0.945,0.0100235,0.945,0.00995768,0.945,0.0230245,0.945,0.0222017,0.945,0.0115705,0.945,0.00979311
0.946,0.00169628,0.946,-0.000760729,0.946,0.0398435,0.946,0.012525,0.946,0.00962854,0.946,0.00992477,0.946,0.010221,0.946,0.0230245,0.946,0.0232878,0.946,0.0116363,0.946,0.00936523
0.947,0.00172919,0.947,-0.000787085,0.947,0.0401397,0.947,0.0115375,0.947,0.00893735,0.947,0.00982602,0.947,0.0101552,0.947,0.0230574,0.947,0.0229258,0.947,0.0115705,0.947,0.00979311
0.948,0.00176211,0.948,-0.000793674,0.948,0.0380991,0.948,0.0112413,0.948,0.00847655,0.948,0.00979311,0.948,0.00933231,0.948,0.0230903,0.948,0.0234524,0.948,0.0115375,0.948,0.00821324
0.949,0.00172919,0.949,-0.000773907,0.949,0.0392511,0.949,0.0117021,0.949,0.0092994,0.949,0.00969437,0.949,0.00966145,0.949,0.0230574,0.949,0.0223333,0.949,0.0114388,0.949,0.0092994
0.95,0.00172919,0.95,-0.000800263,0.95,0.0397119,0.95,0.0116692,0.95,0.00956271,0.95,0.0097602,0.95,0.0100564,0.95,0.0231562,0.95,0.0232549,0.95,0.0114388,0.95,0.00920066
0.951,0.00172919,0.951,-0.000787085,0.951,0.0393498,0.951,0.0114388,0.951,0.00920066,0.951,0.00989185,0.951,0.0100893,0.951,0.023222,0.951,0.0231891,0.951,0.0114059,0.951,0.00956271
0.952,0.00169628,0.952,-0.000773907,0.952,0.0394486,0.952,0.0117021,0.952,0.00897026,0.952,0.00995768,0.952,0.00956271,0.952,0.023222,0.952,0.0238144,0.952,0.0114388,0.952,0.00910192
0.953,0.00172919,0.953,-0.000780496,0.953,0.037737,0.953,0.0107147,0.953,0.00900318,0.953,0.00989185,0.953,0.00933231,0.953,0.0232878,0.953,0.0235182,0.953,0.0114059,0.953,0.00959563
0.954,0.00169628,0.954,-0.000767318,0.954,0.0389219,0.954,0.0116034,0.954,0.00910192,0.954,0.00992477,0.954,0.0101881,0.954,0.0232878,0.954,0.0225966,0.954,0.011373,0.954,0.00897026
0.955,0.00169628,0.955,-0.000780496,0.955,0.0398106,0.955,0.0113401,0.955,0.00982602,0.955,0.00992477,0.955,0.0102868,0.955,0.0231891,0.955,0.0229587,0.955,0.0113072,0.955,0.00890443
0.956,0.00172919,0.956,-0.000773907,0.956,0.0395473,0.956,0.0118009,0.956,0.00943106,0.956,0.00999059,0.956,0.00920066,0.956,0.0231562,0.956,0.0229587,0.956,0.0113401,0.956,0.00900318
0.957,0.00169628,0.957,-0.000787085,0.957,0.0397448,0.957,0.0115375,0.957,0.00943106,0.957,0.00989185,0.957,0.00969437,0.957,0.0231891,0.957,0.0232549,0.957,0.011373,0.957,0.00923357
0.958,0.00169628,0.958,-0.000780496,0.958,0.0387903,0.958,0.0103526,0.958,0.00841072,0.958,0.00982602,0.958,0.0101222,0.958,0.0232549,0.958,0.0234853,0.958,0.011373,0.958,0.00985894
0.959,0.00172919,0.959,-0.000793674,0.959,0.0390207,0.959,0.0110768,0.959,0.00870695,0.959,0.00992477,0.959,0.0103197,0.959,0.0232878,0.959,0.0236499,0.959,0.0113401,0.959,0.00969437
0.96,0.00169628,0.96,-0.000780496,0.96,0.0398435,0.96,0.0111426,0.96,0.00926649,0.96,0.00999059,0.96,0.00936523,0.96,0.0234195,0.96,0.023584,0.96,0.0113401,0.96,0.00864112
0.961,0.00172919,0.961,-0.000767318,0.961,0.0395473,0.961,0.0114388,0.961,0.00916774,0.961,0.00995768,0.961,0.0100893,0.961,0.0233536,0.961,0.022827,0.961,0.0113072,0.961,0.0083449
0.962,0.00172919,0.962,-0.000773907,0.962,0.0396789,0.962,0.0115375,0.962,0.00949688,0.962,0.00999059,0.962,0.0103197,0.962,0.0234195,0.962,0.0236828,0.962,0.0112413,0.962,0.0092994
0.963,0.00169628,0.963,-0.000787085,0.963,0.0399423,0.963,0.0103856,0.963,0.00864112,0.963,0.00989185,0.963,0.0103526,0.963,0.0234853,0.963,0.0240778,0.963,0.0112413,0.963,0.00943106
0.964,0.00172919,0.964,-0.000800263,0.964,0.038494,0.964,0.0115705,0.964,0.00926649,0.964,0.00989185,0.964,0.00903609,0.964,0.0235182,0.964,0.0235182,0.964,0.0112084,0.964,0.00943106
0.965,0.00166337,0.965,-0.000773907,0.965,0.0384611,0.965,0.011735,0.965,0.00936523,0.965,0.00985894,0.965,0.00956271,0.965,0.0233536,0.965,0.0238144,0.965,0.0111755,0.965,0.0095298
0.966,0.00169628,0.966,-0.000787085,0.966,0.0398106,0.966,0.0115375,0.966,0.00923357,0.966,0.00972728,0.966,0.0100235,0.966,0.0234195,0.966,0.0229916,0.966,0.0111097,0.966,0.00910192
0.967,0.00176211,0.967,-0.000793674,0.967,0.0396131,0.967,0.0119654,0.967,0.00946397,0.967,0.00985894,0.967,0.00992477,0.967,0.0234524,0.967,0.0228599,0.967,0.0110768,0.967,0.00860821
0.968,0.00169628,0.968,-0.000787085,0.968,0.0397119,0.968,0.0103526,0.968,0.00900318,0.968,0.00992477,0.968,0.010221,0.968,0.0235511,0.968,0.0238803,0.968,0.0110768,0.968,0.009069
0.969,0.00179502,0.969,-0.000780496,0.969,0.0379345,0.969,0.0111426,0.969,0.00913483,0.969,0.0100235,0.969,0.0104843,0.969,0.0235511,0.969,0.0233866,0.969,0.0110768,0.969,0.00913483
0.97,0.00176211,0.97,-0.000800263,0.97,0.0386586,0.97,0.0117679,0.97,0.00903609,0.97,0.00992477,0.97,0.00946397,0.97,0.0236828,0.97,0.0239461,0.97,0.0110438,0.97,0.00972728
0.971,0.00172919,0.971,-0.000806852,0.971,0.0396789,0.971,0.011373,0.971,0.00916774,0.971,0.00989185,0.971,0.00959563,0.971,0.0237815,0.971,0.0244398,0.971,0.010978,0.971,0.00969437
0.972,0.00169628,0.972,-0.000793674,0.972,0.0394156,0.972,0.0113401,0.972,0.00959563,0.972,0.00999059,0.972,0.0104843,0.972,0.0238803,0.972,0.0237157,0.972,0.0110768,0.972,0.00959563
0.973,0.00176211,0.973,-0.000787085,0.973,0.0388232,0.973,0.00995768,0.973,0.0095298,0.973,0.00989185,0.973,0.0101552,0.973,0.0238474,0.973,0.0228599,0.973,0.0110109,0.973,0.00867404
0.974,0.00172919,0.974,-0.00082003,0.974,0.0386586,0.974,0.0114717,0.974,0.00893735,0.974,0.00979311,0.974,0.0100564,0.974,0.0237815,0.974,0.0229916,0.974,0.0110438,0.974,0.00883861
0.975,0.00166337,0.975,-0.000773907,0.975,0.0393498,0.975,0.0112742,0.975,0.00943106,0.975,0.00979311,0.975,0.0104185,0.975,0.0236828,0.975,0.0237157,0.975,0.010978,0.975,0.00939814
0.976,0.00176211,0.976,-0.000806852,0.976,0.0397448,0.976,0.0111755,0.976,0.00939814,0.976,0.00999059,0.976,0.0097602,0.976,0.023617,0.976,0.0242423,0.976,0.0110109,0.976,0.009069
0.977,0.00176211,0.977,-0.000793674,0.977,0.0397777,0.977,0.0114388,0.977,0.00939814,0.977,0.00992477,0.977,0.00969437,0.977,0.0236828,0.977,0.0238474,0.977,0.0109451,0.977,0.00943106
0.978,0.00172919,0.978,-0.000780496,0.978,0.0392182,0.978,0.0108464,0.978,0.00920066,0.978,0.00992477,0.978,0.0103197,0.978,0.0236828,0.978,0.0225308,0.978,0.0109451,0.978,0.00949688
0.979,0.00172919,0.979,-0.00082003,0.979,0.0386586,0.979,0.010583,0.979,0.00910192,0.979,0.00995768,0.979,0.0101881,0.979,0.0236828,0.979,0.0238144,0.979,0.0109451,0.979,0.0083449
0.98,0.00169628,0.98,-0.000787085,0.98,0.0390536,0.98,0.0112742,0.98,0.00923357,0.98,0.00982602,0.98,0.0101881,0.98,0.0236828,0.98,0.0242423,0.98,0.0109451,0.98,0.00883861
0.981,0.00179502,0.981,-0.000793674,0.981,0.0399093,0.981,0.0113401,0.981,0.00910192,0.981,0.00982602,0.981,0.0103856,0.981,0.0236828,0.981,0.0233866,0.981,0.0109122,0.981,0.00920066
0.982,0.00169628,0.982,-0.000793674,0.982,0.0396789,0.982,0.0115375,0.982,0.00959563,0.982,0.00966145,0.982,0.00903609,0.982,0.0236499,0.982,0.0228929,0.982,0.0108464,0.982,0.00966145
0.983,0.00169628,0.983,-0.000806852,0.983,0.0393827,0.983,0.0112413,0.983,0.00854238,0.983,0.00979311,0.983,0.00982602,0.983,0.023617,0.983,0.0238803,0.983,0.0108134,0.983,0.0100235
0.984,0.00169628,0.984,-0.000793674,0.984,0.0382307,0.984,0.00979311,0.984,0.00913483,0.984,0.00989185,0.984,0.00966145,0.984,0.0237815,0.984,0.023979,0.984,0.0108464,0.984,0.00946397
0.985,0.00166337,0.985,-0.000793674,0.985,0.0391194,0.985,0.010978,0.985,0.00956271,0.985,0.00989185,0.985,0.010221,0.985,0.0237157,0.985,0.0239461,0.985,0.0107805,0.985,0.00883861
0.986,0.00169628,0.986,-0.000800263,0.986,0.0395473,0.986,0.0114388,0.986,0.00969437,0.986,0.00985894,0.986,0.0103197,0.986,0.0237815,0.986,0.0224979,0.986,0.0107805,0.986,0.00890443
0.987,0.00172919,0.987,-0.00082003,0.987,0.0398435,0.987,0.0111097,0.987,0.00877278,0.987,0.00985894,0.987,0.0107147,0.987,0.0238474,0.987,0.0238803,0.987,0.0108134,0.987,0.00972728
0.988,0.00169628,0.988,-0.000800263,0.988,0.0396789,0.988,0.0113401,0.988,0.00959563,0.988,0.00992477,0.988,0.0092994,0.988,0.0237157,0.988,0.0238474,0.988,0.0108134,0.988,0.00972728
0.989,0.00172919,0.989,-0.000780496,0.989,0.0384282,0.989,0.0104185,0.989,0.00916774,0.989,0.00999059,0.989,0.00985894,0.989,0.023617,0.989,0.0241107,0.989,0.0107147,0.989,0.00959563
0.99,0.00166337,0.99,-0.000793674,0.99,0.0383295,0.99,0.0102868,0.99,0.009069,0.99,0.00999059,0.99,0.0104185,0.99,0.0235182,0.99,0.0234853,0.99,0.0107805,0.99,0.00979311
0.991,0.00176211,0.991,-0.000800263,0.991,0.0393827,0.991,0.0105172,0.991,0.00939814,0.991,0.00989185,0.991,0.00979311,0.991,0.0235511,0.991,0.0234853,0.991,0.0107805,0.991,0.0083449
0.992,0.00172919,0.992,-0.000800263,0.992,0.0396789,0.992,0.0108134,0.992,0.00916774,0.992,0.00985894,0.992,0.0101881,0.992,0.0237157,0.992,0.023979,0.992,0.0108134,0.992,0.00883861
0.993,0.00172919,0.993,-0.000813441,0.993,0.0399423,0.993,0.0110768,0.993,0.00943106,0.993,0.00999059,0.993,0.0097602,0.993,0.0236828,0.993,0.0243411,0.993,0.0107147,0.993,0.00926649
0.994,0.00169628,0.994,-0.000793674,0.994,0.040041,0.994,0.0110438,0.994,0.00854238,0.994,0.00999059,0.994,0.0100564,0.994,0.0237157,0.994,0.0232878,0.994,0.0106818,0.994,0.00910192
0.995,0.00169628,0.995,-0.000787085,0.995,0.0379345,0.995,0.00949688,0.995,0.00913483,0.995,0.00995768,0.995,0.0107476,0.995,0.0238474,0.995,0.0239132,0.995,0.0106818,0.995,0.0097602
0.996,0.00169628,0.996,-0.000800263,0.996,0.0386257,0.996,0.010616,0.996,0.00920066,0.996,0.00995768,0.996,0.010616,0.996,0.0238474,0.996,0.0242094,0.996,0.0107147,0.996,0.00992477
0.997,0.00176211,0.997,-0.000787085,0.997,0.0397119,0.997,0.0109451,0.997,0.00949688,0.997,0.00995768,0.997,0.00992477,0.997,0.0238803,0.997,0.0242094,0.997,0.0106818,0.997,0.00936523
0.998,0.00172919,0.998,-0.000793674,0.998,0.0397777,0.998,0.0108134,0.998,0.00946397,0.998,0.00992477,0.998,0.0103197,0.998,0.0239132,0.998,0.0232549,0.998,0.010616,0.998,0.00887152
0.999,0.00172919,0.999,-0.000793674,0.999,0.0397448,0.999,0.0107147,0.999,0.00933231,0.999,0.00979311,0.999,0.0104185,0.999,0.0238803,0.999,0.0235511,0.999,0.010616,0.999,0.00956271
,,1,-0.000813441,1,0.0398435,1,0.0117021,1,0.00962854,1,0.00979311,1,0.0103856,1,0.023979,1,0.0243082,1,0.0105501,1,0.00972728
,,1.001,-0.000800263,1.001,0.0383295,1.001,0.00989185,1.001,0.00873986,1.001,0.00992477,1.001,0.00936523,1.001,0.0240448,1.001,0.0246373,1.001,0.0105501,1.001,0.00926649
,,1.002,-0.000813441,1.002,0.0385928,1.002,0.0101552,1.002,0.00959563,1.002,0.00995768,1.002,0.00985894,1.002,0.0241107,1.002,0.0234524,1.002,0.010583,1.002,0.0097602
,,1.003,-0.000787085,1.003,0.0393498,1.003,0.0109122,1.003,0.00916774,1.003,0.00995768,1.003,0.0102539,1.003,0.0242752,1.003,0.0241765,1.003,0.010616,1.003,0.00966145
,,1.004,-0.000806852,1.004,0.0394815,1.004,0.0107476,1.004,0.00926649,1.004,0.00992477,1.004,0.0106489,1.004,0.0243082,1.004,0.0244069,1.004,0.0105501,1.004,0.00873986
,,1.005,-0.000793674,1.005,0.0399752,1.005,0.0110109,1.005,0.00897026,1.005,0.0100564,1.005,0.0101552,1.005,0.0243082,1.005,0.024736,1.005,0.0104514,1.005,0.00893735
,,1.006,-0.000793674,1.006,0.0389878,1.006,0.00992477,1.006,0.0092994,1.006,0.0100893,1.006,0.00999059,1.006,0.0242423,1.006,0.0233536,1.006,0.0105172,1.006,0.00956271
,,1.007,-0.000800263,1.007,0.038494,1.007,0.0100893,1.007,0.00946397,1.007,0.00995768,1.007,0.0097602,1.007,0.0241765,1.007,0.023584,1.007,0.0105501,1.007,0.00959563
,,1.008,-0.00082003,1.008,0.0391852,1.008,0.0107476,1.008,0.00913483,1.008,0.00999059,1.008,0.0101881,1.008,0.0243082,1.008,0.0245385,1.008,0.0105501,1.008,0.00956271
,,1.009,-0.000813441,1.009,0.0400739,1.009,0.0108793,1.009,0.00837781,1.009,0.0101881,1.009,0.00966145,1.009,0.0242752,1.009,0.0247031,1.009,0.0105501,1.009,0.00916774
,,1.01,-0.000800263,1.01,0.0397119,1.01,0.0105501,1.01,0.009069,1.01,0.0100893,1.01,0.00989185,1.01,0.0243411,1.01,0.0238144,1.01,0.0104843,1.01,0.00837781
,,1.011,-0.00082003,1.011,0.0393827,1.011,0.0105172,1.011,0.00920066,1.011,0.0100893,1.011,0.0104843,1.011,0.0244069,1.011,0.0243082,1.011,0.0105172,1.011,0.00867404
,,1.012,-0.000793674,1.012,0.0384611,1.012,0.00949688,1.012,0.00946397,1.012,0.0101552,1.012,0.0102539,1.012,0.024374,1.012,0.0246373,1.012,0.0104843,1.012,0.0095298
,,1.013,-0.000813441,1.013,0.0392511,1.013,0.0109122,1.013,0.009069,1.013,0.0100235,1.013,0.00995768,1.013,0.0243411,1.013,0.0245715,1.013,0.0104843,1.013,0.00959563
,,1.014,-0.00082003,1.014,0.0395144,1.014,0.011373,1.014,0.00890443,1.014,0.0100564,1.014,0.010221,1.014,0.0243411,1.014,0.0239132,1.014,0.0104514,1.014,0.00972728
,,1.015,-0.000800263,1.015,0.0399093,1.015,0.0108793,1.015,0.00972728,1.015,0.00999059,1.015,0.0101881,1.015,0.0242423,1.015,0.0240448,1.015,0.0104514,1.015,0.00982602
,,1.016,-0.000800263,1.016,0.0396789,1.016,0.0113072,1.016,0.00916774,1.016,0.00985894,1.016,0.0102539,1.016,0.0242752,1.016,0.0249006,1.016,0.0103526,1.016,0.00903609
,,1.017,-0.00082003,1.017,0.0390536,1.017,0.00999059,1.017,0.00870695,1.017,0.0100235,1.017,0.0095298,1.017,0.0242752,1.017,0.0245715,1.017,0.0103526,1.017,0.00864112
,,1.018,-0.000813441,1.018,0.038889,1.018,0.00979311,1.018,0.00926649,1.018,0.00995768,1.018,0.0101222,1.018,0.024374,1.018,0.0237815,1.018,0.0103856,1.018,0.00910192
,,1.019,-0.00082003,1.019,0.0388232,1.019,0.0104514,1.019,0.00943106,1.019,0.0100893,1.019,0.0108464,1.019,0.0244069,1.019,0.0245715,1.019,0.0103197,1.019,0.00946397
,,1.02,-0.000800263,1.02,0.0392182,1.02,0.0108134,1.02,0.00890443,1.02,0.0101222,1.02,0.0100564,1.02,0.024374,1.02,0.0245715,1.02,0.0103856,1.02,0.0097602
,,1.021,-0.000813441,1.021,0.0399093,1.021,0.0109451,1.021,0.00939814,1.021,0.0100564,1.021,0.0101222,1.021,0.024374,1.021,0.0247031,1.021,0.0103856,1.021,0.00979311
,,1.022,-0.00082003,1.022,0.0399423,1.022,0.0106489,1.022,0.00956271,1.022,0.0101222,1.022,0.00989185,1.022,0.0242752,1.022,0.0235511,1.022,0.0103197,1.022,0.00943106
,,1.023,-0.000800263,1.023,0.0376383,1.023,0.00966145,1.023,0.009069,1.023,0.0101881,1.023,0.0106818,1.023,0.0242094,1.023,0.023584,1.023,0.0103526,1.023,0.00887152
,,1.024,-0.00082003,1.024,0.0389219,1.024,0.0101881,1.024,0.00916774,1.024,0.00999059,1.024,0.00966145,1.024,0.0242094,1.024,0.0245385,1.024,0.0103526,1.024,0.00943106
,,1.025,-0.000806852,1.025,0.0394156,1.025,0.0106818,1.025,0.00913483,1.025,0.0100235,1.025,0.0100564,1.025,0.0243082,1.025,0.0247031,1.025,0.0103526,1.025,0.00959563
,,1.026,-0.000806852,1.026,0.0397119,1.026,0.010616,1.026,0.00913483,1.026,0.0101222,1.026,0.0104185,1.026,0.0243082,1.026,0.0239132,1.026,0.0103197,1.026,0.00923357
,,1.027,-0.000813441,1.027,0.0399093,1.027,0.0110438,1.027,0.00923357,1.027,0.0101222,1.027,0.0105172,1.027,0.0242752,1.027,0.0242423,1.027,0.0103526,1.027,0.00943106
,,1.028,-0.000813441,1.028,0.0398764,1.028,0.0104185,1.028,0.00913483,1.028,0.0101222,1.028,0.00913483,1.028,0.0242752,1.028,0.0241436,1.028,0.0103197,1.028,0.00916774
,,1.029,-0.000806852,1.029,0.0378687,1.029,0.010583,1.029,0.00939814,1.029,0.0100893,1.029,0.0100235,1.029,0.0242752,1.029,0.0240119,1.029,0.0103197,1.029,0.00890443
,,1.03,-0.00082003,1.03,0.039646,1.03,0.0103197,1.03,0.0092994,1.03,0.0100893,1.03,0.0101552,1.03,0.0243411,1.03,0.0234853,1.03,0.0103197,1.03,0.00910192
,,1.031,-0.000793674,1.031,0.0393827,1.031,0.0102539,1.031,0.00860821,1.031,0.00999059,1.031,0.0101881,1.031,0.0242752,1.031,0.0240448,1.031,0.0102868,1.031,0.00933231
,,1.032,-0.000793674,1.032,0.0400739,1.032,0.0103856,1.032,0.0092994,1.032,0.00985894,1.032,0.00982602,1.032,0.0242094,1.032,0.0242423,1.032,0.010221,1.032,0.00936523
,,1.033,-0.00082003,1.033,0.0403701,1.033,0.0105501,1.033,0.0092994,1.033,0.00992477,1.033,0.0097602,1.033,0.0242423,1.033,0.0247689,1.033,0.010221,1.033,0.00956271
,,1.034,-0.000826619,1.034,0.0389548,1.034,0.00972728,1.034,0.00943106,1.034,0.0100564,1.034,0.0100893,1.034,0.0243411,1.034,0.0236828,1.034,0.0101552,1.034,0.00867404
,,1.035,-0.000806852,1.035,0.0382307,1.035,0.0100235,1.035,0.00860821,1.035,0.0100235,1.035,0.0103526,1.035,0.024374,1.035,0.0240448,1.035,0.0101881,1.035,0.00890443
,,1.036,-0.000826619,1.036,0.0390865,1.036,0.0104514,1.036,0.0092994,1.036,0.0101222,1.036,0.00956271,1.036,0.024374,1.036,0.0247031,1.036,0.0101881,1.036,0.00979311
,,1.037,-0.00082003,1.037,0.0394486,1.037,0.0109451,1.037,0.00962854,1.037,0.0101222,1.037,0.0100564,1.037,0.0243411,1.037,0.0246702,1.037,0.010221,1.037,0.0100235
,,1.038,-0.000826619,1.038,0.0397777,1.038,0.0103526,1.038,0.00946397,1.038,0.0100893,1.038,0.0105501,1.038,0.024374,1.038,0.0240778,1.038,0.0101552,1.038,0.00966145
,,1.039,-0.00082003,1.039,0.0396789,1.039,0.0101222,1.039,0.00887152,1.039,0.0101881,1.039,0.0104843,1.039,0.0243411,1.039,0.0238474,1.039,0.0101222,1.039,0.00837781
,,1.04,-0.00082003,1.04,0.0385599,1.04,0.00946397,1.04,0.00913483,1.04,0.0100893,1.04,0.00933231,1.04,0.0242752,1.04,0.0244398,1.04,0.010221,1.04,0.00897026
,,1.041,-0.000806852,1.041,0.0391194,1.041,0.0101222,1.041,0.00926649,1.041,0.0100564,1.041,0.0101222,1.041,0.0243082,1.041,0.0249335,1.041,0.0101881,1.041,0.00936523
,,1.042,-0.000826619,1.042,0.0398435,1.042,0.0104514,1.042,0.00887152,1.042,0.0100893,1.042,0.0103197,1.042,0.0243082,1.042,0.0235511,1.042,0.0102868,1.042,0.00916774
,,1.043,-0.00082003,1.043,0.0397119,1.043,0.0104185,1.043,0.00890443,1.043,0.0101552,1.043,0.0104185,1.043,0.024374,1.043,0.0242423,1.043,0.010221,1.043,0.00943106
,,1.044,-0.000813441,1.044,0.0397777,1.044,0.0108464,1.044,0.00893735,1.044,0.0102539,1.044,0.0100235,1.044,0.0244398,1.044,0.0246044,1.044,0.0101552,1.044,0.00923357
,,1.045,-0.00082003,1.045,0.0405347,1.045,0.00979311,1.045,0.0095298,1.045,0.010221,1.045,0.00989185,1.045,0.0243411,1.045,0.0247689,1.045,0.0101552,1.045,0.00860821
,,1.046,-0.000800263,1.046,0.0387244,1.046,0.00992477,1.046,0.00936523,1.046,0.010221,1.046,0.00995768,1.046,0.024374,1.046,0.0240778,1.046,0.010221,1.046,0.00936523
,,1.047,-0.00082003,1.047,0.0388561,1.047,0.0101222,1.047,0.00890443,1.047,0.0100564,1.047,0.0102539,1.047,0.024374,1.047,0.0237157,1.047,0.0101222,1.047,0.00946397
,,1.048,-0.000800263,1.048,0.0399752,1.048,0.0107805,1.048,0.00926649,1.048,0.0100564,1.048,0.00920066,1.048,0.024374,1.048,0.0246044,1.048,0.0101222,1.048,0.00969437
,,1.049,-0.000806852,1.049,0.0393169,1.049,0.0106818,1.049,0.00939814,1.049,0.00992477,1.049,0.00972728,1.049,0.024374,1.049,0.0246373,1.049,0.0100893,1.049,0.0100564
,,1.05,-0.00082003,1.05,0.0397119,1.05,0.0110109,1.05,0.00913483,1.05,0.00995768,1.05,0.00985894,1.05,0.0245056,1.05,0.0249006,1.05,0.0100235,1.05,0.00959563
,,1.051,-0.000800263,1.051,0.0387903,1.051,0.00943106,1.051,0.00877278,1.051,0.0100893,1.051,0.0105501,1.051,0.0245056,1.051,0.0248019,1.051,0.0100564,1.051,0.00798284
,,1.052,-0.000813441,1.052,0.0391194,1.052,0.00999059,1.052,0.009069,1.052,0.0101222,1.052,0.0100564,1.052,0.0245385,1.052,0.0242094,1.052,0.0100564,1.052,0.00910192
,,1.053,-0.000833208,1.053,0.0394156,1.053,0.0101881,1.053,0.00890443,1.053,0.0101881,1.053,0.0101222,1.053,0.0245715,1.053,0.0240119,1.053,0.0100564,1.053,0.00979311
,,1.054,-0.000813441,1.054,0.0394486,1.054,0.0103197,1.054,0.00946397,1.054,0.0102539,1.054,0.0106818,1.054,0.0245715,1.054,0.0249993,1.054,0.0100564,1.054,0.00962854
,,1.055,-0.000800263,1.055,0.0398764,1.055,0.0104843,1.055,0.00916774,1.055,0.010221,1.055,0.0104514,1.055,0.0245056,1.055,0.0248348,1.055,0.0100235,1.055,0.0092994
,,1.056,-0.000813441,1.056,0.0391523,1.056,0.00969437,1.056,0.00933231,1.056,0.0102868,1.056,0.00985894,1.056,0.0244398,1.056,0.0247031,1.056,0.0100235,1.056,0.009069
,,1.057,-0.000806852,1.057,0.0379345,1.057,0.0097602,1.057,0.00850947,1.057,0.0101552,1.057,0.0104843,1.057,0.0244727,1.057,0.0249006,1.057,0.0100893,1.057,0.00946397
,,1.058,-0.00082003,1.058,0.0394486,1.058,0.0104185,1.058,0.00873986,1.058,0.0101552,1.058,0.0103526,1.058,0.0244727,1.058,0.0242423,1.058,0.0101222,1.058,0.0095298
,,1.059,-0.000813441,1.059,0.0395802,1.059,0.0102868,1.059,0.00900318,1.059,0.010221,1.059,0.010221,1.059,0.0245715,1.059,0.0244727,1.059,0.0100564,1.059,0.00956271
,,1.06,-0.000806852,1.06,0.0392182,1.06,0.0105501,1.06,0.00979311,1.06,0.010221,1.06,0.00972728,1.06,0.0245385,1.06,0.0244398,1.06,0.0100893,1.06,0.00972728
,,1.061,-0.000839797,1.061,0.0399423,1.061,0.0107805,1.061,0.0095298,1.061,0.0103197,1.061,0.0103526,1.061,0.0245385,1.061,0.0248348,1.061,0.0100235,1.061,0.00824615
,,1.062,-0.00082003,1.062,0.0385928,1.062,0.00943106,1.062,0.009069,1.062,0.0102868,1.062,0.010583,1.062,0.0245715,1.062,0.0249664,1.062,0.0100235,1.062,0.00949688
,,1.063,-0.00082003,1.063,0.0390865,1.063,0.00956271,1.063,0.00873986,1.063,0.010221,1.063,0.0108134,1.063,0.0245385,1.063,0.025131,1.063,0.0100235,1.063,0.00949688
,,1.064,-0.000806852,1.064,0.039646,1.064,0.0107805,1.064,0.00916774,1.064,0.0101552,1.064,0.00999059,1.064,0.0245385,1.064,0.0242423,1.064,0.00999059,1.064,0.00949688
,,1.065,-0.000813441,1.065,0.0396789,1.065,0.010616,1.065,0.00926649,1.065,0.0101552,1.065,0.00969437,1.065,0.0245056,1.065,0.0234853,1.065,0.00999059,1.065,0.00867404
,,1.066,-0.00082003,1.066,0.0401727,1.066,0.0102539,1.066,0.00926649,1.066,0.00999059,1.066,0.0100893,1.066,0.0244727,1.066,0.0244069,1.066,0.00995768,1.066,0.00870695
,,1.067,-0.00082003,1.067,0.0396789,1.067,0.00900318,1.067,0.00903609,1.067,0.0100893,1.067,0.0100235,1.067,0.0245715,1.067,0.0251639,1.067,0.00989185,1.067,0.00943106
,,1.068,-0.00082003,1.068,0.0385928,1.068,0.00962854,1.068,0.00857529,1.068,0.0101222,1.068,0.0102868,1.068,0.0245715,1.068,0.0252297,1.068,0.00992477,1.068,0.0092994
,,1.069,-0.00082003,1.069,0.0388561,1.069,0.00985894,1.069,0.00923357,1.069,0.0101552,1.069,0.010616,1.069,0.0246044,1.069,0.0241107,1.069,0.00992477,1.069,0.00985894
,,1.07,-0.00082003,1.07,0.0392511,1.07,0.0104843,1.07,0.00910192,1.07,0.0102539,1.07,0.00999059,1.07,0.0247031,1.07,0.0244398,1.07,0.00992477,1.07,0.00982602
,,1.071,-0.000833208,1.071,0.0397119,1.071,0.0107476,1.071,0.00936523,1.071,0.0103197,1.071,0.0097602,1.071,0.0246373,1.071,0.0244398,1.071,0.00992477,1.071,0.00864112
,,1.072,-0.000826619,1.072,0.0401727,1.072,0.0097602,1.072,0.00897026,1.072,0.0102868,1.072,0.0105172,1.072,0.0245385,1.072,0.024736,1.072,0.00989185,1.072,0.00864112
,,1.073,-0.000813441,1.073,0.0385599,1.073,0.00956271,1.073,0.00893735,1.073,0.0102868,1.073,0.0107476,1.073,0.0244069,1.073,0.0248019,1.073,0.00992477,1.073,0.00913483
,,1.074,-0.000806852,1.074,0.0388232,1.074,0.00995768,1.074,0.00897026,1.074,0.0101881,1.074,0.0102539,1.074,0.0245056,1.074,0.0253943,1.074,0.0100235,1.074,0.00946397
,,1.075,-0.00082003,1.075,0.0393169,1.075,0.010583,1.075,0.00933231,1.075,0.0102539,1.075,0.0104185,1.075,0.0245715,1.075,0.0241765,1.075,0.00992477,1.075,0.00959563
,,1.076,-0.000806852,1.076,0.0394486,1.076,0.0102539,1.076,0.00923357,1.076,0.0102539,1.076,0.0101222,1.076,0.0246044,1.076,0.0245385,1.076,0.00999059,1.076,0.00824615
,,1.077,-0.000793674,1.077,0.0400081,1.077,0.00883861,1.077,0.00864112,1.077,0.0103197,1.077,0.0101552,1.077,0.0246373,1.077,0.0245385,1.077,0.00999059,1.077,0.00943106
,,1.078,-0.000813441,1.078,0.0402056,1.078,0.00982602,1.078,0.00893735,1.078,0.0103197,1.078,0.0101881,1.078,0.0246044,1.078,0.0248348,1.078,0.00999059,1.078,0.00920066
,,1.079,-0.000813441,1.079,0.0383624,1.079,0.0105172,1.079,0.00933231,1.079,0.0103526,1.079,0.0107147,1.079,0.0246702,1.079,0.0250323,1.079,0.00992477,1.079,0.00982602
,,1.08,-0.000833208,1.08,0.0396131,1.08,0.0104843,1.08,0.00939814,1.08,0.0102539,1.08,0.0104843,1.08,0.024736,1.08,0.025131,1.08,0.00989185,1.08,0.00903609
,,1.081,-0.000833208,1.081,0.0400081,1.081,0.0108793,1.081,0.00913483,1.081,0.0102539,1.081,0.0105501,1.081,0.0246702,1.081,0.0242094,1.081,0.00995768,1.081,0.0092994
,,1.082,-0.000800263,1.082,0.0400739,1.082,0.00910192,1.082,0.00890443,1.082,0.0101552,1.082,0.0101552,1.082,0.0246044,1.082,0.0241765,1.082,0.00989185,1.082,0.00959563
,,1.083,-0.00082003,1.083,0.0386915,1.083,0.0100235,1.083,0.00870695,1.083,0.0101222,1.083,0.00989185,1.083,0.0246373,1.083,0.0251968,1.083,0.00985894,1.083,0.00956271
,,1.084,-0.000806852,1.084,0.0385928,1.084,0.0104185,1.084,0.00893735,1.084,0.010221,1.084,0.010583,1.084,0.0247689,1.084,0.0250981,1.084,0.00979311,1.084,0.00916774
,,1.085,-0.000813441,1.085,0.0390536,1.085,0.010616,1.085,0.00920066,1.085,0.0102868,1.085,0.0101222,1.085,0.0247689,1.085,0.0252627,1.085,0.00982602,1.085,0.009069
,,1.086,-0.000826619,1.086,0.0395802,1.086,0.0103197,1.086,0.00949688,1.086,0.0103526,1.086,0.0102868,1.086,0.0248019,1.086,0.0253285,1.086,0.00979311,1.086,0.00962854
,,1.087,-0.000793674,1.087,0.0398435,1.087,0.00982602,1.087,0.00962854,1.087,0.0102868,1.087,0.00939814,1.087,0.0248348,1.087,0.0241107,1.087,0.00982602,1.087,0.00982602
,,1.088,-0.000826619,1.088,0.0383295,1.088,0.00910192,1.088,0.00923357,1.088,0.0102539,1.088,0.0101552,1.088,0.0248348,1.088,0.0243411,1.088,0.00972728,1.088,0.00883861
,,1.089,-0.000806852,1.089,0.0389219,1.089,0.0103526,1.089,0.00903609,1.089,0.0103526,1.089,0.0104185,1.089,0.0246702,1.089,0.0248019,1.089,0.00979311,1.089,0.00943106
,,1.09,-0.000833208,1.09,0.0392511,1.09,0.0104185,1.09,0.0095298,1.09,0.0103197,1.09,0.010616,1.09,0.0246373,1.09,0.0253285,1.09,0.00985894,1.09,0.00972728
,,1.091,-0.000833208,1.091,0.0395473,1.091,0.0102539,1.091,0.00936523,1.091,0.010221,1.091,0.0106818,1.091,0.0247031,1.091,0.0248677,1.091,0.00989185,1.091,0.00959563
,,1.092,-0.000826619,1.092,0.0398435,1.092,0.00936523,1.092,0.00946397,1.092,0.010221,1.092,0.0102539,1.092,0.0247031,1.092,0.0254272,1.092,0.00992477,1.092,0.00873986
,,1.093,-0.000826619,1.093,0.0396131,1.093,0.00966145,1.093,0.00956271,1.093,0.010221,1.093,0.00962854,1.093,0.0247689,1.093,0.0250981,1.093,0.00989185,1.093,0.00936523
,,1.094,-0.000826619,1.094,0.0383295,1.094,0.0103856,1.094,0.00900318,1.094,0.0103526,1.094,0.0104185,1.094,0.0247689,1.094,0.0240778,1.094,0.00982602,1.094,0.00926649
,,1.095,-0.000833208,1.095,0.0389548,1.095,0.010583,1.095,0.00910192,1.095,0.0102868,1.095,0.0104514,1.095,0.0247689,1.095,0.0248677,1.095,0.00985894,1.095,0.00903609
,,1.096,-0.000839797,1.096,0.0395144,1.096,0.0107476,1.096,0.00933231,1.096,0.010221,1.096,0.0102539,1.096,0.0248348,1.096,0.0253614,1.096,0.00979311,1.096,0.009069
,,1.097,-0.000833208,1.097,0.0398764,1.097,0.00949688,1.097,0.00926649,1.097,0.0101222,1.097,0.010221,1.097,0.0249006,1.097,0.025131,1.097,0.00982602,1.097,0.00966145
,,1.098,-0.000826619,1.098,0.0401068,1.098,0.0101881,1.098,0.00913483,1.098,0.0101881,1.098,0.0101881,1.098,0.0248677,1.098,0.0250323,1.098,0.00982602,1.098,0.00936523
,,1.099,-0.000813441,1.099,0.038527,1.099,0.0104514,1.099,0.0083449,1.099,0.0100893,1.099,0.00913483,1.099,0.0248019,1.099,0.0250652,1.099,0.00979311,1.099,0.00920066
,,1.1,-0.000806852,1.1,0.0392511,1.1,0.0103526,1.1,0.00897026,1.1,0.0101881,1.1,0.0101222,1.1,0.0248019,1.1,0.0242752,1.1,0.00979311,1.1,0.00926649
,,1.101,-0.000813441,1.101,0.0397777,1.101,0.00979311,1.101,0.00916774,1.101,0.010221,1.101,0.0104843,1.101,0.0248677,1.101,0.0245385,1.101,0.00979311,1.101,0.00956271
,,1.102,-0.000826619,1.102,0.0397119,1.102,0.00969437,1.102,0.00969437,1.102,0.0102868,1.102,0.0103197,1.102,0.0249006,1.102,0.0249335,1.102,0.00979311,1.102,0.00949688
,,1.103,-0.000813441,1.103,0.038132,1.103,0.0100564,1.103,0.00969437,1.103,0.0102539,1.103,0.0107147,1.103,0.0249335,1.103,0.025131,1.103,0.0097602,1.103,0.00897026
,,1.104,-0.00082003,1.104,0.0390207,1.104,0.0102868,1.104,0.00962854,1.104,0.0101881,1.104,0.010583,1.104,0.0249335,1.104,0.0252297,1.104,0.0097602,1.104,0.00923357
,,1.105,-0.000806852,1.105,0.0395473,1.105,0.0107147,1.105,0.00873986,1.105,0.0103197,1.105,0.00995768,1.105,0.0248348,1.105,0.0250652,1.105,0.0097602,1.105,0.00926649
,,1.106,-0.000813441,1.106,0.0395802,1.106,0.00979311,1.106,0.00877278,1.106,0.0102868,1.106,0.0100235,1.106,0.0247689,1.106,0.0245056,1.106,0.0097602,1.106,0.00962854
,,1.107,-0.00082003,1.107,0.0400081,1.107,0.0095298,1.107,0.00883861,1.107,0.0101222,1.107,0.0103526,1.107,0.024736,1.107,0.0242423,1.107,0.00979311,1.107,0.00910192
,,1.108,-0.000813441,1.108,0.0381978,1.108,0.00972728,1.108,0.00923357,1.108,0.0102539,1.108,0.0103197,1.108,0.0247689,1.108,0.0246702,1.108,0.00985894,1.108,0.00962854
,,1.109,-0.00082003,1.109,0.0390536,1.109,0.00969437,1.109,0.009069,1.109,0.0101881,1.109,0.0106818,1.109,0.0248019,1.109,0.0249006,1.109,0.00985894,1.109,0.00992477
,,1.11,-0.000826619,1.11,0.0392511,1.11,0.00969437,1.11,0.00933231,1.11,0.0102868,1.11,0.0110438,1.11,0.0248348,1.11,0.0251639,1.11,0.00972728,1.11,0.00949688
,,1.111,-0.00082003,1.111,0.0394486,1.111,0.00893735,1.111,0.00844364,1.111,0.0102539,1.111,0.00985894,1.111,0.0248348,1.111,0.0254272,1.111,0.00982602,1.111,0.00873986
,,1.112,-0.00082003,1.112,0.0401397,1.112,0.00933231,1.112,0.00913483,1.112,0.0103197,1.112,0.0095298,1.112,0.0247689,1.112,0.0256576,1.112,0.0097602,1.112,0.00943106
,,1.113,-0.000813441,1.113,0.0379674,1.113,0.0100235,1.113,0.00926649,1.113,0.0101881,1.113,0.0101881,1.113,0.0248677,1.113,0.0240778,1.113,0.0097602,1.113,0.00979311
,,1.114,-0.00082003,1.114,0.0392511,1.114,0.00999059,1.114,0.0095298,1.114,0.010221,1.114,0.0103526,1.114,0.0248348,1.114,0.0248677,1.114,0.00969437,1.114,0.0095298
,,1.115,-0.000833208,1.115,0.0397448,1.115,0.00910192,1.115,0.00926649,1.115,0.0101552,1.115,0.0105172,1.115,0.0248019,1.115,0.024736,1.115,0.00966145,1.115,0.00903609
,,1.116,-0.000846386,1.116,0.0399752,1.116,0.00962854,1.116,0.00949688,1.116,0.0100893,1.116,0.0103197,1.116,0.0248348,1.116,0.0250323,1.116,0.00969437,1.116,0.00949688
,,1.117,-0.000826619,1.117,0.040041,1.117,0.00999059,1.117,0.009069,1.117,0.0102539,1.117,0.00946397,1.117,0.0248677,1.117,0.0249993,1.117,0.00969437,1.117,0.0095298
,,1.118,-0.000839797,1.118,0.0378029,1.118,0.0101552,1.118,0.009069,1.118,0.0101552,1.118,0.0097602,1.118,0.0248348,1.118,0.0244398,1.118,0.00969437,1.118,0.0095298
,,1.119,-0.000826619,1.119,0.0388561,1.119,0.00903609,1.119,0.00920066,1.119,0.010221,1.119,0.0097602,1.119,0.0249006,1.119,0.0241765,1.119,0.00966145,1.119,0.00850947
,,1.12,-0.000846386,1.12,0.0395473,1.12,0.0100235,1.12,0.00933231,1.12,0.0102539,1.12,0.010583,1.12,0.0249335,1.12,0.0250652,1.12,0.00972728,1.12,0.0095298
,,1.121,-0.000839797,1.121,0.0397448,1.121,0.0101222,1.121,0.00989185,1.121,0.0103526,1.121,0.0107805,1.121,0.0249335,1.121,0.0251639,1.121,0.00966145,1.121,0.00949688
,,1.122,-0.00082003,1.122,0.0384282,1.122,0.00999059,1.122,0.00903609,1.122,0.0104185,1.122,0.0109122,1.122,0.0248348,1.122,0.0249993,1.122,0.00966145,1.122,0.00979311
,,1.123,-0.000852975,1.123,0.0390865,1.123,0.00926649,1.123,0.00841072,1.123,0.0103197,1.123,0.00972728,1.123,0.0248019,1.123,0.0250323,1.123,0.00972728,1.123,0.00883861
,,1.124,-0.000813441,1.124,0.0397119,1.124,0.0100564,1.124,0.009069,1.124,0.0101222,1.124,0.00992477,1.124,0.0247689,1.124,0.0256905,1.124,0.0097602,1.124,0.00962854
,,1.125,-0.000833208,1.125,0.0394815,1.125,0.00992477,1.125,0.0092994,1.125,0.0100893,1.125,0.0101552,1.125,0.0248348,1.125,0.0243411,1.125,0.00972728,1.125,0.00962854
,,1.126,-0.000846386,1.126,0.0387903,1.126,0.00920066,1.126,0.00923357,1.126,0.0102868,1.126,0.0104514,1.126,0.0249335,1.126,0.0250652,1.126,0.00969437,1.126,0.0095298
,,1.127,-0.000813441,1.127,0.0393169,1.127,0.00949688,1.127,0.00916774,1.127,0.0103856,1.127,0.0106489,1.127,0.0249335,1.127,0.0249006,1.127,0.0097602,1.127,0.00880569
,,1.128,-0.000813441,1.128,0.0399423,1.128,0.0104514,1.128,0.00890443,1.128,0.0102868,1.128,0.010616,1.128,0.0249664,1.128,0.0254272,1.128,0.00969437,1.128,0.00959563
,,1.129,-0.000826619,1.129,0.0399752,1.129,0.00989185,1.129,0.00837781,1.129,0.0103526,1.129,0.0107476,1.129,0.0249335,1.129,0.0249006,1.129,0.0097602,1.129,0.00959563
,,1.13,-0.000800263,1.13,0.0389548,1.13,0.0095298,1.13,0.00926649,1.13,0.0103197,1.13,0.00989185,1.13,0.0249664,1.13,0.0255918,1.13,0.0097602,1.13,0.00926649
,,1.131,-0.000806852,1.131,0.0395473,1.131,0.00969437,1.131,0.00933231,1.131,0.0105172,1.131,0.0104514,1.131,0.0249335,1.131,0.0242094,1.131,0.00966145,1.131,0.00857529
,,1.132,-0.000806852,1.132,0.0399093,1.132,0.00989185,1.132,0.00910192,1.132,0.0104843,1.132,0.0110768,1.132,0.0249006,1.132,0.0246702,1.132,0.00962854,1.132,0.00900318
,,1.133,-0.00082003,1.133,0.0401068,1.133,0.00926649,1.133,0.0092994,1.133,0.0107476,1.133,0.0109122,1.133,0.0248677,1.133,0.0254272,1.133,0.00959563,1.133,0.00995768
,,1.134,-0.000839797,1.134,0.0390207,1.134,0.00936523,1.134,0.00880569,1.134,0.0110109,1.134,0.011373,1.134,0.0249335,1.134,0.0255589,1.134,0.00966145,1.134,0.00959563
,,1.135,-0.000839797,1.135,0.0395802,1.135,0.00966145,1.135,0.00920066,1.135,0.0112742,1.135,0.0119325,1.135,0.0250323,1.135,0.0255918,1.135,0.00962854,1.135,0.00824615
,,1.136,-0.000806852,1.136,0.0398106,1.136,0.00972728,1.136,0.00943106,1.136,0.0115375,1.136,0.0110109,1.136,0.0250652,1.136,0.0256905,1.136,0.00966145,1.136,0.00916774
,,1.137,-0.000826619,1.137,0.0389878,1.137,0.00873986,1.137,0.0095298,1.137,0.0118338,1.137,0.0111755,1.137,0.0250652,1.137,0.0244069,1.137,0.00962854,1.137,0.0101222
,,1.138,-0.000833208,1.138,0.0393498,1.138,0.00939814,1.138,0.0097602,1.138,0.0121958,1.138,0.0121629,1.138,0.0249993,1.138,0.0246373,1.138,0.00959563,1.138,0.00992477
,,1.139,-0.000826619,1.139,0.0395802,1.139,0.00985894,1.139,0.00883861,1.139,0.012525,1.139,0.012887,1.139,0.0249335,1.139,0.0248348,1.139,0.00966145,1.139,0.00962854
,,1.14,-0.000839797,1.14,0.0401727,1.14,0.00992477,1.14,0.00880569,1.14,0.0129528,1.14,0.0135453,1.14,0.0248677,1.14,0.0249664,1.14,0.00966145,1.14,0.00768662
,,1.141,-0.00082003,1.141,0.0385599,1.141,0.00920066,1.141,0.009069,1.141,0.0130516,1.141,0.0132491,1.141,0.0248677,1.141,0.0254272,1.141,0.00969437,1.141,0.00900318
,,1.142,-0.00082003,1.142,0.0397448,1.142,0.00946397,1.142,0.00903609,1.142,0.0134466,1.142,0.0132491,1.142,0.0249335,1.142,0.0257564,1.142,0.00969437,1.142,0.00946397
,,1.143,-0.000826619,1.143,0.0395144,1.143,0.00995768,1.143,0.00903609,1.143,0.0138086,1.143,0.0137428,1.143,0.0249335,1.143,0.0243411,1.143,0.00966145,1.143,0.00982602
,,1.144,-0.000826619,1.144,0.0401727,1.144,0.00900318,1.144,0.00923357,1.144,0.0141377,1.144,0.0139403,1.144,0.0249664,1.144,0.0244727,1.144,0.00966145,1.144,0.00985894
,,1.145,-0.000839797,1.145,0.0389548,1.145,0.00943106,1.145,0.00883861,1.145,0.014434,1.145,0.0145656,1.145,0.0249664,1.145,0.0250323,1.145,0.00969437,1.145,0.00956271
,,1.146,-0.000826619,1.146,0.0398764,1.146,0.0103197,1.146,0.00887152,1.146,0.0146315,1.146,0.0151581,1.146,0.0249335,1.146,0.0249664,1.146,0.00966145,1.146,0.00860821
,,1.147,-0.000813441,1.147,0.0395802,1.147,0.00962854,1.147,0.00933231,1.147,0.0148289,1.147,0.0152897,1.147,0.0249664,1.147,0.0249993,1.147,0.0097602,1.147,0.00893735
,,1.148,-0.000813441,1.148,0.0383295,1.148,0.00897026,1.148,0.00946397,1.148,0.0151252,1.148,0.0146644,1.148,0.0249335,1.148,0.0254272,1.148,0.00969437,1.148,0.00933231
,,1.149,-0.000813441,1.149,0.0395144,1.149,0.00936523,1.149,0.00913483,1.149,0.0152568,1.149,0.0148619,1.149,0.0249664,1.149,0.0251968,1.149,0.00956271,1.149,0.00956271
,,1.15,-0.00082003,1.15,0.0398764,1.15,0.0097602,1.15,0.0095298,1.15,0.0155201,1.15,0.0156189,1.15,0.0249664,1.15,0.0239132,1.15,0.00962854,1.15,0.00992477
,,1.151,-0.000813441,1.151,0.0393498,1.151,0.00903609,1.151,0.00841072,1.151,0.0158493,1.151,0.0162442,1.151,0.0249993,1.151,0.0252627,1.151,0.0095298,1.151,0.00910192
,,1.152,-0.000813441,1.152,0.0387574,1.152,0.00933231,1.152,0.00883861,1.152,0.0160797,1.152,0.0165076,1.152,0.0249993,1.152,0.0253285,1.152,0.00959563,1.152,0.00883861
,,1.153,-0.000800263,1.153,0.039284,1.153,0.00972728,1.153,0.00910192,1.153,0.0163759,1.153,0.0168367,1.153,0.0250323,1.153,0.0250652,1.153,0.00959563,1.153,0.009069
,,1.154,-0.000813441,1.154,0.0398764,1.154,0.0100235,1.154,0.0095298,1.154,0.0166063,1.154,0.0162113,1.154,0.0250652,1.154,0.0252956,1.154,0.00956271,1.154,0.00943106
,,1.155,-0.000806852,1.155,0.0398435,1.155,0.00916774,1.155,0.00939814,1.155,0.0168367,1.155,0.016343,1.155,0.0249664,1.155,0.0253285,1.155,0.00959563,1.155,0.00956271
,,1.156,-0.00082003,1.156,0.0387903,1.156,0.00949688,1.156,0.00824615,1.156,0.0170342,1.156,0.0170671,1.156,0.0249335,1.156,0.0245385,1.156,0.00966145,1.156,0.00926649
,,1.157,-0.000813441,1.157,0.0393169,1.157,0.00962854,1.157,0.00897026,1.157,0.0171,1.157,0.0171658,1.157,0.0248348,1.157,0.0241765,1.157,0.00966145,1.157,0.0092994
,,1.158,-0.000780496,1.158,0.0402056,1.158,0.00979311,1.158,0.00890443,1.158,0.0172646,1.158,0.0173304,1.158,0.0248677,1.158,0.0249993,1.158,0.00969437,1.158,0.00883861
,,1.159,-0.000813441,1.159,0.0394486,1.159,0.00857529,1.159,0.00920066,1.159,0.0174621,1.159,0.0177912,1.159,0.0249335,1.159,0.0253943,1.159,0.00962854,1.159,0.009069
,,1.16,-0.000833208,1.16,0.0389878,1.16,0.00999059,1.16,0.00946397,1.16,0.0176266,1.16,0.0177912,1.16,0.0249006,1.16,0.0255589,1.16,0.00959563,1.16,0.00897026
,,1.161,-0.00082003,1.161,0.0396131,1.161,0.00989185,1.161,0.00949688,1.161,0.0179887,1.161,0.0177912,1.161,0.0250323,1.161,0.0253285,1.161,0.00959563,1.161,0.00972728
,,1.162,-0.000833208,1.162,0.0400081,1.162,0.00887152,1.162,0.00870695,1.162,0.0180216,1.162,0.0180216,1.162,0.0249664,1.162,0.0246702,1.162,0.00962854,1.162,0.00966145
,,1.163,-0.000813441,1.163,0.0384611,1.163,0.00923357,1.163,0.00854238,1.163,0.0182191,1.163,0.0182849,1.163,0.0250323,1.163,0.0245056,1.163,0.00962854,1.163,0.00827907
,,1.164,-0.000813441,1.164,0.0391194,1.164,0.00989185,1.164,0.00943106,1.164,0.0181532,1.164,0.0183836,1.164,0.0249664,1.164,0.0248019,1.164,0.00956271,1.164,0.00926649
,,1.165,-0.00082003,1.165,0.0401068,1.165,0.00972728,1.165,0.00936523,1.165,0.0184166,1.165,0.0187457,1.165,0.0249664,1.165,0.0250652,1.165,0.00956271,1.165,0.00936523
,,1.166,-0.00082003,1.166,0.0398435,1.166,0.00870695,1.166,0.00943106,1.166,0.0184166,1.166,0.0189103,1.166,0.0249006,1.166,0.0252627,1.166,0.0095298,1.166,0.00943106
,,1.167,-0.000826619,1.167,0.0390865,1.167,0.00946397,1.167,0.00913483,1.167,0.0185811,1.167,0.017495,1.167,0.0250323,1.167,0.0254272,1.167,0.00956271,1.167,0.00995768
,,1.168,-0.00082003,1.168,0.0394156,1.168,0.0101552,1.168,0.00857529,1.168,0.0188444,1.168,0.0184166,1.168,0.0250981,1.168,0.0256576,1.168,0.00959563,1.168,0.00926649
,,1.169,-0.000833208,1.169,0.0393498,1.169,0.00936523,1.169,0.00870695,1.169,0.0189761,1.169,0.0191407,1.169,0.025131,1.169,0.024374,1.169,0.00956271,1.169,0.00870695
,,1.17,-0.00082003,1.17,0.039284,1.17,0.00926649,1.17,0.00903609,1.17,0.0190748,1.17,0.0197002,1.17,0.0250981,1.17,0.0244727,1.17,0.00949688,1.17,0.0097602
,,1.171,-0.00082003,1.171,0.0391523,1.171,0.00969437,1.171,0.00913483,1.171,0.0192065,1.171,0.0195356,1.171,0.0250981,1.171,0.0253614,1.171,0.00959563,1.171,0.00939814
,,1.172,-0.00082003,1.172,0.0398106,1.172,0.00962854,1.172,0.0092994,1.172,0.0193381,1.172,0.0196673,1.172,0.0250323,1.172,0.0250652,1.172,0.0095298,1.172,0.00913483
,,1.173,-0.000813441,1.173,0.0395144,1.173,0.00887152,1.173,0.00933231,1.173,0.0195027,1.173,0.0188115,1.173,0.0249006,1.173,0.0254272,1.173,0.00959563,1.173,0.00946397
,,1.174,-0.00082003,1.174,0.0383624,1.174,0.00936523,1.174,0.00827907,1.174,0.0195356,1.174,0.0193052,1.174,0.0249335,1.174,0.0251968,1.174,0.00959563,1.174,0.0097602
,,1.175,-0.000800263,1.175,0.0395473,1.175,0.00936523,1.175,0.00893735,1.175,0.0195027,1.175,0.019404,1.175,0.0250323,1.175,0.0236499,1.175,0.00962854,1.175,0.00877278
,,1.176,-0.000806852,1.176,0.0395473,1.176,0.0097602,1.176,0.00913483,1.176,0.019766,1.176,0.0199306,1.176,0.0250323,1.176,0.0245715,1.176,0.00962854,1.176,0.00900318
,,1.177,-0.000826619,1.177,0.0397119,1.177,0.00841072,1.177,0.00956271,1.177,0.0200623,1.177,0.0203585,1.177,0.0250981,1.177,0.0252297,1.177,0.00956271,1.177,0.00946397
,,1.178,-0.000839797,1.178,0.038889,1.178,0.009069,1.178,0.00910192,1.178,0.0200293,1.178,0.0203585,1.178,0.0250981,1.178,0.0253943,1.178,0.00962854,1.178,0.00956271
,,1.179,-0.000826619,1.179,0.0397448,1.179,0.00962854,1.179,0.00883861,1.179,0.0200952,1.179,0.0195356,1.179,0.0250981,1.179,0.0254931,1.179,0.00959563,1.179,0.00910192
,,1.18,-0.000833208,1.18,0.0397448,1.18,0.00966145,1.18,0.00923357,1.18,0.0201281,1.18,0.0200952,1.18,0.0250652,1.18,0.0242094,1.18,0.00959563,1.18,0.00949688
,,1.181,-0.000813441,1.181,0.0396131,1.181,0.00982602,1.181,0.00916774,1.181,0.0201939,1.181,0.0200293,1.181,0.0250981,1.181,0.0252297,1.181,0.00959563,1.181,0.0095298
,,1.182,-0.000813441,1.182,0.0396131,1.182,0.0092994,1.182,0.00943106,1.182,0.0201281,1.182,0.0199306,1.182,0.0250323,1.182,0.0251968,1.182,0.0095298,1.182,0.00900318
,,1.183,-0.000826619,1.183,0.0396131,1.183,0.009069,1.183,0.00890443,1.183,0.0202268,1.183,0.0206876,1.183,0.0250323,1.183,0.0255589,1.183,0.00949688,1.183,0.00913483
,,1.184,-0.000813441,1.184,0.0394156,1.184,0.00923357,1.184,0.00900318,1.184,0.0204572,1.184,0.0209509,1.184,0.0251639,1.184,0.0256247,1.184,0.00946397,1.184,0.00897026
,,1.185,-0.00082003,1.185,0.0393169,1.185,0.00972728,1.185,0.00926649,1.185,0.0205889,1.185,0.0209509,1.185,0.0251639,1.185,0.0245385,1.185,0.00956271,1.185,0.00972728
,,1.186,-0.000833208,1.186,0.038527,1.186,0.00989185,1.186,0.00943106,1.186,0.0206547,1.186,0.0200293,1.186,0.0251639,1.186,0.0249664,1.186,0.0095298,1.186,0.00962854
,,1.187,-0.00082003,1.187,0.0394815,1.187,0.00979311,1.187,0.00936523,1.187,0.0208193,1.187,0.020556,1.187,0.0252627,1.187,0.0252956,1.187,0.00946397,1.187,0.00873986
,,1.188,-0.000846386,1.188,0.0395802,1.188,0.00880569,1.188,0.00962854,1.188,0.0208522,1.188,0.0211155,1.188,0.0251968,1.188,0.025131,1.188,0.00949688,1.188,0.00880569
,,1.189,-0.000826619,1.189,0.0398435,1.189,0.00962854,1.189,0.00877278,1.189,0.0209838,1.189,0.0212472,1.189,0.0250323,1.189,0.0255918,1.189,0.00956271,1.189,0.00962854
,,1.19,-0.000833208,1.19,0.0402056,1.19,0.0092994,1.19,0.00877278,1.19,0.0208522,1.19,0.0214117,1.19,0.0249993,1.19,0.025526,1.19,0.00956271,1.19,0.00969437
,,1.191,-0.00082003,1.191,0.038527,1.191,0.00956271,1.191,0.00903609,1.191,0.0210826,1.191,0.0212472,1.191,0.0249993,1.191,0.0242094,1.191,0.00959563,1.191,0.00910192
,,1.192,-0.00082003,1.192,0.0382307,1.192,0.00943106,1.192,0.0092994,1.192,0.0208851,1.192,0.0207534,1.192,0.0250652,1.192,0.0249335,1.192,0.00956271,1.192,0.00890443
,,1.193,-0.000839797,1.193,0.0391852,1.193,0.00791702,1.193,0.0092994,1.193,0.0211155,1.193,0.0206218,1.193,0.0250981,1.193,0.0250981,1.193,0.00959563,1.193,0.00933231
,,1.194,-0.000833208,1.194,0.0391194,1.194,0.00949688,1.194,0.00877278,1.194,0.0214117,1.194,0.0216092,1.194,0.0251639,1.194,0.0251968,1.194,0.00956271,1.194,0.0095298
,,1.195,-0.000826619,1.195,0.040041,1.195,0.00959563,1.195,0.00900318,1.195,0.0215434,1.195,0.0211484,1.195,0.025131,1.195,0.0254931,1.195,0.0095298,1.195,0.00867404
,,1.196,-0.000826619,1.196,0.0390536,1.196,0.00969437,1.196,0.00939814,1.196,0.0215105,1.196,0.0217738,1.196,0.025131,1.196,0.0256247,1.196,0.0095298,1.196,0.00936523
,,1.197,-0.000833208,1.197,0.0386257,1.197,0.0095298,1.197,0.00910192,1.197,0.0218725,1.197,0.0214117,1.197,0.0251639,1.197,0.0245385,1.197,0.0095298,1.197,0.00959563
,,1.198,-0.000852975,1.198,0.0398764,1.198,0.00873986,1.198,0.00923357,1.198,0.0219713,1.198,0.021708,1.198,0.025131,1.198,0.0250981,1.198,0.00946397,1.198,0.0101881
,,1.199,-0.000833208,1.199,0.0392511,1.199,0.00867404,1.199,0.00900318,1.199,0.0218725,1.199,0.0217738,1.199,0.0250652,1.199,0.025526,1.199,0.00949688,1.199,0.00903609
,,1.2,-0.000826619,1.2,0.0394815,1.2,0.00943106,1.2,0.00873986,1.2,0.02207,1.2,0.0224979,1.2,0.0251639,1.2,0.0256247,1.2,0.00946397,1.2,0.00939814
,,1.201,-0.00082003,1.201,0.0397777,1.201,0.00923357,1.201,0.00890443,1.201,0.0225637,1.201,0.0224979,1.201,0.0251639,1.201,0.0259209,1.201,0.0095298,1.201,0.00933231
,,1.202,-0.000846386,1.202,0.0379345,1.202,0.00979311,1.202,0.00903609,1.202,0.022465,1.202,0.0230574,1.202,0.0252297,1.202,0.0238474,1.202,0.00946397,1.202,0.00916774
,,1.203,-0.000839797,1.203,0.0383953,1.203,0.00857529,1.203,0.00910192,1.203,0.0228599,1.203,0.0223991,1.203,0.0252956,1.203,0.0250981,1.203,0.00946397,1.203,0.00936523
,,1.204,-0.000839797,1.204,0.0395144,1.204,0.0092994,1.204,0.00887152,1.204,0.0229258,1.204,0.0231891,1.204,0.0252956,1.204,0.0251968,1.204,0.00949688,1.204,0.00946397
,,1.205,-0.000813441,1.205,0.0398106,1.205,0.00959563,1.205,0.00893735,1.205,0.0230245,1.205,0.0229258,1.205,0.0252627,1.205,0.0250981,1.205,0.00946397,1.205,0.00943106
,,1.206,-0.000839797,1.206,0.0398764,1.206,0.00966145,1.206,0.00926649,1.206,0.0232549,1.206,0.0231891,1.206,0.025131,1.206,0.0256247,1.206,0.00949688,1.206,0.00946397
,,1.207,-0.000826619,1.207,0.0390207,1.207,0.00867404,1.207,0.00913483,1.207,0.0229587,1.207,0.0234524,1.207,0.0250652,1.207,0.0242423,1.207,0.00956271,1.207,0.00916774
,,1.208,-0.00082003,1.208,0.0389219,1.208,0.0100564,1.208,0.00933231,1.208,0.0232549,1.208,0.0229587,1.208,0.025131,1.208,0.0255918,1.208,0.0095298,1.208,0.0095298
,,1.209,-0.000813441,1.209,0.0392511,1.209,0.00933231,1.209,0.00860821,1.209,0.0232878,1.209,0.0232878,1.209,0.0251968,1.209,0.0251968,1.209,0.0095298,1.209,0.00933231
,,1.21,-0.000839797,1.21,0.0393498,1.21,0.00916774,1.21,0.00946397,1.21,0.0235182,1.21,0.0233536,1.21,0.0251968,1.21,0.025526,1.21,0.0095298,1.21,0.00867404
,,1.211,-0.000839797,1.211,0.0399752,1.211,0.0092994,1.211,0.00920066,1.211,0.0235511,1.211,0.0241765,1.211,0.0252297,1.211,0.0258551,1.211,0.00959563,1.211,0.00923357
,,1.212,-0.000826619,1.212,0.0386586,1.212,0.00962854,1.212,0.00949688,1.212,0.023584,1.212,0.0236828,1.212,0.0252627,1.212,0.0247689,1.212,0.00956271,1.212,0.00913483
,,1.213,-0.000826619,1.213,0.0396131,1.213,0.00999059,1.213,0.009069,1.213,0.0238144,1.213,0.0244398,1.213,0.0252297,1.213,0.0250981,1.213,0.00949688,1.213,0.00926649
,,1.214,-0.000846386,1.214,0.0396789,1.214,0.00794993,1.214,0.00916774,1.214,0.0237815,1.214,0.0229587,1.214,0.0252297,1.214,0.0253943,1.214,0.0095298,1.214,0.00926649
,,1.215,-0.000839797,1.215,0.0396789,1.215,0.00920066,1.215,0.00926649,1.215,0.0236499,1.215,0.0234524,1.215,0.0251968,1.215,0.0249335,1.215,0.00946397,1.215,0.00890443
,,1.216,-0.000839797,1.216,0.0387903,1.216,0.00966145,1.216,0.00920066,1.216,0.0237486,1.216,0.0242094,1.216,0.0251639,1.216,0.0253614,1.216,0.00943106,1.216,0.00985894
,,1.217,-0.000833208,1.217,0.0390865,1.217,0.00982602,1.217,0.00916774,1.217,0.0239132,1.217,0.0241107,1.217,0.0252956,1.217,0.0254272,1.217,0.00946397,1.217,0.0097602
,,1.218,-0.000826619,1.218,0.0396131,1.218,0.00870695,1.218,0.00985894,1.218,0.0238803,1.218,0.0240448,1.218,0.0253285,1.218,0.0242752,1.218,0.00946397,1.218,0.00808159
,,1.219,-0.000859564,1.219,0.0400081,1.219,0.00926649,1.219,0.00880569,1.219,0.023979,1.219,0.0229916,1.219,0.0253285,1.219,0.0254272,1.219,0.00946397,1.219,0.00916774
,,1.22,-0.000826619,1.22,0.0390865,1.22,0.00949688,1.22,0.0095298,1.22,0.0240448,1.22,0.0237486,1.22,0.0253943,1.22,0.0260855,1.22,0.00946397,1.22,0.0101222
,,1.221,-0.000839797,1.221,0.0397777,1.221,0.00897026,1.221,0.0095298,1.221,0.0241107,1.221,0.0240778,1.221,0.0252627,1.221,0.0257234,1.221,0.00946397,1.221,0.00966145
,,1.222,-0.000800263,1.222,0.040041,1.222,0.00933231,1.222,0.00926649,1.222,0.0242094,1.222,0.0249664,1.222,0.0252297,1.222,0.0242423,1.222,0.00946397,1.222,0.00864112
,,1.223,-0.000839797,1.223,0.0384282,1.223,0.00913483,1.223,0.00897026,1.223,0.0242094,1.223,0.0246373,1.223,0.0251968,1.223,0.0254601,1.223,0.00949688,1.223,0.00923357
,,1.224,-0.000813441,1.224,0.0393169,1.224,0.0100893,1.224,0.00923357,1.224,0.0240778,1.224,0.0231891,1.224,0.0251968,1.224,0.0258551,1.224,0.0095298,1.224,0.00956271
,,1.225,-0.000859564,1.225,0.0396789,1.225,0.00824615,1.225,0.0092994,1.225,0.0241765,1.225,0.0244398,1.225,0.0252956,1.225,0.0259868,1.225,0.00956271,1.225,0.00939814
,,1.226,-0.000846386,1.226,0.0398764,1.226,0.00946397,1.226,0.00867404,1.226,0.0242094,1.226,0.0245056,1.226,0.0253285,1.226,0.0242423,1.226,0.00949688,1.226,0.00887152
,,1.227,-0.000833208,1.227,0.0382966,1.227,0.0100564,1.227,0.00926649,1.227,0.0242752,1.227,0.0248019,1.227,0.0253614,1.227,0.025526,1.227,0.00949688,1.227,0.00870695
,,1.228,-0.000839797,1.228,0.0393827,1.228,0.0101552,1.228,0.0097602,1.228,0.024374,1.228,0.0248019,1.228,0.0253614,1.228,0.0258551,1.228,0.00949688,1.228,0.00939814
,,1.229,-0.000813441,1.229,0.0398106,1.229,0.0095298,1.229,0.00897026,1.229,0.0243411,1.229,0.0234524,1.229,0.0253285,1.229,0.0254601,1.229,0.00949688,1.229,0.00979311
,,1.23,-0.00082003,1.23,0.0401397,1.23,0.0097602,1.23,0.00890443,1.23,0.024374,1.23,0.0235511,1.23,0.0254272,1.23,0.024736,1.23,0.00949688,1.23,0.00913483
,,1.231,-0.000826619,1.231,0.039284,1.231,0.00989185,1.231,0.00923357,1.231,0.0244398,1.231,0.0246702,1.231,0.0253614,1.231,0.0252956,1.231,0.00949688,1.231,0.00920066
,,1.232,-0.000839797,1.232,0.0397777,1.232,0.00883861,1.232,0.00946397,1.232,0.0243411,1.232,0.0247031,1.232,0.0252956,1.232,0.0255589,1.232,0.00946397,1.232,0.00982602
,,1.233,-0.00082003,1.233,0.0400739,1.233,0.00936523,1.233,0.00903609,1.233,0.0242423,1.233,0.0245056,1.233,0.0253285,1.233,0.0254931,1.233,0.00939814,1.233,0.00982602
,,1.234,-0.000846386,1.234,0.0391852,1.234,0.00946397,1.234,0.00890443,1.234,0.0243411,1.234,0.0246373,1.234,0.0253285,1.234,0.0247689,1.234,0.00939814,1.234,0.00946397
,,1.235,-0.000852975,1.235,0.039284,1.235,0.0100564,1.235,0.00936523,1.235,0.0244398,1.235,0.023617,1.235,0.0253943,1.235,0.0254272,1.235,0.00946397,1.235,0.00860821
,,1.236,-0.000839797,1.236,0.039646,1.236,0.0092994,1.236,0.00972728,1.236,0.0244398,1.236,0.0242423,1.236,0.0254272,1.236,0.025888,1.236,0.00949688,1.236,0.00910192
,,1.237,-0.000839797,1.237,0.0399752,1.237,0.00949688,1.237,0.00893735,1.237,0.0245056,1.237,0.0249993,1.237,0.0254272,1.237,0.0257234,1.237,0.00946397,1.237,0.0095298
,,1.238,-0.000826619,1.238,0.0382636,1.238,0.00982602,1.238,0.00949688,1.238,0.0245385,1.238,0.0244727,1.238,0.0253943,1.238,0.0244727,1.238,0.00943106,1.238,0.0101222
,,1.239,-0.00082003,1.239,0.0398764,1.239,0.0101222,1.239,0.00926649,1.239,0.0247031,1.239,0.0242094,1.239,0.0253285,1.239,0.0252297,1.239,0.00943106,1.239,0.00982602
,,1.24,-0.000852975,1.24,0.040041,1.24,0.00943106,1.24,0.00956271,1.24,0.0245715,1.24,0.0246373,1.24,0.0252956,1.24,0.0256247,1.24,0.00946397,1.24,0.0097602
,,1.241,-0.000846386,1.241,0.0402714,1.241,0.00985894,1.241,0.00860821,1.241,0.0245056,1.241,0.0246702,1.241,0.0252627,1.241,0.0257564,1.241,0.00949688,1.241,0.00883861
,,1.242,-0.00082003,1.242,0.0388232,1.242,0.00959563,1.242,0.009069,1.242,0.0245056,1.242,0.0249993,1.242,0.0253285,1.242,0.0249006,1.242,0.00949688,1.242,0.00864112
,,1.243,-0.000833208,1.243,0.0395144,1.243,0.00824615,1.243,0.00923357,1.243,0.0246044,1.243,0.0242752,1.243,0.0253943,1.243,0.025526,1.243,0.0095298,1.243,0.00982602
,,1.244,-0.000833208,1.244,0.0397448,1.244,0.00939814,1.244,0.00900318,1.244,0.0246702,1.244,0.0247031,1.244,0.0254272,1.244,0.0255918,1.244,0.00946397,1.244,0.00936523
,,1.245,-0.000839797,1.245,0.0387903,1.245,0.00962854,1.245,0.00870695,1.245,0.0246702,1.245,0.0247689,1.245,0.0253943,1.245,0.0263488,1.245,0.00949688,1.245,0.00972728
,,1.246,-0.000833208,1.246,0.0399752,1.246,0.00985894,1.246,0.009069,1.246,0.0246702,1.246,0.0251639,1.246,0.0253943,1.246,0.0250981,1.246,0.00949688,1.246,0.0102539
,,1.247,-0.000833208,1.247,0.0399752,1.247,0.00903609,1.247,0.00972728,1.247,0.024736,1.247,0.0237486,1.247,0.0254601,1.247,0.0257234,1.247,0.00949688,1.247,0.00897026
,,1.248,-0.000846386,1.248,0.0399752,1.248,0.0092994,1.248,0.00956271,1.248,0.0246702,1.248,0.0245715,1.248,0.0253943,1.248,0.0253943,1.248,0.00943106,1.248,0.00880569
,,1.249,-0.000833208,1.249,0.038527,1.249,0.0097602,1.249,0.00887152,1.249,0.0245056,1.249,0.0248019,1.249,0.0253285,1.249,0.0260526,1.249,0.00939814,1.249,0.00936523
,,1.25,-0.000833208,1.25,0.0397119,1.25,0.00966145,1.25,0.00916774,1.25,0.0246044,1.25,0.0249664,1.25,0.0254272,1.25,0.0252956,1.25,0.00943106,1.25,0.00949688
,,1.251,-0.000839797,1.251,0.0394156,1.251,0.00923357,1.251,0.00920066,1.251,0.0246702,1.251,0.0242094,1.251,0.025526,1.251,0.0255918,1.251,0.00943106,1.251,0.00913483
,,1.252,-0.000852975,1.252,0.0397777,1.252,0.00972728,1.252,0.00841072,1.252,0.0247689,1.252,0.0249006,1.252,0.0254601,1.252,0.0260526,1.252,0.00943106,1.252,0.00989185
,,1.253,-0.000833208,1.253,0.0389219,1.253,0.0100893,1.253,0.00956271,1.253,0.0247031,1.253,0.0248348,1.253,0.025526,1.253,0.0258551,1.253,0.00946397,1.253,0.00897026
,,1.254,-0.000826619,1.254,0.0399752,1.254,0.00916774,1.254,0.00926649,1.254,0.0247689,1.254,0.0249993,1.254,0.0254931,1.254,0.0252627,1.254,0.00943106,1.254,0.00949688
,,1.255,-0.000839797,1.255,0.040041,1.255,0.0097602,1.255,0.00913483,1.255,0.0249006,1.255,0.0245056,1.255,0.0254272,1.255,0.0252297,1.255,0.00939814,1.255,0.00939814
,,1.256,-0.000852975,1.256,0.0390536,1.256,0.00999059,1.256,0.00873986,1.256,0.0248348,1.256,0.0251639,1.256,0.0253285,1.256,0.0254931,1.256,0.00946397,1.256,0.00982602
,,1.257,-0.000833208,1.257,0.0392182,1.257,0.00989185,1.257,0.00920066,1.257,0.0246702,1.257,0.0250323,1.257,0.0252297,1.257,0.0256247,1.257,0.00946397,1.257,0.00985894
,,1.258,-0.00082003,1.258,0.0401068,1.258,0.00897026,1.258,0.00910192,1.258,0.0248019,1.258,0.0249664,1.258,0.0252956,1.258,0.0251968,1.258,0.0095298,1.258,0.00887152
,,1.259,-0.000839797,1.259,0.0400081,1.259,0.00936523,1.259,0.00939814,1.259,0.0248348,1.259,0.0248348,1.259,0.0253614,1.259,0.0256247,1.259,0.00946397,1.259,0.00864112
,,1.26,-0.000839797,1.26,0.0387244,1.26,0.00956271,1.26,0.00933231,1.26,0.0248677,1.26,0.0253285,1.26,0.0253614,1.26,0.0255918,1.26,0.00949688,1.26,0.00943106
,,1.261,-0.000826619,1.261,0.0396789,1.261,0.010583,1.261,0.00956271,1.261,0.0249006,1.261,0.0253285,1.261,0.0253943,1.261,0.0253943,1.261,0.00949688,1.261,0.00962854
,,1.262,-0.000859564,1.262,0.0397119,1.262,0.00910192,1.262,0.00985894,1.262,0.0248348,1.262,0.0252956,1.262,0.0253943,1.262,0.0250323,1.262,0.00946397,1.262,0.00962854
,,1.263,-0.000826619,1.263,0.0393169,1.263,0.00992477,1.263,0.00890443,1.263,0.0248677,1.263,0.0246373,1.263,0.0254601,1.263,0.025888,1.263,0.00946397,1.263,0.00857529
,,1.264,-0.000852975,1.264,0.0391194,1.264,0.00959563,1.264,0.00887152,1.264,0.0247689,1.264,0.0247689,1.264,0.0254272,1.264,0.0253943,1.264,0.00946397,1.264,0.00900318
,,1.265,-0.000833208,1.265,0.0394486,1.265,0.00850947,1.265,0.00897026,1.265,0.0248019,1.265,0.0250323,1.265,0.0254272,1.265,0.0252956,1.265,0.00946397,1.265,0.0095298
,,1.266,-0.000839797,1.266,0.0398435,1.266,0.00969437,1.266,0.00910192,1.266,0.0248019,1.266,0.0250652,1.266,0.0253285,1.266,0.0246044,1.266,0.00936523,1.266,0.00956271
,,1.267,-0.000839797,1.267,0.0383624,1.267,0.00969437,1.267,0.00877278,1.267,0.0248019,1.267,0.024374,1.267,0.0254272,1.267,0.0256576,1.267,0.00939814,1.267,0.00956271
,,1.268,-0.000846386,1.268,0.0399423,1.268,0.0102539,1.268,0.00900318,1.268,0.0248677,1.268,0.0250652,1.268,0.025526,1.268,0.0254601,1.268,0.00939814,1.268,0.00949688
,,1.269,-0.000826619,1.269,0.0398106,1.269,0.00893735,1.269,0.00916774,1.269,0.0248348,1.269,0.0254601,1.269,0.0254931,1.269,0.0257893,1.269,0.00936523,1.269,0.00850947
,,1.27,-0.000839797,1.27,0.0401727,1.27,0.0097602,1.27,0.00946397,1.27,0.0249664,1.27,0.0249664,1.27,0.0254601,1.27,0.0251968,1.27,0.00943106,1.27,0.00870695
,,1.271,-0.000852975,1.271,0.0389548,1.271,0.0101881,1.271,0.00887152,1.271,0.0249335,1.271,0.0246044,1.271,0.0254601,1.271,0.0254272,1.271,0.00939814,1.271,0.00926649
,,1.272,-0.000839797,1.272,0.0397777,1.272,0.00926649,1.272,0.00943106,1.272,0.0249993,1.272,0.0249993,1.272,0.0253943,1.272,0.0260855,1.272,0.00933231,1.272,0.00959563
,,1.273,-0.000833208,1.273,0.0398435,1.273,0.00926649,1.273,0.00943106,1.273,0.0249993,1.273,0.0251968,1.273,0.0253285,1.273,0.0255589,1.273,0.00943106,1.273,0.00992477
,,1.274,-0.000846386,1.274,0.0384611,1.274,0.00962854,1.274,0.00920066,1.274,0.0248677,1.274,0.0248348,1.274,0.0252627,1.274,0.0248019,1.274,0.00946397,1.274,0.00982602
,,1.275,-0.000852975,1.275,0.0391523,1.275,0.00982602,1.275,0.00900318,1.275,0.0249006,1.275,0.024374,1.275,0.0253614,1.275,0.0257234,1.275,0.00949688,1.275,0.00887152
,,1.276,-0.000846386,1.276,0.0401068,1.276,0.00992477,1.276,0.00923357,1.276,0.0249993,1.276,0.0249993,1.276,0.0253943,1.276,0.0259538,1.276,0.00946397,1.276,0.00841072
,,1.277,-0.000846386,1.277,0.0398106,1.277,0.00808159,1.277,0.00923357,1.277,0.0250652,1.277,0.0257564,1.277,0.0254272,1.277,0.025131,1.277,0.00949688,1.277,0.00920066
,,1.278,-0.000846386,1.278,0.0388561,1.278,0.00949688,1.278,0.00897026,1.278,0.0251968,1.278,0.0243082,1.278,0.0254272,1.278,0.0246702,1.278,0.00943106,1.278,0.0092994
,,1.279,-0.000826619,1.279,0.0389878,1.279,0.0095298,1.279,0.00880569,1.279,0.025131,1.279,0.0248348,1.279,0.0254272,1.279,0.0259209,1.279,0.00946397,1.279,0.00979311
,,1.28,-0.000839797,1.28,0.0399752,1.28,0.0101222,1.28,0.00946397,1.28,0.0250981,1.28,0.0250323,1.28,0.025526,1.28,0.0257234,1.28,0.00943106,1.28,0.0102539
,,1.281,-0.000839797,1.281,0.0399752,1.281,0.00962854,1.281,0.0095298,1.281,0.0250652,1.281,0.0253943,1.281,0.0254601,1.281,0.0248019,1.281,0.00936523,1.281,0.00992477
,,1.282,-0.000852975,1.282,0.0396789,1.282,0.00867404,1.282,0.00864112,1.282,0.0249993,1.282,0.0245715,1.282,0.0253614,1.282,0.024736,1.282,0.00939814,1.282,0.00873986
,,1.283,-0.000839797,1.283,0.0384282,1.283,0.00903609,1.283,0.00880569,1.283,0.0249335,1.283,0.0250323,1.283,0.0253943,1.283,0.0254931,1.283,0.00936523,1.283,0.0095298
,,1.284,-0.000833208,1.284,0.0392511,1.284,0.009069,1.284,0.00883861,1.284,0.0250652,1.284,0.0253614,1.284,0.0254272,1.284,0.0254272,1.284,0.00933231,1.284,0.00926649
,,1.285,-0.000813441,1.285,0.0391852,1.285,0.00962854,1.285,0.00923357,1.285,0.0250323,1.285,0.0254931,1.285,0.0254272,1.285,0.025888,1.285,0.00939814,1.285,0.00943106
,,1.286,-0.000846386,1.286,0.0395473,1.286,0.0100564,1.286,0.00939814,1.286,0.0251968,1.286,0.0239461,1.286,0.0254601,1.286,0.0259868,1.286,0.00936523,1.286,0.00933231
,,1.287,-0.000852975,1.287,0.0394156,1.287,0.00870695,1.287,0.00883861,1.287,0.0250981,1.287,0.0244398,1.287,0.025526,1.287,0.0261513,1.287,0.00936523,1.287,0.00956271
,,1.288,-0.000852975,1.288,0.038527,1.288,0.00877278,1.288,0.00870695,1.288,0.025131,1.288,0.025131,1.288,0.0254601,1.288,0.0245715,1.288,0.00936523,1.288,0.00847655
,,1.289,-0.00082003,1.289,0.0382636,1.289,0.00903609,1.289,0.00943106,1.289,0.0252297,1.289,0.0252297,1.289,0.0252956,1.289,0.0252627,1.289,0.00943106,1.289,0.00916774
,,1.29,-0.000826619,1.29,0.0393498,1.29,0.00939814,1.29,0.00946397,1.29,0.0252297,1.29,0.0244727,1.29,0.0252297,1.29,0.0250981,1.29,0.00939814,1.29,0.00910192
,,1.291,-0.000852975,1.291,0.0392182,1.291,0.00982602,1.291,0.00936523,1.291,0.0250323,1.291,0.0251639,1.291,0.0252956,1.291,0.0256905,1.291,0.00949688,1.291,0.00949688
,,1.292,-0.000846386,1.292,0.0399752,1.292,0.0101552,1.292,0.00880569,1.292,0.0249993,1.292,0.0253943,1.292,0.0253614,1.292,0.0260526,1.292,0.00946397,1.292,0.0095298
,,1.293,-0.000852975,1.293,0.0397777,1.293,0.0083449,1.293,0.00854238,1.293,0.0250981,1.293,0.0253943,1.293,0.0254272,1.293,0.0249993,1.293,0.00946397,1.293,0.00992477
,,1.294,-0.000833208,1.294,0.0384282,1.294,0.009069,1.294,0.00903609,1.294,0.0252627,1.294,0.024736,1.294,0.0253943,1.294,0.0250323,1.294,0.00946397,1.294,0.00801576
,,1.295,-0.000852975,1.295,0.038889,1.295,0.00936523,1.295,0.0095298,1.295,0.025131,1.295,0.024736,1.295,0.0253943,1.295,0.0253285,1.295,0.00946397,1.295,0.00920066
,,1.296,-0.000852975,1.296,0.0393498,1.296,0.0108464,1.296,0.00943106,1.296,0.0251639,1.296,0.0256905,1.296,0.0254601,1.296,0.0256905,1.296,0.00946397,1.296,0.00913483
,,1.297,-0.000839797,1.297,0.0398435,1.297,0.00824615,1.297,0.00949688,1.297,0.0250652,1.297,0.025526,1.297,0.0254601,1.297,0.0257234,1.297,0.00946397,1.297,0.00933231
,,1.298,-0.000852975,1.298,0.0404689,1.298,0.00923357,1.298,0.00897026,1.298,0.025131,1.298,0.0243082,1.298,0.0254272,1.298,0.0259209,1.298,0.00943106,1.298,0.00956271
,,1.299,-0.000852975,1.299,0.0393169,1.299,0.00949688,1.299,0.00923357,1.299,0.0248677,1.299,0.0246373,1.299,0.0253943,1.299,0.0256576,1.299,0.00936523,1.299,0.00985894
,,1.3,-0.000846386,1.3,0.0391523,1.3,0.00946397,1.3,0.00893735,1.3,0.0249006,1.3,0.0253285,1.3,0.0253943,1.3,0.0249006,1.3,0.00939814,1.3,0.00864112
,,1.301,-0.000852975,1.301,0.0393827,1.301,0.00926649,1.301,0.00943106,1.301,0.0250652,1.301,0.0253285,1.301,0.0254931,1.301,0.0249006,1.301,0.00933231,1.301,0.00900318
,,1.302,-0.000833208,1.302,0.040041,1.302,0.00844364,1.302,0.00949688,1.302,0.0250652,1.302,0.0254931,1.302,0.0254601,1.302,0.0256905,1.302,0.00939814,1.302,0.009069
,,1.303,-0.000846386,1.303,0.0391523,1.303,0.00850947,1.303,0.00959563,1.303,0.0250981,1.303,0.0257893,1.303,0.025526,1.303,0.0259538,1.303,0.00936523,1.303,0.00916774
,,1.304,-0.000826619,1.304,0.0382966,1.304,0.00916774,1.304,0.00883861,1.304,0.0250652,1.304,0.0245056,1.304,0.0254601,1.304,0.0259868,1.304,0.00939814,1.304,0.00966145
,,1.305,-0.000852975,1.305,0.0393827,1.305,0.00959563,1.305,0.00916774,1.305,0.0251968,1.305,0.0250323,1.305,0.0254601,1.305,0.0250981,1.305,0.00939814,1.305,0.0100235
,,1.306,-0.000826619,1.306,0.0399423,1.306,0.00946397,1.306,0.00923357,1.306,0.0251968,1.306,0.0253285,1.306,0.0253285,1.306,0.0245056,1.306,0.00946397,1.306,0.00880569
,,1.307,-0.000852975,1.307,0.0400081,1.307,0.00887152,1.307,0.00943106,1.307,0.0250323,1.307,0.0252297,1.307,0.0252956,1.307,0.0249006,1.307,0.00943106,1.307,0.00910192
,,1.308,-0.000839797,1.308,0.0393827,1.308,0.00844364,1.308,0.00916774,1.308,0.0250981,1.308,0.0253943,1.308,0.0253614,1.308,0.0254601,1.308,0.00946397,1.308,0.00900318
,,1.309,-0.000833208,1.309,0.0387244,1.309,0.00877278,1.309,0.00880569,1.309,0.0251639,1.309,0.0254931,1.309,0.0254601,1.309,0.0258222,1.309,0.00946397,1.309,0.00936523
,,1.31,-0.000839797,1.31,0.039284,1.31,0.00949688,1.31,0.00873986,1.31,0.0251968,1.31,0.0244398,1.31,0.0254601,1.31,0.0248677,1.31,0.00939814,1.31,0.00936523
,,1.311,-0.000833208,1.311,0.0389878,1.311,0.00949688,1.311,0.00926649,1.311,0.0252956,1.311,0.0253285,1.311,0.0254272,1.311,0.0254272,1.311,0.00946397,1.311,0.00969437
,,1.312,-0.000846386,1.312,0.0399423,1.312,0.00933231,1.312,0.00959563,1.312,0.0252627,1.312,0.0254601,1.312,0.0254931,1.312,0.0255918,1.312,0.00943106,1.312,0.00966145
,,1.313,-0.000846386,1.313,0.0397119,1.313,0.0081145,1.313,0.00926649,1.313,0.0252627,1.313,0.0253614,1.313,0.025526,1.313,0.0265134,1.313,0.00943106,1.313,0.00883861
,,1.314,-0.000839797,1.314,0.0385599,1.314,0.00877278,1.314,0.0095298,1.314,0.0252627,1.314,0.0254272,1.314,0.0254272,1.314,0.0249664,1.314,0.00943106,1.314,0.00966145
,,1.315,-0.000826619,1.315,0.0396131,1.315,0.00936523,1.315,0.00920066,1.315,0.0250981,1.315,0.0249993,1.315,0.0253943,1.315,0.0251639,1.315,0.00936523,1.315,0.00962854
,,1.316,-0.000826619,1.316,0.0394815,1.316,0.00903609,1.316,0.00936523,1.316,0.0249993,1.316,0.0238803,1.316,0.0254272,1.316,0.0257564,1.316,0.00933231,1.316,0.0101552
,,1.317,-0.000833208,1.317,0.0396131,1.317,0.00939814,1.317,0.00844364,1.317,0.0249993,1.317,0.025131,1.317,0.0254931,1.317,0.0258551,1.317,0.00933231,1.317,0.00969437
,,1.318,-0.000839797,1.318,0.0398435,1.318,0.00824615,1.318,0.009069,1.318,0.025131,1.318,0.0253943,1.318,0.0255589,1.318,0.0252627,1.318,0.00936523,1.318,0.0097602
,,1.319,-0.000846386,1.319,0.0378358,1.319,0.00860821,1.319,0.00936523,1.319,0.0253614,1.319,0.0255589,1.319,0.0255589,1.319,0.0255589,1.319,0.00936523,1.319,0.00880569
,,1.32,-0.000846386,1.32,0.0383624,1.32,0.009069,1.32,0.00910192,1.32,0.0252956,1.32,0.0252627,1.32,0.0255918,1.32,0.0257893,1.32,0.00936523,1.32,0.009069
,,1.321,-0.000852975,1.321,0.0394156,1.321,0.00913483,1.321,0.00877278,1.321,0.0253285,1.321,0.0255589,1.321,0.0255918,1.321,0.0260197,1.321,0.00936523,1.321,0.00939814
,,1.322,-0.000846386,1.322,0.0394815,1.322,0.00956271,1.322,0.00962854,1.322,0.0254601,1.322,0.0245385,1.322,0.0254601,1.322,0.0249664,1.322,0.0092994,1.322,0.00989185
,,1.323,-0.000859564,1.323,0.0399423,1.323,0.00943106,1.323,0.00926649,1.323,0.0254931,1.323,0.0254272,1.323,0.0253614,1.323,0.0248348,1.323,0.00936523,1.323,0.00966145
,,1.324,-0.000833208,1.324,0.0391523,1.324,0.00824615,1.324,0.00877278,1.324,0.0254931,1.324,0.0255918,1.324,0.0253614,1.324,0.0255918,1.324,0.00943106,1.324,0.00982602
,,1.325,-0.000839797,1.325,0.0383624,1.325,0.00870695,1.325,0.00870695,1.325,0.0254931,1.325,0.025888,1.325,0.0254272,1.325,0.0260526,1.325,0.00943106,1.325,0.00864112
,,1.326,-0.000826619,1.326,0.0391194,1.326,0.00926649,1.326,0.00926649,1.326,0.0255918,1.326,0.0259538,1.326,0.0254931,1.326,0.0246044,1.326,0.00943106,1.326,0.00867404
,,1.327,-0.000826619,1.327,0.0395144,1.327,0.00916774,1.327,0.00956271,1.327,0.0255918,1.327,0.0254601,1.327,0.0254601,1.327,0.0253943,1.327,0.00943106,1.327,0.00943106
,,1.328,-0.000852975,1.328,0.0398106,1.328,0.00913483,1.328,0.00873986,1.328,0.0256247,1.328,0.0254272,1.328,0.0254601,1.328,0.0258222,1.328,0.00946397,1.328,0.00946397
,,1.329,-0.000826619,1.329,0.0399752,1.329,0.00778536,1.329,0.00913483,1.329,0.025526,1.329,0.0258222,1.329,0.025526,1.329,0.0259209,1.329,0.00936523,1.329,0.00962854
,,1.33,-0.000846386,1.33,0.0380991,1.33,0.0083449,1.33,0.00949688,1.33,0.0254601,1.33,0.025888,1.33,0.0255589,1.33,0.024736,1.33,0.00943106,1.33,0.0100564
,,1.331,-0.000839797,1.331,0.0389219,1.331,0.009069,1.331,0.0095298,1.331,0.0254601,1.331,0.0246373,1.331,0.0254931,1.331,0.0249335,1.331,0.00946397,1.331,0.00959563
,,1.332,-0.000846386,1.332,0.0393827,1.332,0.00926649,1.332,0.00897026,1.332,0.0253614,1.332,0.0255589,1.332,0.0254931,1.332,0.0256247,1.332,0.00933231,1.332,0.00883861
,,1.333,-0.000826619,1.333,0.0398106,1.333,0.00903609,1.333,0.00936523,1.333,0.0253614,1.333,0.0258222,1.333,0.025526,1.333,0.0260855,1.333,0.00933231,1.333,0.00933231
,,1.334,-0.000846386,1.334,0.0400081,1.334,0.00949688,1.334,0.00883861,1.334,0.0255918,1.334,0.0261184,1.334,0.0255589,1.334,0.0252627,1.334,0.00936523,1.334,0.0095298
,,1.335,-0.000839797,1.335,0.0385599,1.335,0.00837781,1.335,0.00939814,1.335,0.0254931,1.335,0.025131,1.335,0.0255589,1.335,0.0256247,1.335,0.00933231,1.335,0.00913483
,,1.336,-0.000859564,1.336,0.0382966,1.336,0.00860821,1.336,0.00903609,1.336,0.0256247,1.336,0.025526,1.336,0.0255918,1.336,0.0255589,1.336,0.00936523,1.336,0.0097602
,,1.337,-0.000852975,1.337,0.0393498,1.337,0.00923357,1.337,0.00897026,1.337,0.025526,1.337,0.0260197,1.337,0.0255918,1.337,0.0259868,1.337,0.00933231,1.337,0.00962854
,,1.338,-0.000839797,1.338,0.0398435,1.338,0.0092994,1.338,0.00946397,1.338,0.0256247,1.338,0.0254601,1.338,0.025526,1.338,0.0250652,1.338,0.00936523,1.338,0.00867404
,,1.339,-0.000833208,1.339,0.0395473,1.339,0.0092994,1.339,0.00933231,1.339,0.025526,1.339,0.0253285,1.339,0.0254272,1.339,0.025526,1.339,0.00939814,1.339,0.00949688
,,1.34,-0.000833208,1.34,0.0399423,1.34,0.00854238,1.34,0.00910192,1.34,0.025526,1.34,0.0256576,1.34,0.0253614,1.34,0.0255918,1.34,0.00939814,1.34,0.00923357
,,1.341,-0.000833208,1.341,0.0385928,1.341,0.00880569,1.341,0.00897026,1.341,0.0254601,1.341,0.0259209,1.341,0.0253614,1.341,0.0261513,1.341,0.00943106,1.341,0.00969437
,,1.342,-0.000852975,1.342,0.0387903,1.342,0.00893735,1.342,0.00880569,1.342,0.0254272,1.342,0.024736,1.342,0.0254601,1.342,0.0255918,1.342,0.00939814,1.342,0.00946397
,,1.343,-0.000833208,1.343,0.0389548,1.343,0.00887152,1.343,0.00903609,1.343,0.0256576,1.343,0.025131,1.343,0.025526,1.343,0.025526,1.343,0.00939814,1.343,0.00989185
,,1.344,-0.000833208,1.344,0.0395144,1.344,0.00926649,1.344,0.00900318,1.344,0.0255918,1.344,0.0255918,1.344,0.025526,1.344,0.0258551,1.344,0.00939814,1.344,0.00867404
,,1.345,-0.000839797,1.345,0.0396789,1.345,0.00913483,1.345,0.00933231,1.345,0.0255589,1.345,0.0260855,1.345,0.0254931,1.345,0.0257893,1.345,0.00939814,1.345,0.00926649
,,1.346,-0.000866153,1.346,0.0401068,1.346,0.00748913,1.346,0.0092994,1.346,0.0257234,1.346,0.0251968,1.346,0.025526,1.346,0.0252297,1.346,0.00943106,1.346,0.00956271
,,1.347,-0.000839797,1.347,0.0382966,1.347,0.00841072,1.347,0.00880569,1.347,0.0254931,1.347,0.0252297,1.347,0.0254931,1.347,0.025526,1.347,0.00939814,1.347,0.00959563
,,1.348,-0.000852975,1.348,0.0394486,1.348,0.00890443,1.348,0.00860821,1.348,0.025526,1.348,0.0256247,1.348,0.0254272,1.348,0.0256576,1.348,0.00936523,1.348,0.0100235
,,1.349,-0.000846386,1.349,0.0393169,1.349,0.00916774,1.349,0.009069,1.349,0.0253614,1.349,0.0256247,1.349,0.0254601,1.349,0.0257893,1.349,0.00933231,1.349,0.00972728
,,1.35,-0.000852975,1.35,0.0400081,1.35,0.00913483,1.35,0.00943106,1.35,0.0253943,1.35,0.025131,1.35,0.0254931,1.35,0.0253943,1.35,0.00926649,1.35,0.00883861
,,1.351,-0.000833208,1.351,0.0398435,1.351,0.0083449,1.351,0.00900318,1.351,0.0256576,1.351,0.0255918,1.351,0.0255918,1.351,0.0257564,1.351,0.00936523,1.351,0.00903609
,,1.352,-0.000859564,1.352,0.0388232,1.352,0.0081145,1.352,0.00903609,1.352,0.0256905,1.352,0.0257234,1.352,0.0256247,1.352,0.0260526,1.352,0.00933231,1.352,0.00923357
,,1.353,-0.000833208,1.353,0.0385928,1.353,0.00864112,1.353,0.00926649,1.353,0.0255918,1.353,0.0261842,1.353,0.0255918,1.353,0.0259868,1.353,0.00933231,1.353,0.00946397
,,1.354,-0.000846386,1.354,0.0390207,1.354,0.00920066,1.354,0.00893735,1.354,0.0256247,1.354,0.0247031,1.354,0.0256247,1.354,0.0248019,1.354,0.0092994,1.354,0.00933231
,,1.355,-0.000839797,1.355,0.0400739,1.355,0.00923357,1.355,0.00920066,1.355,0.0257234,1.355,0.0253285,1.355,0.0255589,1.355,0.0254272,1.355,0.00936523,1.355,0.00985894
,,1.356,-0.000839797,1.356,0.0401068,1.356,0.00949688,1.356,0.00933231,1.356,0.0256247,1.356,0.025888,1.356,0.0253943,1.356,0.0254272,1.356,0.0092994,1.356,0.0092994
,,1.357,-0.000846386,1.357,0.0397448,1.357,0.00748913,1.357,0.00949688,1.357,0.0255918,1.357,0.0261184,1.357,0.0253943,1.357,0.025888,1.357,0.00943106,1.357,0.00864112
,,1.358,-0.000833208,1.358,0.0386586,1.358,0.00893735,1.358,0.00860821,1.358,0.0255589,1.358,0.0249335,1.358,0.0254272,1.358,0.0250652,1.358,0.00946397,1.358,0.00897026
,,1.359,-0.000826619,1.359,0.0385599,1.359,0.00890443,1.359,0.00880569,1.359,0.0256247,1.359,0.0256905,1.359,0.025526,1.359,0.0255918,1.359,0.00939814,1.359,0.00956271
,,1.36,-0.000833208,1.36,0.0389878,1.36,0.00903609,1.36,0.00900318,1.36,0.0257564,1.36,0.0262172,1.36,0.0254931,1.36,0.025526,1.36,0.00946397,1.36,0.0097602
,,1.361,-0.000813441,1.361,0.0397448,1.361,0.00943106,1.361,0.00926649,1.361,0.0257234,1.361,0.0256905,1.361,0.025526,1.361,0.0260197,1.361,0.00939814,1.361,0.00982602
,,1.362,-0.000866153,1.362,0.0399423,1.362,0.00841072,1.362,0.00897026,1.362,0.0256905,1.362,0.0255589,1.362,0.0254931,1.362,0.0246373,1.362,0.00943106,1.362,0.0100564
,,1.363,-0.000846386,1.363,0.0397119,1.363,0.00854238,1.363,0.00916774,1.363,0.0256247,1.363,0.0253943,1.363,0.025526,1.363,0.0258551,1.363,0.00939814,1.363,0.00910192
,,1.364,-0.000859564,1.364,0.0381978,1.364,0.00883861,1.364,0.00949688,1.364,0.0256576,1.364,0.0259868,1.364,0.0255918,1.364,0.0256247,1.364,0.00939814,1.364,0.0092994
,,1.365,-0.000826619,1.365,0.0391852,1.365,0.00923357,1.365,0.00923357,1.365,0.0256576,1.365,0.0259868,1.365,0.0254931,1.365,0.0255589,1.365,0.00933231,1.365,0.00966145
,,1.366,-0.000839797,1.366,0.0393498,1.366,0.00920066,1.366,0.00883861,1.366,0.025526,1.366,0.025131,1.366,0.0254931,1.366,0.025131,1.366,0.00933231,1.366,0.00982602
,,1.367,-0.000846386,1.367,0.0401397,1.367,0.00923357,1.367,0.00920066,1.367,0.0255589,1.367,0.0259538,1.367,0.0254931,1.367,0.0253285,1.367,0.0092994,1.367,0.00946397
,,1.368,-0.000846386,1.368,0.0394815,1.368,0.0076537,1.368,0.00956271,1.368,0.0257893,1.368,0.0261842,1.368,0.0255918,1.368,0.0261184,1.368,0.00936523,1.368,0.00827907
,,1.369,-0.000839797,1.369,0.0380333,1.369,0.00903609,1.369,0.00893735,1.369,0.0257234,1.369,0.0262501,1.369,0.0255589,1.369,0.0262172,1.369,0.00936523,1.369,0.00900318
,,1.37,-0.000839797,1.37,0.0383624,1.37,0.00910192,1.37,0.00897026,1.37,0.0257234,1.37,0.0249993,1.37,0.0256247,1.37,0.0246373,1.37,0.00933231,1.37,0.00972728
,,1.371,-0.000859564,1.371,0.0393498,1.371,0.00916774,1.371,0.00933231,1.371,0.0258551,1.371,0.0260526,1.371,0.0255589,1.371,0.0252956,1.371,0.0092994,1.371,0.00992477
,,1.372,-0.000859564,1.372,0.0397448,1.372,0.00910192,1.372,0.00926649,1.372,0.025888,1.372,0.0260855,1.372,0.025526,1.372,0.0250981,1.372,0.0092994,1.372,0.0097602
,,1.373,-0.000852975,1.373,0.0395473,1.373,0.00841072,1.373,0.00873986,1.373,0.0258551,1.373,0.0261842,1.373,0.0254272,1.373,0.0257893,1.373,0.00936523,1.373,0.00923357
,,1.374,-0.000859564,1.374,0.0397448,1.374,0.00824615,1.374,0.00923357,1.374,0.0256576,1.374,0.0251968,1.374,0.0253614,1.374,0.0246702,1.374,0.00939814,1.374,0.00916774
,,1.375,-0.000839797,1.375,0.0388232,1.375,0.00841072,1.375,0.00939814,1.375,0.0257234,1.375,0.0258551,1.375,0.0254931,1.375,0.025131,1.375,0.00939814,1.375,0.00926649
,,1.376,-0.000846386,1.376,0.0388561,1.376,0.00890443,1.376,0.00926649,1.376,0.0257564,1.376,0.0257564,1.376,0.0254601,1.376,0.0259868,1.376,0.00936523,1.376,0.00969437
,,1.377,-0.000839797,1.377,0.0396131,1.377,0.00897026,1.377,0.00916774,1.377,0.025888,1.377,0.0261184,1.377,0.0254931,1.377,0.0256247,1.377,0.00936523,1.377,0.00959563
,,1.378,-0.000852975,1.378,0.0396789,1.378,0.00966145,1.378,0.00916774,1.378,0.025888,1.378,0.0254601,1.378,0.0254601,1.378,0.025131,1.378,0.00933231,1.378,0.00969437
,,1.379,-0.000846386,1.379,0.0397777,1.379,0.00808159,1.379,0.00946397,1.379,0.025888,1.379,0.0261513,1.379,0.025526,1.379,0.0256576,1.379,0.00939814,1.379,0.00831198
,,1.38,-0.000846386,1.38,0.0394156,1.38,0.00847655,1.38,0.00870695,1.38,0.0258551,1.38,0.0260197,1.38,0.025526,1.38,0.0257564,1.38,0.00936523,1.38,0.00903609
,,1.381,-0.000833208,1.381,0.0388232,1.381,0.00893735,1.381,0.00903609,1.381,0.025888,1.381,0.0263488,1.381,0.0254601,1.381,0.0257893,1.381,0.00933231,1.381,0.00939814
,,1.382,-0.000852975,1.382,0.0393827,1.382,0.00903609,1.382,0.00897026,1.382,0.0257564,1.382,0.0254601,1.382,0.0254272,1.382,0.0257893,1.382,0.00933231,1.382,0.00962854
,,1.383,-0.000846386,1.383,0.0397777,1.383,0.00926649,1.383,0.00936523,1.383,0.0257564,1.383,0.0263488,1.383,0.0254601,1.383,0.0256576,1.383,0.00926649,1.383,0.00949688
,,1.384,-0.000833208,1.384,0.0396789,1.384,0.00887152,1.384,0.009069,1.384,0.0257893,1.384,0.0259868,1.384,0.0254931,1.384,0.0254601,1.384,0.00933231,1.384,0.00864112
,,1.385,-0.000859564,1.385,0.039284,1.385,0.00801576,1.385,0.009069,1.385,0.0259209,1.385,0.0257234,1.385,0.0255589,1.385,0.0258222,1.385,0.0092994,1.385,0.00883861
,,1.386,-0.000839797,1.386,0.0382966,1.386,0.00867404,1.386,0.00897026,1.386,0.0258551,1.386,0.0253943,1.386,0.0255918,1.386,0.0259868,1.386,0.00936523,1.386,0.00966145
,,1.387,-0.00082003,1.387,0.0385928,1.387,0.00873986,1.387,0.00916774,1.387,0.025888,1.387,0.0256576,1.387,0.025526,1.387,0.0259209,1.387,0.00933231,1.387,0.00943106
,,1.388,-0.000839797,1.388,0.0390865,1.388,0.009069,1.388,0.00933231,1.388,0.0258222,1.388,0.0260197,1.388,0.0254931,1.388,0.0259868,1.388,0.00933231,1.388,0.0097602
,,1.389,-0.000852975,1.389,0.0397777,1.389,0.00926649,1.389,0.00946397,1.389,0.0259538,1.389,0.0254931,1.389,0.0253943,1.389,0.0251968,1.389,0.00933231,1.389,0.00949688
,,1.39,-0.000846386,1.39,0.0393498,1.39,0.00791702,1.39,0.00933231,1.39,0.0259209,1.39,0.0257564,1.39,0.0252956,1.39,0.0250323,1.39,0.00936523,1.39,0.00880569
,,1.391,-0.000846386,1.391,0.0398764,1.391,0.00864112,1.391,0.00857529,1.391,0.0257893,1.391,0.0260855,1.391,0.0253285,1.391,0.0252297,1.391,0.00939814,1.391,0.00910192
,,1.392,-0.000833208,1.392,0.0378029,1.392,0.00923357,1.392,0.00913483,1.392,0.0257893,1.392,0.0263159,1.392,0.0254272,1.392,0.0254601,1.392,0.00936523,1.392,0.00956271
,,1.393,-0.000839797,1.393,0.0390207,1.393,0.00864112,1.393,0.00916774,1.393,0.0259209,1.393,0.0252956,1.393,0.0254601,1.393,0.0256247,1.393,0.00939814,1.393,0.0095298
,,1.394,-0.000833208,1.394,0.0390536,1.394,0.00939814,1.394,0.00939814,1.394,0.0259538,1.394,0.0263817,1.394,0.0254272,1.394,0.0259868,1.394,0.00939814,1.394,0.00923357
,,1.395,-0.000839797,1.395,0.0396789,1.395,0.0092994,1.395,0.00933231,1.395,0.0259538,1.395,0.026645,1.395,0.0254272,1.395,0.0261842,1.395,0.00936523,1.395,0.00873986
,,1.396,-0.000866153,1.396,0.0395473,1.396,0.00818033,1.396,0.00959563,1.396,0.025888,1.396,0.0262172,1.396,0.0254601,1.396,0.0249664,1.396,0.00939814,1.396,0.00923357
,,1.397,-0.000833208,1.397,0.0394156,1.397,0.00890443,1.397,0.00850947,1.397,0.0258551,1.397,0.0260197,1.397,0.0254931,1.397,0.0252297,1.397,0.00936523,1.397,0.00943106
,,1.398,-0.000846386,1.398,0.038494,1.398,0.00870695,1.398,0.00933231,1.398,0.0257564,1.398,0.0249664,1.398,0.0254601,1.398,0.0253285,1.398,0.00936523,1.398,0.00959563
,,1.399,-0.000872742,1.399,0.0390536,1.399,0.00873986,1.399,0.00913483,1.399,0.0256247,1.399,0.0253285,1.399,0.0253943,1.399,0.0258222,1.399,0.00933231,1.399,0.00972728
,,1.4,-0.000826619,1.4,0.0395144,1.4,0.00926649,1.4,0.0092994,1.4,0.0256247,1.4,0.0257234,1.4,0.025526,1.4,0.0258222,1.4,0.00926649,1.4,0.00887152
,,1.401,-0.000833208,1.401,0.0396131,1.401,0.00739039,1.401,0.00903609,1.401,0.0258222,1.401,0.0262172,1.401,0.0254931,1.401,0.0252297,1.401,0.0092994,1.401,0.00887152
,,1.402,-0.000852975,1.402,0.0396131,1.402,0.0083449,1.402,0.00916774,1.402,0.0258551,1.402,0.0258222,1.402,0.0255918,1.402,0.0246702,1.402,0.00933231,1.402,0.00933231
,,1.403,-0.00082003,1.403,0.0381978,1.403,0.00877278,1.403,0.009069,1.403,0.0257234,1.403,0.0259538,1.403,0.0255918,1.403,0.0257234,1.403,0.00933231,1.403,0.00979311
,,1.404,-0.000852975,1.404,0.0387244,1.404,0.009069,1.404,0.00943106,1.404,0.025888,1.404,0.0253614,1.404,0.0255589,1.404,0.0259538,1.404,0.00936523,1.404,0.00956271
,,1.405,-0.000859564,1.405,0.0390207,1.405,0.00910192,1.405,0.00916774,1.405,0.0259538,1.405,0.0259538,1.405,0.025526,1.405,0.0263817,1.405,0.0092994,1.405,0.00992477
,,1.406,-0.000846386,1.406,0.0399093,1.406,0.00814741,1.406,0.00870695,1.406,0.0259209,1.406,0.0260197,1.406,0.0253285,1.406,0.0249006,1.406,0.00936523,1.406,0.00920066
,,1.407,-0.000826619,1.407,0.0402714,1.407,0.00801576,1.407,0.00847655,1.407,0.0257564,1.407,0.0259209,1.407,0.0253285,1.407,0.0253614,1.407,0.00939814,1.407,0.00962854
,,1.408,-0.000846386,1.408,0.0399752,1.408,0.00923357,1.408,0.00870695,1.408,0.0259209,1.408,0.0260526,1.408,0.0253943,1.408,0.0254601,1.408,0.00939814,1.408,0.00939814
,,1.409,-0.000852975,1.409,0.0380662,1.409,0.009069,1.409,0.00903609,1.409,0.0259209,1.409,0.0257564,1.409,0.0253943,1.409,0.0257234,1.409,0.00936523,1.409,0.00959563
,,1.41,-0.000852975,1.41,0.0392511,1.41,0.00966145,1.41,0.00939814,1.41,0.0259209,1.41,0.0252956,1.41,0.0254601,1.41,0.0262501,1.41,0.00936523,1.41,0.00916774
,,1.411,-0.000846386,1.411,0.0390207,1.411,0.00827907,1.411,0.00933231,1.411,0.0259538,1.411,0.0256247,1.411,0.0254931,1.411,0.0257564,1.411,0.00939814,1.411,0.00933231
,,1.412,-0.000833208,1.412,0.0396789,1.412,0.00873986,1.412,0.00890443,1.412,0.0259868,1.412,0.0260855,1.412,0.0254601,1.412,0.0254601,1.412,0.00939814,1.412,0.00979311
,,1.413,-0.000859564,1.413,0.0387244,1.413,0.00910192,1.413,0.00903609,1.413,0.025888,1.413,0.0261842,1.413,0.025526,1.413,0.0251968,1.413,0.00939814,1.413,0.0100235
,,1.414,-0.000846386,1.414,0.0389548,1.414,0.00900318,1.414,0.00933231,1.414,0.025888,1.414,0.0262172,1.414,0.0254601,1.414,0.0253285,1.414,0.00939814,1.414,0.00903609
,,1.415,-0.000852975,1.415,0.0392511,1.415,0.00920066,1.415,0.00939814,1.415,0.0257893,1.415,0.0262501,1.415,0.0254272,1.415,0.0253614,1.415,0.0092994,1.415,0.0100893
,,1.416,-0.000859564,1.416,0.0393498,1.416,0.00844364,1.416,0.00923357,1.416,0.0257893,1.416,0.0255589,1.416,0.0254272,1.416,0.0261513,1.416,0.0092994,1.416,0.0092994
,,1.417,-0.000846386,1.417,0.0399423,1.417,0.00850947,1.417,0.00870695,1.417,0.0257893,1.417,0.0254931,1.417,0.0254272,1.417,0.0260197,1.417,0.00933231,1.417,0.00824615
,,1.418,-0.000859564,1.418,0.0379674,1.418,0.00893735,1.418,0.00890443,1.418,0.0259868,1.418,0.0263817,1.418,0.0255918,1.418,0.0260526,1.418,0.0092994,1.418,0.00890443
,,1.419,-0.000826619,1.419,0.0387244,1.419,0.009069,1.419,0.00883861,1.419,0.0259538,1.419,0.026678,1.419,0.0255918,1.419,0.0249006,1.419,0.0092994,1.419,0.00969437
,,1.42,-0.000852975,1.42,0.0394486,1.42,0.00933231,1.42,0.00959563,1.42,0.0259538,1.42,0.0254272,1.42,0.025526,1.42,0.0248348,1.42,0.00936523,1.42,0.0095298
,,1.421,-0.000813441,1.421,0.0396789,1.421,0.00867404,1.421,0.00949688,1.421,0.0259868,1.421,0.0261842,1.421,0.025526,1.421,0.0253943,1.421,0.0092994,1.421,0.00923357
,,1.422,-0.000872742,1.422,0.0401727,1.422,0.00781827,1.422,0.00933231,1.422,0.0260526,1.422,0.026283,1.422,0.0254272,1.422,0.0254931,1.422,0.00933231,1.422,0.00939814
,,1.423,-0.000859564,1.423,0.0394156,1.423,0.00867404,1.423,0.00867404,1.423,0.0259209,1.423,0.0265463,1.423,0.0253943,1.423,0.0256576,1.423,0.00933231,1.423,0.00966145
,,1.424,-0.000846386,1.424,0.0383295,1.424,0.009069,1.424,0.00910192,1.424,0.0260855,1.424,0.0267438,1.424,0.0253943,1.424,0.0258222,1.424,0.00943106,1.424,0.00966145
,,1.425,-0.000859564,1.425,0.0393498,1.425,0.00933231,1.425,0.00897026,1.425,0.0257564,1.425,0.025526,1.425,0.0254272,1.425,0.0249335,1.425,0.00939814,1.425,0.00887152
,,1.426,-0.000839797,1.426,0.0394486,1.426,0.00936523,1.426,0.00890443,1.426,0.0260855,1.426,0.025888,1.426,0.0254272,1.426,0.0248019,1.426,0.00939814,1.426,0.00933231
,,1.427,-0.000846386,1.427,0.0397119,1.427,0.00827907,1.427,0.0092994,1.427,0.0260526,1.427,0.0261842,1.427,0.0254931,1.427,0.0252627,1.427,0.00936523,1.427,0.00920066
,,1.428,-0.000859564,1.428,0.0393827,1.428,0.00857529,1.428,0.00946397,1.428,0.0260526,1.428,0.0260855,1.428,0.0254601,1.428,0.0258551,1.428,0.00936523,1.428,0.00969437
,,1.429,-0.000852975,1.429,0.0385928,1.429,0.00887152,1.429,0.00837781,1.429,0.0260197,1.429,0.0264805,1.429,0.0254931,1.429,0.0257564,1.429,0.00936523,1.429,0.00893735
,,1.43,-0.000846386,1.43,0.039284,1.43,0.00920066,1.43,0.00897026,1.43,0.0259868,1.43,0.0257564,1.43,0.0255589,1.43,0.0263817,1.43,0.00936523,1.43,0.00939814
,,1.431,-0.000833208,1.431,0.0399093,1.431,0.00818033,1.431,0.00923357,1.431,0.0259868,1.431,0.0251968,1.431,0.0254272,1.431,0.0260855,1.431,0.00939814,1.431,0.00962854
,,1.432,-0.000852975,1.432,0.0396789,1.432,0.00827907,1.432,0.0095298,1.432,0.0257893,1.432,0.0256247,1.432,0.0253943,1.432,0.0245056,1.432,0.00933231,1.432,0.00959563
,,1.433,-0.000839797,1.433,0.0382966,1.433,0.00870695,1.433,0.00903609,1.433,0.0258222,1.433,0.0263488,1.433,0.0254931,1.433,0.0257564,1.433,0.0092994,1.433,0.00920066
,,1.434,-0.000852975,1.434,0.0387903,1.434,0.00916774,1.434,0.0083449,1.434,0.025888,1.434,0.0261184,1.434,0.0254931,1.434,0.0259209,1.434,0.0092994,1.434,0.00972728
,,1.435,-0.000839797,1.435,0.039646,1.435,0.00923357,1.435,0.00900318,1.435,0.025888,1.435,0.0265134,1.435,0.0255589,1.435,0.0261842,1.435,0.00933231,1.435,0.00946397
,,1.436,-0.000852975,1.436,0.039646,1.436,0.00775245,1.436,0.00936523,1.436,0.0259538,1.436,0.025526,1.436,0.0255589,1.436,0.0257564,1.436,0.0092994,1.436,0.00969437
,,1.437,-0.000846386,1.437,0.0399423,1.437,0.00831198,1.437,0.00946397,1.437,0.0260197,1.437,0.0256905,1.437,0.0255918,1.437,0.0257893,1.437,0.00933231,1.437,0.009069
,,1.438,-0.000872742,1.438,0.0387244,1.438,0.00923357,1.438,0.0095298,1.438,0.0259538,1.438,0.0259868,1.438,0.0254931,1.438,0.0247689,1.438,0.00933231,1.438,0.00943106
,,1.439,-0.000839797,1.439,0.0390865,1.439,0.00867404,1.439,0.00897026,1.439,0.0260197,1.439,0.0263488,1.439,0.0253943,1.439,0.0249335,1.439,0.00933231,1.439,0.0097602
,,1.44,-0.000852975,1.44,0.0395144,1.44,0.00916774,1.44,0.00897026,1.44,0.0259868,1.44,0.0260855,1.44,0.0253285,1.44,0.0253614,1.44,0.00936523,1.44,0.00979311
,,1.441,-0.000826619,1.441,0.0399093,1.441,0.00798284,1.441,0.00883861,1.441,0.0258551,1.441,0.0264805,1.441,0.0253943,1.441,0.0254601,1.441,0.00936523,1.441,0.00920066
,,1.442,-0.000852975,1.442,0.0383295,1.442,0.00841072,1.442,0.00903609,1.442,0.0259209,1.442,0.0264805,1.442,0.0254601,1.442,0.025526,1.442,0.00943106,1.442,0.00966145
,,1.443,-0.000839797,1.443,0.0385599,1.443,0.00933231,1.443,0.00900318,1.443,0.0259538,1.443,0.0251639,1.443,0.0254601,1.443,0.0258551,1.443,0.00939814,1.443,0.00920066
,,1.444,-0.000846386,1.444,0.0392182,1.444,0.00897026,1.444,0.00946397,1.444,0.0260197,1.444,0.0255589,1.444,0.0254601,1.444,0.0250652,1.444,0.00939814,1.444,0.00939814
,,1.445,-0.000833208,1.445,0.0398435,1.445,0.00939814,1.445,0.00910192,1.445,0.0260197,1.445,0.0263159,1.445,0.0254601,1.445,0.0253285,1.445,0.00936523,1.445,0.00893735
,,1.446,-0.000839797,1.446,0.0399423,1.446,0.0078841,1.446,0.00850947,1.446,0.0259538,1.446,0.0263159,1.446,0.0255918,1.446,0.0257564,1.446,0.00943106,1.446,0.00936523
,,1.447,-0.000846386,1.447,0.0393169,1.447,0.00860821,1.447,0.00943106,1.447,0.0259538,1.447,0.0261842,1.447,0.025526,1.447,0.025526,1.447,0.00933231,1.447,0.00949688
,,1.448,-0.000859564,1.448,0.0387574,1.448,0.00926649,1.448,0.00913483,1.448,0.0259538,1.448,0.0265792,1.448,0.0254601,1.448,0.025888,1.448,0.00933231,1.448,0.00992477
,,1.449,-0.000833208,1.449,0.0387244,1.449,0.00926649,1.449,0.00939814,1.449,0.0257234,1.449,0.0250652,1.449,0.0254931,1.449,0.0259868,1.449,0.00933231,1.449,0.00936523
,,1.45,-0.000839797,1.45,0.0397777,1.45,0.00850947,1.45,0.00933231,1.45,0.0258222,1.45,0.0257234,1.45,0.0254601,1.45,0.0257893,1.45,0.0092994,1.45,0.00923357
,,1.451,-0.000852975,1.451,0.0400081,1.451,0.00877278,1.451,0.00913483,1.451,0.0260526,1.451,0.0262501,1.451,0.025526,1.451,0.0250323,1.451,0.00933231,1.451,0.00999059
,,1.452,-0.000852975,1.452,0.0382966,1.452,0.00887152,1.452,0.00883861,1.452,0.0259538,1.452,0.0263488,1.452,0.0255918,1.452,0.0249335,1.452,0.00939814,1.452,0.00877278
,,1.453,-0.000859564,1.453,0.0390536,1.453,0.00854238,1.453,0.00920066,1.453,0.0259209,1.453,0.0265792,1.453,0.0255918,1.453,0.0262172,1.453,0.0092994,1.453,0.00897026
,,1.454,-0.000859564,1.454,0.0398106,1.454,0.00883861,1.454,0.00936523,1.454,0.0259209,1.454,0.0263159,1.454,0.0255918,1.454,0.0258551,1.454,0.00933231,1.454,0.00979311
,,1.455,-0.000839797,1.455,0.0398764,1.455,0.0092994,1.455,0.00933231,1.455,0.0260855,1.455,0.0252297,1.455,0.0254931,1.455,0.0258222,1.455,0.00933231,1.455,0.00989185
,,1.456,-0.000872742,1.456,0.0380333,1.456,0.00943106,1.456,0.0095298,1.456,0.0260526,1.456,0.0254931,1.456,0.0254272,1.456,0.0253285,1.456,0.00933231,1.456,0.00850947
,,1.457,-0.000866153,1.457,0.039646,1.457,0.00841072,1.457,0.00850947,1.457,0.0259538,1.457,0.0262172,1.457,0.0253285,1.457,0.0249664,1.457,0.00939814,1.457,0.00969437
,,1.458,-0.000839797,1.458,0.0399752,1.458,0.00887152,1.458,0.00883861,1.458,0.0258551,1.458,0.0258551,1.458,0.0254931,1.458,0.0249006,1.458,0.00939814,1.458,0.00969437
,,1.459,-0.000833208,1.459,0.0398435,1.459,0.00883861,1.459,0.00877278,1.459,0.0260197,1.459,0.0262172,1.459,0.025526,1.459,0.0255589,1.459,0.00943106,1.459,0.00923357
,,1.46,-0.000846386,1.46,0.0388232,1.46,0.00923357,1.46,0.0092994,1.46,0.0260526,1.46,0.0263159,1.46,0.025526,1.46,0.0257234,1.46,0.00936523,1.46,0.00880569
,,1.461,-0.000839797,1.461,0.0400081,1.461,0.0081145,1.461,0.00936523,1.461,0.0260855,1.461,0.0253943,1.461,0.025526,1.461,0.0260197,1.461,0.0092994,1.461,0.00916774
,,1.462,-0.000852975,1.462,0.0397448,1.462,0.00867404,1.462,0.00989185,1.462,0.0260855,1.462,0.0256905,1.462,0.0254931,1.462,0.0257564,1.462,0.00933231,1.462,0.00982602
,,1.463,-0.000846386,1.463,0.0391523,1.463,0.00939814,1.463,0.00847655,1.463,0.0259868,1.463,0.0257234,1.463,0.0255589,1.463,0.0263817,1.463,0.00939814,1.463,0.0097602
,,1.464,-0.000839797,1.464,0.0391523,1.464,0.00900318,1.464,0.00887152,1.464,0.0259209,1.464,0.0261184,1.464,0.0255918,1.464,0.0245715,1.464,0.00936523,1.464,0.00844364
,,1.465,-0.000839797,1.465,0.0397119,1.465,0.00844364,1.465,0.00933231,1.465,0.0259209,1.465,0.0263159,1.465,0.0254931,1.465,0.0248677,1.465,0.0092994,1.465,0.00933231
,,1.466,-0.000846386,1.466,0.0399423,1.466,0.00920066,1.466,0.0092994,1.466,0.0258551,1.466,0.0260197,1.466,0.0254601,1.466,0.0258222,1.466,0.0092994,1.466,0.00946397
,,1.467,-0.000872742,1.467,0.0383295,1.467,0.00910192,1.467,0.00969437,1.467,0.0258551,1.467,0.0250981,1.467,0.0255589,1.467,0.0256905,1.467,0.0092994,1.467,0.00969437
,,1.468,-0.000839797,1.468,0.0397119,1.468,0.00847655,1.468,0.0092994,1.468,0.0260197,1.468,0.0256576,1.468,0.0255918,1.468,0.0260526,1.468,0.0092994,1.468,0.00841072
,,1.469,-0.000852975,1.469,0.0396131,1.469,0.0083449,1.469,0.00864112,1.469,0.0259868,1.469,0.0251639,1.469,0.0255589,1.469,0.0261842,1.469,0.00936523,1.469,0.00923357
,,1.47,-0.000839797,1.47,0.039646,1.47,0.00870695,1.47,0.00890443,1.47,0.0260197,1.47,0.0260197,1.47,0.0255918,1.47,0.0255918,1.47,0.00923357,1.47,0.00910192
,,1.471,-0.000866153,1.471,0.0391852,1.471,0.00910192,1.471,0.0095298,1.471,0.0259868,1.471,0.0264805,1.471,0.0255918,1.471,0.0249993,1.471,0.0092994,1.471,0.00979311
,,1.472,-0.000846386,1.472,0.0401397,1.472,0.00824615,1.472,0.00933231,1.472,0.0260855,1.472,0.0263159,1.472,0.0255589,1.472,0.0254601,1.472,0.0092994,1.472,0.00920066
,,1.473,-0.000833208,1.473,0.0397777,1.473,0.00910192,1.473,0.00920066,1.473,0.0260526,1.473,0.0260526,1.473,0.0254272,1.473,0.0256905,1.473,0.00936523,1.473,0.00959563
,,1.474,-0.000866153,1.474,0.0391194,1.474,0.00946397,1.474,0.00959563,1.474,0.0259538,1.474,0.0255918,1.474,0.0254272,1.474,0.0258222,1.474,0.00939814,1.474,0.00818033
,,1.475,-0.000852975,1.475,0.0395802,1.475,0.00949688,1.475,0.00900318,1.475,0.0259209,1.475,0.0255918,1.475,0.0254601,1.475,0.0260197,1.475,0.00936523,1.475,0.00910192
,,1.476,-0.000859564,1.476,0.0392511,1.476,0.00821324,1.476,0.00873986,1.476,0.0260197,1.476,0.0260197,1.476,0.0254931,1.476,0.024736,1.476,0.00936523,1.476,0.00936523
,,1.477,-0.000846386,1.477,0.0400739,1.477,0.00893735,1.477,0.00936523,1.477,0.0260855,1.477,0.0262501,1.477,0.0254601,1.477,0.0254931,1.477,0.00933231,1.477,0.00903609
,,1.478,-0.000846386,1.478,0.0385599,1.478,0.00920066,1.478,0.00939814,1.478,0.0260526,1.478,0.0265463,1.478,0.0255589,1.478,0.0254601,1.478,0.00936523,1.478,0.00936523
,,1.479,-0.000852975,1.479,0.039646,1.479,0.00801576,1.479,0.00933231,1.479,0.0260855,1.479,0.0262172,1.479,0.025526,1.479,0.025888,1.479,0.00936523,1.479,0.00959563
,,1.48,-0.000879331,1.48,0.0399093,1.48,0.00893735,1.48,0.00867404,1.48,0.0259538,1.48,0.025131,1.48,0.0255589,1.48,0.0257234,1.48,0.00943106,1.48,0.00887152
,,1.481,-0.000866153,1.481,0.0397777,1.481,0.009069,1.481,0.00897026,1.481,0.0259538,1.481,0.0259538,1.481,0.0255589,1.481,0.0260526,1.481,0.00933231,1.481,0.00887152
,,1.482,-0.000846386,1.482,0.0393498,1.482,0.00966145,1.482,0.00873986,1.482,0.0258551,1.482,0.0261184,1.482,0.025526,1.482,0.0259538,1.482,0.00933231,1.482,0.00900318
,,1.483,-0.000859564,1.483,0.0397777,1.483,0.00844364,1.483,0.00916774,1.483,0.0258222,1.483,0.0262172,1.483,0.0254931,1.483,0.0248019,1.483,0.0092994,1.483,0.00916774
,,1.484,-0.000852975,1.484,0.0398435,1.484,0.00897026,1.484,0.00910192,1.484,0.0258551,1.484,0.0260197,1.484,0.0256247,1.484,0.0256905,1.484,0.00933231,1.484,0.0097602
,,1.485,-0.000846386,1.485,0.0390207,1.485,0.00887152,1.485,0.00903609,1.485,0.0259538,1.485,0.0265134,1.485,0.0255918,1.485,0.0258222,1.485,0.0092994,1.485,0.0092994
,,1.486,-0.000866153,1.486,0.0388561,1.486,0.00916774,1.486,0.00857529,1.486,0.0259538,1.486,0.0253943,1.486,0.0256576,1.486,0.0260197,1.486,0.00926649,1.486,0.00890443
,,1.487,-0.000846386,1.487,0.0393498,1.487,0.0081145,1.487,0.00877278,1.487,0.0260197,1.487,0.0255589,1.487,0.0256247,1.487,0.0260855,1.487,0.00933231,1.487,0.00920066
,,1.488,-0.00088592,1.488,0.0399093,1.488,0.00926649,1.488,0.00903609,1.488,0.0260197,1.488,0.0259209,1.488,0.0255918,1.488,0.0261513,1.488,0.00933231,1.488,0.00949688
,,1.489,-0.000859564,1.489,0.0383624,1.489,0.00880569,1.489,0.00969437,1.489,0.0260855,1.489,0.0259538,1.489,0.0254931,1.489,0.0252297,1.489,0.00926649,1.489,0.00979311
,,1.49,-0.000852975,1.49,0.0392511,1.49,0.00821324,1.49,0.00939814,1.49,0.0261513,1.49,0.0261842,1.49,0.0253614,1.49,0.025131,1.49,0.00939814,1.49,0.00979311
,,1.491,-0.000839797,1.491,0.0398435,1.491,0.00903609,1.491,0.00956271,1.491,0.0259209,1.491,0.0262501,1.491,0.0254272,1.491,0.0257893,1.491,0.00939814,1.491,0.00870695
,,1.492,-0.000866153,1.492,0.0400081,1.492,0.00920066,1.492,0.00867404,1.492,0.0259538,1.492,0.025131,1.492,0.025526,1.492,0.0261184,1.492,0.00943106,1.492,0.00864112
,,1.493,-0.000852975,1.493,0.0388561,1.493,0.00910192,1.493,0.00877278,1.493,0.0259538,1.493,0.0257893,1.493,0.0255918,1.493,0.0262501,1.493,0.00933231,1.493,0.0092994
,,1.494,-0.000839797,1.494,0.0397448,1.494,0.00778536,1.494,0.00936523,1.494,0.0260197,1.494,0.0258551,1.494,0.0255589,1.494,0.0254272,1.494,0.00939814,1.494,0.0095298
,,1.495,-0.000852975,1.495,0.0394815,1.495,0.00873986,1.495,0.00926649,1.495,0.0259868,1.495,0.0263159,1.495,0.025526,1.495,0.0252627,1.495,0.00936523,1.495,0.0095298
,,1.496,-0.000852975,1.496,0.0399423,1.496,0.00910192,1.496,0.00920066,1.496,0.0259538,1.496,0.0262172,1.496,0.0255918,1.496,0.0250981,1.496,0.00939814,1.496,0.00926649
,,1.497,-0.000852975,1.497,0.0391194,1.497,0.00913483,1.497,0.00923357,1.497,0.0259209,1.497,0.0264476,1.497,0.0255918,1.497,0.0253614,1.497,0.00936523,1.497,0.00926649
,,1.498,-0.000859564,1.498,0.0396131,1.498,0.00897026,1.498,0.00880569,1.498,0.0259868,1.498,0.0254931,1.498,0.0255589,1.498,0.0256247,1.498,0.00936523,1.498,0.00969437
,,1.499,-0.000833208,1.499,0.0397777,1.499,0.00939814,1.499,0.00916774,1.499,0.0257893,1.499,0.025526,1.499,0.025526,1.499,0.0260526,1.499,0.0092994,1.499,0.00989185
,,1.5,-0.000846386,1.5,0.038889,1.5,0.00936523,1.5,0.0092994,1.5,0.0258222,1.5,0.0257893,1.5,0.0256247,1.5,0.0262172,1.5,0.00933231,1.5,0.00844364
,,1.501,-0.000866153,1.501,0.0387574,1.501,0.0078841,1.501,0.00910192,1.501,0.0259538,1.501,0.0261513,1.501,0.0255918,1.501,0.0256905,1.501,0.00936523,1.501,0.00913483
,,1.502,-0.000859564,1.502,0.0393169,1.502,0.00847655,1.502,0.00903609,1.502,0.0259868,1.502,0.0262172,1.502,0.0256576,1.502,0.0248019,1.502,0.0092994,1.502,0.00939814
,,1.503,-0.000852975,1.503,0.0402714,1.503,0.0092994,1.503,0.00883861,1.503,0.0259868,1.503,0.0262501,1.503,0.0257234,1.503,0.0256247,1.503,0.00926649,1.503,0.00959563
,,1.504,-0.000846386,1.504,0.0386257,1.504,0.00956271,1.504,0.00920066,1.504,0.0260197,1.504,0.026283,1.504,0.0256905,1.504,0.0252297,1.504,0.0092994,1.504,0.00873986
,,1.505,-0.000839797,1.505,0.0396789,1.505,0.00877278,1.505,0.00870695,1.505,0.0260855,1.505,0.0256247,1.505,0.0255918,1.505,0.0257234,1.505,0.0092994,1.505,0.00992477
,,1.506,-0.000839797,1.506,0.0399423,1.506,0.00877278,1.506,0.00890443,1.506,0.0260526,1.506,0.0257564,1.506,0.0254601,1.506,0.0258551,1.506,0.0092994,1.506,0.00992477
,,1.507,-0.000839797,1.507,0.0392511,1.507,0.00890443,1.507,0.00946397,1.507,0.0259868,1.507,0.0259868,1.507,0.0254272,1.507,0.0259868,1.507,0.00933231,1.507,0.00946397
,,1.508,-0.000839797,1.508,0.0389548,1.508,0.00903609,1.508,0.00939814,1.508,0.0259209,1.508,0.0263488,1.508,0.025526,1.508,0.0248348,1.508,0.00933231,1.508,0.00854238
,,1.509,-0.000846386,1.509,0.0398764,1.509,0.00837781,1.509,0.00841072,1.509,0.0259868,1.509,0.0262501,1.509,0.0254931,1.509,0.0249993,1.509,0.00939814,1.509,0.00956271
,,1.51,-0.000839797,1.51,0.0397448,1.51,0.00870695,1.51,0.00946397,1.51,0.0259209,1.51,0.026678,1.51,0.0255589,1.51,0.0257234,1.51,0.0092994,1.51,0.00989185
,,1.511,-0.000852975,1.511,0.0382636,1.511,0.00920066,1.511,0.00933231,1.511,0.0261184,1.511,0.025131,1.511,0.0256247,1.511,0.0261184,1.511,0.00933231,1.511,0.00979311
,,1.512,-0.000839797,1.512,0.0393169,1.512,0.0092994,1.512,0.0092994,1.512,0.0260526,1.512,0.025888,1.512,0.0256247,1.512,0.0264146,1.512,0.00933231,1.512,0.00857529
,,1.513,-0.000839797,1.513,0.0402385,1.513,0.0083449,1.513,0.00916774,1.513,0.0259868,1.513,0.0260855,1.513,0.0256247,1.513,0.0253285,1.513,0.00933231,1.513,0.0095298
,,1.514,-0.000833208,1.514,0.0398435,1.514,0.00857529,1.514,0.00864112,1.514,0.0260526,1.514,0.0261184,1.514,0.0255918,1.514,0.0247031,1.514,0.00933231,1.514,0.00926649
,,1.515,-0.000839797,1.515,0.0387903,1.515,0.00864112,1.515,0.00897026,1.515,0.0259538,1.515,0.026678,1.515,0.0255589,1.515,0.0259868,1.515,0.00933231,1.515,0.00966145
,,1.516,-0.000859564,1.516,0.0389878,1.516,0.00949688,1.516,0.00910192,1.516,0.025888,1.516,0.026678,1.516,0.0255589,1.516,0.0259209,1.516,0.00926649,1.516,0.00860821
,,1.517,-0.000852975,1.517,0.0387574,1.517,0.00913483,1.517,0.00900318,1.517,0.0258222,1.517,0.025131,1.517,0.0255589,1.517,0.0259209,1.517,0.0092994,1.517,0.00913483
,,1.518,-0.000852975,1.518,0.0394815,1.518,0.00923357,1.518,0.00913483,1.518,0.0259868,1.518,0.0254272,1.518,0.0255918,1.518,0.0257564,1.518,0.0092994,1.518,0.00913483
,,1.519,-0.000839797,1.519,0.0395473,1.519,0.00768662,1.519,0.00841072,1.519,0.0260197,1.519,0.0259868,1.519,0.0256247,1.519,0.0248019,1.519,0.00923357,1.519,0.00962854
,,1.52,-0.000852975,1.52,0.0402056,1.52,0.00837781,1.52,0.00880569,1.52,0.0260855,1.52,0.0262501,1.52,0.0256905,1.52,0.0253285,1.52,0.00933231,1.52,0.00864112
,,1.521,-0.000852975,1.521,0.0387244,1.521,0.00887152,1.521,0.00903609,1.521,0.0260197,1.521,0.0263159,1.521,0.0256905,1.521,0.0260197,1.521,0.00926649,1.521,0.00920066
,,1.522,-0.000859564,1.522,0.0390865,1.522,0.00887152,1.522,0.00969437,1.522,0.0261184,1.522,0.0263488,1.522,0.0255589,1.522,0.0256576,1.522,0.00926649,1.522,0.0092994
,,1.523,-0.000872742,1.523,0.0399752,1.523,0.00933231,1.523,0.00926649,1.523,0.0260526,1.523,0.025131,1.523,0.0254272,1.523,0.0257564,1.523,0.00933231,1.523,0.00949688
,,1.524,-0.000872742,1.524,0.0401068,1.524,0.00814741,1.524,0.00913483,1.524,0.0259538,1.524,0.0254272,1.524,0.0254272,1.524,0.0261513,1.524,0.00936523,1.524,0.00903609
,,1.525,-0.000852975,1.525,0.0400739,1.525,0.0078841,1.525,0.00880569,1.525,0.0259868,1.525,0.0259868,1.525,0.025526,1.525,0.0243082,1.525,0.00936523,1.525,0.00920066
,,1.526,-0.000839797,1.526,0.0383953,1.526,0.00870695,1.526,0.00910192,1.526,0.0260526,1.526,0.0264805,1.526,0.0255918,1.526,0.0253943,1.526,0.00939814,1.526,0.00946397
,,1.527,-0.000852975,1.527,0.0390865,1.527,0.00890443,1.527,0.0092994,1.527,0.0260855,1.527,0.026645,1.527,0.0255918,1.527,0.0257564,1.527,0.00933231,1.527,0.00943106
,,1.528,-0.000846386,1.528,0.039284,1.528,0.00920066,1.528,0.0092994,1.528,0.0261842,1.528,0.0268754,1.528,0.0255589,1.528,0.0259868,1.528,0.00936523,1.528,0.00903609
,,1.529,-0.000859564,1.529,0.0398106,1.529,0.00926649,1.529,0.00936523,1.529,0.0261184,1.529,0.0257564,1.529,0.0255918,1.529,0.0260855,1.529,0.00936523,1.529,0.00939814
,,1.53,-0.000839797,1.53,0.0398106,1.53,0.0078841,1.53,0.00880569,1.53,0.0260526,1.53,0.0264805,1.53,0.0256576,1.53,0.0250323,1.53,0.0092994,1.53,0.0092994
,,1.531,-0.000846386,1.531,0.0392511,1.531,0.00860821,1.531,0.00903609,1.531,0.0260197,1.531,0.0262501,1.531,0.0255918,1.531,0.0248019,1.531,0.0092994,1.531,0.0100235
,,1.532,-0.000839797,1.532,0.0384282,1.532,0.009069,1.532,0.00926649,1.532,0.025888,1.532,0.0262172,1.532,0.0254931,1.532,0.0254931,1.532,0.0092994,1.532,0.00864112
,,1.533,-0.000859564,1.533,0.0395802,1.533,0.00933231,1.533,0.00916774,1.533,0.025888,1.533,0.0247689,1.533,0.0256247,1.533,0.0255918,1.533,0.00936523,1.533,0.0092994
,,1.534,-0.000833208,1.534,0.0399423,1.534,0.0095298,1.534,0.0092994,1.534,0.0260197,1.534,0.0254931,1.534,0.0255918,1.534,0.0261184,1.534,0.0092994,1.534,0.00949688
,,1.535,-0.00082003,1.535,0.0393169,1.535,0.00827907,1.535,0.00916774,1.535,0.0259538,1.535,0.0254601,1.535,0.0256247,1.535,0.0250652,1.535,0.0092994,1.535,0.00949688
,,1.536,-0.000872742,1.536,0.0396789,1.536,0.00873986,1.536,0.00933231,1.536,0.0259538,1.536,0.0258551,1.536,0.0257234,1.536,0.0250323,1.536,0.00933231,1.536,0.00860821
,,1.537,-0.000846386,1.537,0.0386586,1.537,0.00936523,1.537,0.00999059,1.537,0.0259868,1.537,0.0266121,1.537,0.0256576,1.537,0.0255918,1.537,0.00926649,1.537,0.0092994
,,1.538,-0.000833208,1.538,0.038527,1.538,0.00939814,1.538,0.00933231,1.538,0.025888,1.538,0.0259538,1.538,0.0256247,1.538,0.0259868,1.538,0.0092994,1.538,0.00982602
,,1.539,-0.000852975,1.539,0.0396131,1.539,0.00854238,1.539,0.00920066,1.539,0.0260855,1.539,0.0252627,1.539,0.025526,1.539,0.0259209,1.539,0.00923357,1.539,0.00992477
,,1.54,-0.000846386,1.54,0.0399752,1.54,0.00897026,1.54,0.00857529,1.54,0.0259868,1.54,0.0256576,1.54,0.0254931,1.54,0.0249006,1.54,0.00933231,1.54,0.00916774
,,1.541,-0.000859564,1.541,0.0398764,1.541,0.00913483,1.541,0.009069,1.541,0.025888,1.541,0.0262172,1.541,0.0254601,1.541,0.0252297,1.541,0.00939814,1.541,0.00956271
,,1.542,-0.000813441,1.542,0.0389548,1.542,0.00900318,1.542,0.00883861,1.542,0.0259538,1.542,0.0260526,1.542,0.025526,1.542,0.0257564,1.542,0.00936523,1.542,0.00962854
,,1.543,-0.000846386,1.543,0.0390865,1.543,0.00781827,1.543,0.00936523,1.543,0.0260526,1.543,0.026283,1.543,0.0255918,1.543,0.0259538,1.543,0.00939814,1.543,0.00933231
,,1.544,-0.000839797,1.544,0.0401397,1.544,0.00893735,1.544,0.00857529,1.544,0.0260197,1.544,0.0262501,1.544,0.0255918,1.544,0.0257234,1.544,0.00933231,1.544,0.00923357
,,1.545,-0.000846386,1.545,0.0397119,1.545,0.00969437,1.545,0.00890443,1.545,0.0260855,1.545,0.0257564,1.545,0.0255918,1.545,0.025888,1.545,0.00939814,1.545,0.00989185
,,1.546,-0.000846386,1.546,0.0393169,1.546,0.00903609,1.546,0.00949688,1.546,0.0260855,1.546,0.0259538,1.546,0.0256247,1.546,0.0253943,1.546,0.00936523,1.546,0.00933231
,,1.547,-0.000852975,1.547,0.0397777,1.547,0.00857529,1.547,0.00916774,1.547,0.0259868,1.547,0.0260855,1.547,0.0256905,1.547,0.0249664,1.547,0.00936523,1.547,0.00897026
,,1.548,-0.000839797,1.548,0.0395473,1.548,0.00956271,1.548,0.00936523,1.548,0.0259868,1.548,0.0263488,1.548,0.0255918,1.548,0.0257893,1.548,0.00933231,1.548,0.0092994
,,1.549,-0.000846386,1.549,0.0389548,1.549,0.0092994,1.549,0.00936523,1.549,0.0257564,1.549,0.026283,1.549,0.025526,1.549,0.0259868,1.549,0.0092994,1.549,0.00959563
,,1.55,-0.00082003,1.55,0.0395144,1.55,0.00818033,1.55,0.00877278,1.55,0.0258551,1.55,0.0253943,1.55,0.0255589,1.55,0.0259538,1.55,0.00926649,1.55,0.0097602
,,1.551,-0.000839797,1.551,0.0395144,1.551,0.0092994,1.551,0.00949688,1.551,0.025888,1.551,0.0257234,1.551,0.0256905,1.551,0.0259209,1.551,0.0092994,1.551,0.00877278
,,1.552,-0.000839797,1.552,0.0389878,1.552,0.00900318,1.552,0.00910192,1.552,0.0259868,1.552,0.0261513,1.552,0.0256576,1.552,0.0255589,1.552,0.0092994,1.552,0.0092994
,,1.553,-0.000839797,1.553,0.0394156,1.553,0.00890443,1.553,0.00966145,1.553,0.0260197,1.553,0.0262172,1.553,0.0257564,1.553,0.0257564,1.553,0.0092994,1.553,0.00999059
,,1.554,-0.000872742,1.554,0.0394486,1.554,0.00827907,1.554,0.00897026,1.554,0.0259868,1.554,0.026678,1.554,0.0257234,1.554,0.0259868,1.554,0.00926649,1.554,0.00979311
,,1.555,-0.000859564,1.555,0.0396789,1.555,0.00897026,1.555,0.00949688,1.555,0.0260197,1.555,0.0249993,1.555,0.0257234,1.555,0.025131,1.555,0.0092994,1.555,0.00916774
,,1.556,-0.000826619,1.556,0.0390207,1.556,0.00887152,1.556,0.0092994,1.556,0.0260855,1.556,0.0264805,1.556,0.025526,1.556,0.0249335,1.556,0.0092994,1.556,0.00939814
,,1.557,-0.000826619,1.557,0.0397119,1.557,0.0092994,1.557,0.00946397,1.557,0.025888,1.557,0.0264805,1.557,0.0254931,1.557,0.0260526,1.557,0.00933231,1.557,0.00939814
,,1.558,-0.000839797,1.558,0.0397448,1.558,0.00877278,1.558,0.00870695,1.558,0.0259538,1.558,0.0262172,1.558,0.0255589,1.558,0.0259868,1.558,0.00939814,1.558,0.00943106
,,1.559,-0.000846386,1.559,0.0386257,1.559,0.00916774,1.559,0.00873986,1.559,0.0259868,1.559,0.026283,1.559,0.0255918,1.559,0.0244398,1.559,0.00936523,1.559,0.00873986
,,1.56,-0.000852975,1.56,0.038889,1.56,0.0095298,1.56,0.00939814,1.56,0.0261184,1.56,0.0254931,1.56,0.0256247,1.56,0.0255918,1.56,0.00933231,1.56,0.00913483
,,1.561,-0.000846386,1.561,0.039646,1.561,0.0083449,1.561,0.00939814,1.561,0.0259868,1.561,0.0259868,1.561,0.0256247,1.561,0.0257893,1.561,0.0092994,1.561,0.00962854
,,1.562,-0.000833208,1.562,0.0406005,1.562,0.00880569,1.562,0.00897026,1.562,0.0260855,1.562,0.0265463,1.562,0.0256905,1.562,0.0262501,1.562,0.00933231,1.562,0.0100564
,,1.563,-0.000852975,1.563,0.039284,1.563,0.00949688,1.563,0.00933231,1.563,0.0259868,1.563,0.026645,1.563,0.0256905,1.563,0.0250323,1.563,0.00933231,1.563,0.00900318
,,1.564,-0.000852975,1.564,0.0397448,1.564,0.0092994,1.564,0.00959563,1.564,0.0259538,1.564,0.026283,1.564,0.0256576,1.564,0.0254272,1.564,0.00933231,1.564,0.0097602
,,1.565,-0.000846386,1.565,0.0399093,1.565,0.00801576,1.565,0.00946397,1.565,0.0259868,1.565,0.0259868,1.565,0.0255589,1.565,0.0259209,1.565,0.0092994,1.565,0.00936523
,,1.566,-0.000833208,1.566,0.0384611,1.566,0.00897026,1.566,0.00920066,1.566,0.025888,1.566,0.0250652,1.566,0.0255589,1.566,0.0257564,1.566,0.00933231,1.566,0.0100564
,,1.567,-0.000859564,1.567,0.0392511,1.567,0.00910192,1.567,0.00903609,1.567,0.025888,1.567,0.0260855,1.567,0.0256905,1.567,0.0250981,1.567,0.00926649,1.567,0.00926649
,,1.568,-0.000846386,1.568,0.0392511,1.568,0.00873986,1.568,0.00920066,1.568,0.0260526,1.568,0.0263159,1.568,0.0257234,1.568,0.0252627,1.568,0.0092994,1.568,0.00880569
,,1.569,-0.000813441,1.569,0.0386586,1.569,0.00877278,1.569,0.00864112,1.569,0.0259868,1.569,0.026283,1.569,0.0257564,1.569,0.0257234,1.569,0.00936523,1.569,0.00910192
,,1.57,-0.000846386,1.57,0.0395473,1.57,0.00926649,1.57,0.00910192,1.57,0.0260855,1.57,0.0251639,1.57,0.0257564,1.57,0.0257893,1.57,0.0092994,1.57,0.00933231
,,1.571,-0.000852975,1.571,0.0402056,1.571,0.009069,1.571,0.00923357,1.571,0.0260526,1.571,0.025888,1.571,0.0256905,1.571,0.0253285,1.571,0.00923357,1.571,0.00989185
,,1.572,-0.000846386,1.572,0.0403043,1.572,0.00877278,1.572,0.00923357,1.572,0.0261184,1.572,0.026678,1.572,0.0256576,1.572,0.0255918,1.572,0.00933231,1.572,0.0097602
,,1.573,-0.000813441,1.573,0.0391523,1.573,0.00897026,1.573,0.00841072,1.573,0.0260526,1.573,0.0266121,1.573,0.0255589,1.573,0.0253614,1.573,0.00936523,1.573,0.00864112
,,1.574,-0.000833208,1.574,0.0397777,1.574,0.0092994,1.574,0.00943106,1.574,0.0260855,1.574,0.0250323,1.574,0.0255589,1.574,0.025888,1.574,0.00936523,1.574,0.00900318
,,1.575,-0.000839797,1.575,0.0398435,1.575,0.00920066,1.575,0.00933231,1.575,0.0261184,1.575,0.0257893,1.575,0.0255918,1.575,0.0249664,1.575,0.00936523,1.575,0.00923357
,,1.576,-0.000852975,1.576,0.0386586,1.576,0.00785119,1.576,0.00923357,1.576,0.0261513,1.576,0.0265463,1.576,0.0256576,1.576,0.0258551,1.576,0.00933231,1.576,0.0095298
,,1.577,-0.000833208,1.577,0.0394486,1.577,0.00910192,1.577,0.00897026,1.577,0.0261184,1.577,0.0268096,1.577,0.0256576,1.577,0.0262172,1.577,0.00933231,1.577,0.00939814
,,1.578,-0.000826619,1.578,0.0402385,1.578,0.00913483,1.578,0.00903609,1.578,0.0261842,1.578,0.0253943,1.578,0.0256576,1.578,0.0263159,1.578,0.00936523,1.578,0.00966145
,,1.579,-0.000826619,1.579,0.0400081,1.579,0.0095298,1.579,0.00933231,1.579,0.0260855,1.579,0.0261513,1.579,0.0256247,1.579,0.0248348,1.579,0.00933231,1.579,0.00916774
,,1.58,-0.000846386,1.58,0.0390536,1.58,0.00864112,1.58,0.00916774,1.58,0.0260855,1.58,0.0263488,1.58,0.0256905,1.58,0.0258222,1.58,0.00933231,1.58,0.00890443
,,1.581,-0.000839797,1.581,0.040041,1.581,0.00877278,1.581,0.00877278,1.581,0.0260197,1.581,0.0264476,1.581,0.0256905,1.581,0.0260197,1.581,0.00936523,1.581,0.00939814
,,1.582,-0.000839797,1.582,0.0398106,1.582,0.00916774,1.582,0.00936523,1.582,0.0259209,1.582,0.0251968,1.582,0.0256576,1.582,0.0265463,1.582,0.00933231,1.582,0.00946397
,,1.583,-0.000833208,1.583,0.0386915,1.583,0.00827907,1.583,0.00936523,1.583,0.025888,1.583,0.0258551,1.583,0.0256576,1.583,0.0248019,1.583,0.00933231,1.583,0.00992477
,,1.584,-0.000859564,1.584,0.0397777,1.584,0.00867404,1.584,0.00903609,1.584,0.0259868,1.584,0.0261513,1.584,0.0256905,1.584,0.025888,1.584,0.00926649,1.584,0.00956271
,,1.585,-0.000826619,1.585,0.0400739,1.585,0.00897026,1.585,0.00926649,1.585,0.0260855,1.585,0.0262501,1.585,0.0257893,1.585,0.0257893,1.585,0.00926649,1.585,0.00821324
,,1.586,-0.000852975,1.586,0.0392511,1.586,0.00939814,1.586,0.00959563,1.586,0.0260526,1.586,0.0256905,1.586,0.0257893,1.586,0.026283,1.586,0.0092994,1.586,0.00916774
,,1.587,-0.000839797,1.587,0.0390536,1.587,0.00808159,1.587,0.00926649,1.587,0.0260526,1.587,0.025888,1.587,0.0257234,1.587,0.0254601,1.587,0.0092994,1.587,0.00926649
,,1.588,-0.000826619,1.588,0.0397777,1.588,0.00873986,1.588,0.00926649,1.588,0.0261513,1.588,0.0261842,1.588,0.0257234,1.588,0.0257564,1.588,0.00936523,1.588,0.00956271
,,1.589,-0.000846386,1.589,0.0400081,1.589,0.0095298,1.589,0.00903609,1.589,0.0261842,1.589,0.0268096,1.589,0.0256247,1.589,0.0258222,1.589,0.00933231,1.589,0.0097602
,,1.59,-0.000859564,1.59,0.038889,1.59,0.00916774,1.59,0.00943106,1.59,0.0260526,1.59,0.0257234,1.59,0.0255589,1.59,0.0264805,1.59,0.00939814,1.59,0.00877278
,,1.591,-0.000866153,1.591,0.0399752,1.591,0.00860821,1.591,0.00939814,1.591,0.0259209,1.591,0.0262172,1.591,0.0255589,1.591,0.0254272,1.591,0.00936523,1.591,0.00903609
,,1.592,-0.000839797,1.592,0.0399423,1.592,0.00890443,1.592,0.00821324,1.592,0.0260197,1.592,0.0265134,1.592,0.0256576,1.592,0.0259538,1.592,0.00936523,1.592,0.00939814
,,1.593,-0.000859564,1.593,0.0387574,1.593,0.00903609,1.593,0.00926649,1.593,0.0261184,1.593,0.025888,1.593,0.0256576,1.593,0.0258222,1.593,0.00933231,1.593,0.00959563
,,1.594,-0.000859564,1.594,0.038889,1.594,0.00821324,1.594,0.0092994,1.594,0.0261184,1.594,0.0259538,1.594,0.0256905,1.594,0.0261842,1.594,0.00936523,1.594,0.00962854
,,1.595,-0.000846386,1.595,0.0397777,1.595,0.00887152,1.595,0.00920066,1.595,0.0261513,1.595,0.026283,1.595,0.0256576,1.595,0.0248348,1.595,0.00933231,1.595,0.00943106
,,1.596,-0.000859564,1.596,0.0403701,1.596,0.00923357,1.596,0.00913483,1.596,0.0260197,1.596,0.0259868,1.596,0.0257234,1.596,0.0258222,1.596,0.00933231,1.596,0.00873986
,,1.597,-0.000872742,1.597,0.0399423,1.597,0.00933231,1.597,0.00887152,1.597,0.0260855,1.597,0.025526,1.597,0.0257564,1.597,0.0262172,1.597,0.00936523,1.597,0.0095298
,,1.598,-0.000846386,1.598,0.0397777,1.598,0.00864112,1.598,0.00926649,1.598,0.0259868,1.598,0.0255918,1.598,0.0256576,1.598,0.0253943,1.598,0.0092994,1.598,0.0092994
,,1.599,-0.000833208,1.599,0.0396789,1.599,0.00860821,1.599,0.00887152,1.599,0.025888,1.599,0.0260526,1.599,0.0256576,1.599,0.0252627,1.599,0.0092994,1.599,0.00982602
,,1.6,-0.000846386,1.6,0.0381978,1.6,0.009069,1.6,0.00920066,1.6,0.025888,1.6,0.0264476,1.6,0.0256247,1.6,0.0258551,1.6,0.00920066,1.6,0.0102868
,,1.601,-0.000839797,1.601,0.0391852,1.601,0.00850947,1.601,0.00910192,1.601,0.0259868,1.601,0.025526,1.601,0.0256905,1.601,0.0260855,1.601,0.00936523,1.601,0.00887152
,,1.602,-0.000846386,1.602,0.0394156,1.602,0.00900318,1.602,0.00939814,1.602,0.0261184,1.602,0.0261184,1.602,0.0257564,1.602,0.0254931,1.602,0.0092994,1.602,0.00883861
,,1.603,-0.000846386,1.603,0.0398106,1.603,0.00890443,1.603,0.00890443,1.603,0.0260197,1.603,0.0264805,1.603,0.0257893,1.603,0.0252627,1.603,0.00926649,1.603,0.0100235
,,1.604,-0.000833208,1.604,0.0387244,1.604,0.00890443,1.604,0.00903609,1.604,0.0261184,1.604,0.0265134,1.604,0.0257893,1.604,0.0256247,1.604,0.00936523,1.604,0.00969437
,,1.605,-0.000859564,1.605,0.0394486,1.605,0.00854238,1.605,0.00913483,1.605,0.0261513,1.605,0.0251639,1.605,0.0256576,1.605,0.0258551,1.605,0.0092994,1.605,0.0097602
,,1.606,-0.000839797,1.606,0.0398764,1.606,0.0083449,1.606,0.00920066,1.606,0.0260855,1.606,0.0263159,1.606,0.0255589,1.606,0.0253943,1.606,0.00933231,1.606,0.00972728
,,1.607,-0.000833208,1.607,0.0401068,1.607,0.00897026,1.607,0.00900318,1.607,0.0260197,1.607,0.0260855,1.607,0.025526,1.607,0.0254931,1.607,0.00936523,1.607,0.00913483
,,1.608,-0.000859564,1.608,0.038889,1.608,0.00903609,1.608,0.00916774,1.608,0.0260197,1.608,0.0259209,1.608,0.0256247,1.608,0.0258222,1.608,0.00936523,1.608,0.00910192
,,1.609,-0.000852975,1.609,0.0397777,1.609,0.00956271,1.609,0.00936523,1.609,0.0260855,1.609,0.0256905,1.609,0.0256247,1.609,0.0260855,1.609,0.00936523,1.609,0.00936523
,,1.61,-0.000833208,1.61,0.0396131,1.61,0.00821324,1.61,0.00943106,1.61,0.0260855,1.61,0.0265134,1.61,0.0256247,1.61,0.0251639,1.61,0.00936523,1.61,0.00966145
,,1.611,-0.000839797,1.611,0.0393498,1.611,0.0083449,1.611,0.00860821,1.611,0.0261184,1.611,0.0263488,1.611,0.0256905,1.611,0.0256905,1.611,0.00933231,1.611,0.00969437
,,1.612,-0.000839797,1.612,0.038527,1.612,0.00880569,1.612,0.00956271,1.612,0.0260855,1.612,0.026645,1.612,0.0256576,1.612,0.0264805,1.612,0.00939814,1.612,0.00989185
,,1.613,-0.000846386,1.613,0.0394156,1.613,0.00913483,1.613,0.00936523,1.613,0.0260526,1.613,0.0259538,1.613,0.0256576,1.613,0.0256905,1.613,0.00933231,1.613,0.00880569
,,1.614,-0.000846386,1.614,0.0401397,1.614,0.00923357,1.614,0.00943106,1.614,0.0260197,1.614,0.0259538,1.614,0.0257234,1.614,0.0250323,1.614,0.00933231,1.614,0.00880569
,,1.615,-0.000846386,1.615,0.0402385,1.615,0.00916774,1.615,0.00910192,1.615,0.0260197,1.615,0.0260855,1.615,0.0256905,1.615,0.0253285,1.615,0.0092994,1.615,0.00903609
,,1.616,-0.000859564,1.616,0.0387574,1.616,0.00844364,1.616,0.00956271,1.616,0.025888,1.616,0.0263159,1.616,0.0255918,1.616,0.0259209,1.616,0.00926649,1.616,0.00920066
,,1.617,-0.000846386,1.617,0.0387903,1.617,0.00814741,1.617,0.00916774,1.617,0.025888,1.617,0.0255918,1.617,0.0256576,1.617,0.0263488,1.617,0.00926649,1.617,0.00982602
,,1.618,-0.000852975,1.618,0.0391194,1.618,0.00844364,1.618,0.00946397,1.618,0.0260197,1.618,0.025888,1.618,0.0256576,1.618,0.0259538,1.618,0.00926649,1.618,0.00959563
,,1.619,-0.000852975,1.619,0.039284,1.619,0.00910192,1.619,0.00893735,1.619,0.0260855,1.619,0.0263488,1.619,0.0256905,1.619,0.0255589,1.619,0.00933231,1.619,0.00936523
,,1.62,-0.000852975,1.62,0.0402056,1.62,0.00913483,1.62,0.009069,1.62,0.0260526,1.62,0.0257234,1.62,0.0257234,1.62,0.0250981,1.62,0.00933231,1.62,0.00880569
,,1.621,-0.000846386,1.621,0.0401397,1.621,0.00887152,1.621,0.00926649,1.621,0.0261184,1.621,0.0263159,1.621,0.0256905,1.621,0.0252627,1.621,0.00936523,1.621,0.00900318
,,1.622,-0.000826619,1.622,0.038527,1.622,0.00798284,1.622,0.00949688,1.622,0.0260855,1.622,0.0261184,1.622,0.0255918,1.622,0.0257893,1.622,0.00933231,1.622,0.00939814
,,1.623,-0.000846386,1.623,0.0389219,1.623,0.00864112,1.623,0.00910192,1.623,0.0261513,1.623,0.0265792,1.623,0.0255589,1.623,0.0259538,1.623,0.00936523,1.623,0.00946397
,,1.624,-0.000852975,1.624,0.0396131,1.624,0.00920066,1.624,0.0095298,1.624,0.0259868,1.624,0.0256247,1.624,0.0255589,1.624,0.0257564,1.624,0.00939814,1.624,0.00946397
,,1.625,-0.000833208,1.625,0.0397119,1.625,0.00933231,1.625,0.00854238,1.625,0.0259868,1.625,0.0259868,1.625,0.0255918,1.625,0.0259209,1.625,0.00939814,1.625,0.00982602
,,1.626,-0.000839797,1.626,0.0398435,1.626,0.00933231,1.626,0.00893735,1.626,0.0261513,1.626,0.0264805,1.626,0.0256576,1.626,0.0248677,1.626,0.00933231,1.626,0.00867404
,,1.627,-0.000839797,1.627,0.0383624,1.627,0.00844364,1.627,0.009069,1.627,0.0260855,1.627,0.0259209,1.627,0.0256247,1.627,0.0257234,1.627,0.00933231,1.627,0.00880569
,,1.628,-0.000852975,1.628,0.0389548,1.628,0.00870695,1.628,0.00982602,1.628,0.0261842,1.628,0.0252297,1.628,0.0256576,1.628,0.0258551,1.628,0.00933231,1.628,0.00943106
,,1.629,-0.000846386,1.629,0.0394156,1.629,0.00939814,1.629,0.00920066,1.629,0.0261184,1.629,0.0260855,1.629,0.0256247,1.629,0.0257564,1.629,0.00933231,1.629,0.0095298
,,1.63,-0.000852975,1.63,0.0397119,1.63,0.00926649,1.63,0.00883861,1.63,0.0260855,1.63,0.0263817,1.63,0.0257234,1.63,0.0257893,1.63,0.00933231,1.63,0.00989185
,,1.631,-0.000846386,1.631,0.0398764,1.631,0.00821324,1.631,0.00877278,1.631,0.0260526,1.631,0.0262501,1.631,0.0256247,1.631,0.025888,1.631,0.00933231,1.631,0.0097602
,,1.632,-0.000846386,1.632,0.0398764,1.632,0.00854238,1.632,0.00926649,1.632,0.0257893,1.632,0.0250323,1.632,0.0255918,1.632,0.0246373,1.632,0.00933231,1.632,0.00877278
,,1.633,-0.000846386,1.633,0.0386915,1.633,0.00880569,1.633,0.009069,1.633,0.0257893,1.633,0.0253943,1.633,0.0256247,1.633,0.0252627,1.633,0.0092994,1.633,0.0092994
,,1.634,-0.000833208,1.634,0.039284,1.634,0.00910192,1.634,0.00900318,1.634,0.0259868,1.634,0.0260855,1.634,0.0256905,1.634,0.0257893,1.634,0.00933231,1.634,0.00972728
,,1.635,-0.000852975,1.635,0.0395144,1.635,0.00926649,1.635,0.00959563,1.635,0.0259868,1.635,0.0264476,1.635,0.0256905,1.635,0.0258551,1.635,0.0092994,1.635,0.00949688
,,1.636,-0.000839797,1.636,0.0398106,1.636,0.00841072,1.636,0.00870695,1.636,0.0260526,1.636,0.0263817,1.636,0.0256905,1.636,0.0259538,1.636,0.0092994,1.636,0.00972728
,,1.637,-0.000839797,1.637,0.039284,1.637,0.00850947,1.637,0.00923357,1.637,0.0260526,1.637,0.0259538,1.637,0.0257564,1.637,0.0255589,1.637,0.00933231,1.637,0.00992477
,,1.638,-0.000839797,1.638,0.0389548,1.638,0.00887152,1.638,0.00969437,1.638,0.0260197,1.638,0.0252297,1.638,0.0256905,1.638,0.0245385,1.638,0.00933231,1.638,0.00864112
,,1.639,-0.000833208,1.639,0.0394486,1.639,0.00900318,1.639,0.00916774,1.639,0.0261513,1.639,0.0260855,1.639,0.0256247,1.639,0.0251968,1.639,0.0092994,1.639,0.00860821
,,1.64,-0.000859564,1.64,0.0399093,1.64,0.0092994,1.64,0.00966145,1.64,0.0260197,1.64,0.0262501,1.64,0.025526,1.64,0.0257234,1.64,0.00939814,1.64,0.0101552
,,1.641,-0.000839797,1.641,0.0400081,1.641,0.00897026,1.641,0.00916774,1.641,0.0260197,1.641,0.0260197,1.641,0.025526,1.641,0.0258222,1.641,0.00936523,1.641,0.00946397
,,1.642,-0.00082003,1.642,0.0381649,1.642,0.00821324,1.642,0.00864112,1.642,0.0259538,1.642,0.0263817,1.642,0.0255918,1.642,0.0262172,1.642,0.00939814,1.642,0.00995768
,,1.643,-0.000846386,1.643,0.0384611,1.643,0.0083449,1.643,0.00900318,1.643,0.0260855,1.643,0.0264146,1.643,0.0255918,1.643,0.0251968,1.643,0.00936523,1.643,0.00992477
,,1.644,-0.00082003,1.644,0.0392182,1.644,0.00926649,1.644,0.00946397,1.644,0.0261184,1.644,0.0252956,1.644,0.0256247,1.644,0.0258222,1.644,0.0092994,1.644,0.00897026
,,1.645,-0.000839797,1.645,0.0395473,1.645,0.00890443,1.645,0.00903609,1.645,0.0260526,1.645,0.0256905,1.645,0.0256247,1.645,0.0262501,1.645,0.00939814,1.645,0.00887152
,,1.646,-0.000846386,1.646,0.0399752,1.646,0.00933231,1.646,0.00873986,1.646,0.0261184,1.646,0.0264476,1.646,0.0256905,1.646,0.0261842,1.646,0.00933231,1.646,0.0092994
,,1.647,-0.000852975,1.647,0.0394815,1.647,0.00883861,1.647,0.0095298,1.647,0.0260197,1.647,0.0260197,1.647,0.0257234,1.647,0.0252297,1.647,0.00933231,1.647,0.00959563
,,1.648,-0.000839797,1.648,0.0387244,1.648,0.00831198,1.648,0.00933231,1.648,0.0259209,1.648,0.025888,1.648,0.0256905,1.648,0.025131,1.648,0.00933231,1.648,0.00962854
,,1.649,-0.000833208,1.649,0.0392182,1.649,0.00880569,1.649,0.00936523,1.649,0.025888,1.649,0.0269084,1.649,0.0256905,1.649,0.0256247,1.649,0.00933231,1.649,0.00985894
,,1.65,-0.000846386,1.65,0.039646,1.65,0.00877278,1.65,0.00897026,1.65,0.0258551,1.65,0.0248019,1.65,0.0256576,1.65,0.0265134,1.65,0.0092994,1.65,0.00920066
,,1.651,-0.000852975,1.651,0.0396789,1.651,0.009069,1.651,0.00900318,1.651,0.0260197,1.651,0.0258551,1.651,0.0257564,1.651,0.0250323,1.651,0.00933231,1.651,0.00903609
,,1.652,-0.000846386,1.652,0.039646,1.652,0.009069,1.652,0.00916774,1.652,0.0259868,1.652,0.0256247,1.652,0.0257564,1.652,0.0256576,1.652,0.00939814,1.652,0.00890443
,,1.653,-0.000833208,1.653,0.0389548,1.653,0.00801576,1.653,0.00883861,1.653,0.0260197,1.653,0.0264476,1.653,0.0257564,1.653,0.0258551,1.653,0.00933231,1.653,0.0095298
,,1.654,-0.000833208,1.654,0.0390865,1.654,0.00864112,1.654,0.00926649,1.654,0.0260526,1.654,0.0261842,1.654,0.0257564,1.654,0.0259538,1.654,0.0092994,1.654,0.0097602
,,1.655,-0.000846386,1.655,0.0395473,1.655,0.00887152,1.655,0.00933231,1.655,0.0260855,1.655,0.0262172,1.655,0.0256247,1.655,0.0250323,1.655,0.0092994,1.655,0.00979311
,,1.656,-0.000839797,1.656,0.0398106,1.656,0.00893735,1.656,0.00933231,1.656,0.0260197,1.656,0.0255918,1.656,0.0255918,1.656,0.0258551,1.656,0.0092994,1.656,0.00982602
,,1.657,-0.000839797,1.657,0.0399752,1.657,0.00913483,1.657,0.009069,1.657,0.0259868,1.657,0.0257564,1.657,0.0254931,1.657,0.025888,1.657,0.00939814,1.657,0.00897026
,,1.658,-0.000833208,1.658,0.0400739,1.658,0.00890443,1.658,0.00893735,1.658,0.0260526,1.658,0.0265463,1.658,0.0255589,1.658,0.0258551,1.658,0.00939814,1.658,0.00913483
,,1.659,-0.000826619,1.659,0.0376712,1.659,0.00762079,1.659,0.00920066,1.659,0.0260526,1.659,0.0263488,1.659,0.0256247,1.659,0.0251639,1.659,0.0092994,1.659,0.00946397
,,1.66,-0.000852975,1.66,0.0391194,1.66,0.00864112,1.66,0.00923357,1.66,0.0261513,1.66,0.0260526,1.66,0.0256576,1.66,0.0257893,1.66,0.00936523,1.66,0.00962854
,,1.661,-0.000839797,1.661,0.0395144,1.661,0.00870695,1.661,0.00864112,1.661,0.0262501,1.661,0.0257893,1.661,0.0256905,1.661,0.0260526,1.661,0.00943106,1.661,0.00972728
,,1.662,-0.000826619,1.662,0.0394156,1.662,0.00946397,1.662,0.00936523,1.662,0.0262501,1.662,0.0261842,1.662,0.0256247,1.662,0.0264146,1.662,0.00936523,1.662,0.00943106
,,1.663,-0.000826619,1.663,0.0400081,1.663,0.00913483,1.663,0.00949688,1.663,0.0261184,1.663,0.0265463,1.663,0.0256576,1.663,0.0252956,1.663,0.00936523,1.663,0.00877278
,,1.664,-0.000846386,1.664,0.038132,1.664,0.00883861,1.664,0.00913483,1.664,0.0260197,1.664,0.0265134,1.664,0.0256905,1.664,0.0251968,1.664,0.00936523,1.664,0.00903609
,,1.665,-0.000846386,1.665,0.0385599,1.665,0.00785119,1.665,0.00887152,1.665,0.0261513,1.665,0.0259538,1.665,0.0255918,1.665,0.0254272,1.665,0.00926649,1.665,0.00949688
,,1.666,-0.000852975,1.666,0.0391852,1.666,0.00873986,1.666,0.00923357,1.666,0.025888,1.666,0.0261184,1.666,0.0256905,1.666,0.0259868,1.666,0.00926649,1.666,0.00985894
,,1.667,-0.000866153,1.667,0.040041,1.667,0.00873986,1.667,0.00916774,1.667,0.0258551,1.667,0.026283,1.667,0.0256905,1.667,0.0250981,1.667,0.00933231,1.667,0.00979311
,,1.668,-0.000859564,1.668,0.0396131,1.668,0.00883861,1.668,0.00923357,1.668,0.0261184,1.668,0.0259209,1.668,0.0257234,1.668,0.0259209,1.668,0.00933231,1.668,0.00916774
,,1.669,-0.000852975,1.669,0.0398106,1.669,0.0095298,1.669,0.00897026,1.669,0.0261184,1.669,0.0260855,1.669,0.0257893,1.669,0.0256247,1.669,0.0092994,1.669,0.009069
,,1.67,-0.000846386,1.67,0.0382966,1.67,0.00824615,1.67,0.00939814,1.67,0.0261184,1.67,0.0263488,1.67,0.0257234,1.67,0.0257893,1.67,0.00933231,1.67,0.00949688
,,1.671,-0.000839797,1.671,0.0387903,1.671,0.00824615,1.671,0.00959563,1.671,0.0262501,1.671,0.0267438,1.671,0.0257234,1.671,0.0253285,1.671,0.00933231,1.671,0.0097602
,,1.672,-0.000846386,1.672,0.0399423,1.672,0.00897026,1.672,0.00943106,1.672,0.0262172,1.672,0.0257564,1.672,0.0256247,1.672,0.0256576,1.672,0.00936523,1.672,0.00992477
,,1.673,-0.000859564,1.673,0.040041,1.673,0.00877278,1.673,0.00910192,1.673,0.0261184,1.673,0.0258551,1.673,0.025526,1.673,0.0251968,1.673,0.00933231,1.673,0.00966145
,,1.674,-0.000846386,1.674,0.0400081,1.674,0.0092994,1.674,0.009069,1.674,0.0260526,1.674,0.0259209,1.674,0.0255589,1.674,0.0257234,1.674,0.00946397,1.674,0.009069
,,1.675,-0.000859564,1.675,0.0399093,1.675,0.00936523,1.675,0.00910192,1.675,0.0260197,1.675,0.0262172,1.675,0.0255918,1.675,0.0250652,1.675,0.00939814,1.675,0.00880569
,,1.676,-0.000839797,1.676,0.0377699,1.676,0.00801576,1.676,0.00870695,1.676,0.0261184,1.676,0.0254272,1.676,0.0256576,1.676,0.025888,1.676,0.00936523,1.676,0.00913483
,,1.677,-0.000846386,1.677,0.0392511,1.677,0.00824615,1.677,0.00903609,1.677,0.0261513,1.677,0.0262501,1.677,0.0256576,1.677,0.0261513,1.677,0.00933231,1.677,0.00890443
,,1.678,-0.000839797,1.678,0.0390536,1.678,0.00877278,1.678,0.0092994,1.678,0.0261184,1.678,0.0263159,1.678,0.0256576,1.678,0.0260855,1.678,0.00933231,1.678,0.00979311
,,1.679,-0.000859564,1.679,0.0395144,1.679,0.00916774,1.679,0.0097602,1.679,0.0260526,1.679,0.0267767,1.679,0.0256905,1.679,0.0250323,1.679,0.00936523,1.679,0.00972728
,,1.68,-0.000846386,1.68,0.040041,1.68,0.00900318,1.68,0.00936523,1.68,0.0258222,1.68,0.0250981,1.68,0.0257564,1.68,0.025888,1.68,0.00936523,1.68,0.00900318
,,1.681,-0.000846386,1.681,0.0386586,1.681,0.00854238,1.681,0.00910192,1.681,0.0261184,1.681,0.0259538,1.681,0.0256905,1.681,0.0258551,1.681,0.00933231,1.681,0.00900318
,,1.682,-0.000839797,1.682,0.0386915,1.682,0.00808159,1.682,0.00959563,1.682,0.0259209,1.682,0.0263159,1.682,0.0256576,1.682,0.0259209,1.682,0.00933231,1.682,0.00913483
,,1.683,-0.000852975,1.683,0.0395144,1.683,0.00883861,1.683,0.00880569,1.683,0.0259538,1.683,0.0267109,1.683,0.0256576,1.683,0.0250652,1.683,0.00933231,1.683,0.0095298
,,1.684,-0.000839797,1.684,0.0397448,1.684,0.00890443,1.684,0.00923357,1.684,0.0260855,1.684,0.0251968,1.684,0.0257234,1.684,0.025526,1.684,0.00933231,1.684,0.00943106
,,1.685,-0.000852975,1.685,0.0399423,1.685,0.00910192,1.685,0.00949688,1.685,0.0260855,1.685,0.0259868,1.685,0.0257564,1.685,0.0259538,1.685,0.0092994,1.685,0.00995768
,,1.686,-0.000846386,1.686,0.0396131,1.686,0.00946397,1.686,0.00969437,1.686,0.0260197,1.686,0.0259209,1.686,0.0257893,1.686,0.025526,1.686,0.00933231,1.686,0.00873986
,,1.687,-0.000866153,1.687,0.0392511,1.687,0.00841072,1.687,0.00900318,1.687,0.0260855,1.687,0.0264146,1.687,0.0257893,1.687,0.0250652,1.687,0.0092994,1.687,0.00913483
,,1.688,-0.000852975,1.688,0.0389219,1.688,0.00831198,1.688,0.00920066,1.688,0.0261184,1.688,0.0256247,1.688,0.0256905,1.688,0.0253614,1.688,0.0092994,1.688,0.009069
,,1.689,-0.000826619,1.689,0.039646,1.689,0.00837781,1.689,0.00939814,1.689,0.0261842,1.689,0.0259209,1.689,0.0256576,1.689,0.0257893,1.689,0.00933231,1.689,0.00946397
,,1.69,-0.000833208,1.69,0.0393827,1.69,0.00910192,1.69,0.00923357,1.69,0.0261184,1.69,0.0262501,1.69,0.0255918,1.69,0.0259209,1.69,0.00933231,1.69,0.00943106
,,1.691,-0.000859564,1.691,0.0398435,1.691,0.00923357,1.691,0.00850947,1.691,0.0260526,1.691,0.0263488,1.691,0.0255918,1.691,0.0249335,1.691,0.00939814,1.691,0.00985894
,,1.692,-0.000839797,1.692,0.0397777,1.692,0.00920066,1.692,0.00873986,1.692,0.0260855,1.692,0.0254601,1.692,0.0256247,1.692,0.0254272,1.692,0.00933231,1.692,0.00860821
,,1.693,-0.000826619,1.693,0.0383295,1.693,0.0083449,1.693,0.00897026,1.693,0.0261184,1.693,0.0262501,1.693,0.0256576,1.693,0.0259538,1.693,0.00939814,1.693,0.00916774
,,1.694,-0.000852975,1.694,0.0391852,1.694,0.00827907,1.694,0.00962854,1.694,0.0261842,1.694,0.0260526,1.694,0.0256905,1.694,0.0253943,1.694,0.00939814,1.694,0.009069
,,1.695,-0.000859564,1.695,0.039646,1.695,0.00870695,1.695,0.00900318,1.695,0.0261842,1.695,0.026645,1.695,0.0256905,1.695,0.0249335,1.695,0.00939814,1.695,0.00995768
,,1.696,-0.000846386,1.696,0.0402385,1.696,0.00920066,1.696,0.00962854,1.696,0.0261184,1.696,0.0255589,1.696,0.0256576,1.696,0.0254601,1.696,0.00943106,1.696,0.0097602
,,1.697,-0.000852975,1.697,0.0402714,1.697,0.00910192,1.697,0.00949688,1.697,0.0261513,1.697,0.0258551,1.697,0.0257234,1.697,0.0258222,1.697,0.0092994,1.697,0.00982602
,,1.698,-0.000839797,1.698,0.0391852,1.698,0.00827907,1.698,0.00926649,1.698,0.0260855,1.698,0.0263159,1.698,0.0256247,1.698,0.0264146,1.698,0.00933231,1.698,0.00873986
,,1.699,-0.000872742,1.699,0.0387244,1.699,0.0083449,1.699,0.009069,1.699,0.0260526,1.699,0.026283,1.699,0.0256247,1.699,0.0249993,1.699,0.0092994,1.699,0.00916774
,,1.7,-0.000813441,1.7,0.0396131,1.7,0.00854238,1.7,0.00903609,1.7,0.0260197,1.7,0.0252297,1.7,0.0255918,1.7,0.0259868,1.7,0.00933231,1.7,0.00949688
,,1.701,-0.000866153,1.701,0.039646,1.701,0.00900318,1.701,0.00933231,1.701,0.0261842,1.701,0.0261513,1.701,0.0257234,1.701,0.026283,1.701,0.0092994,1.701,0.00939814
,,1.702,-0.000852975,1.702,0.0397448,1.702,0.00893735,1.702,0.00867404,1.702,0.0262172,1.702,0.0264146,1.702,0.0257893,1.702,0.0265792,1.702,0.0092994,1.702,0.0097602
,,1.703,-0.000846386,1.703,0.0397119,1.703,0.00939814,1.703,0.00913483,1.703,0.0261513,1.703,0.0266121,1.703,0.0257564,1.703,0.0249664,1.703,0.00933231,1.703,0.00864112
,,1.704,-0.000852975,1.704,0.0382636,1.704,0.00804867,1.704,0.0095298,1.704,0.0262172,1.704,0.0261842,1.704,0.0257564,1.704,0.0254931,1.704,0.00933231,1.704,0.00933231
,,1.705,-0.000872742,1.705,0.0394815,1.705,0.00818033,1.705,0.00956271,1.705,0.0261184,1.705,0.0259538,1.705,0.0256247,1.705,0.0259538,1.705,0.00936523,1.705,0.00956271
,,1.706,-0.000852975,1.706,0.0398106,1.706,0.00883861,1.706,0.00841072,1.706,0.0261842,1.706,0.0264146,1.706,0.0255918,1.706,0.026283,1.706,0.00933231,1.706,0.00900318
,,1.707,-0.000826619,1.707,0.0398106,1.707,0.00883861,1.707,0.00893735,1.707,0.0260526,1.707,0.0266121,1.707,0.0255589,1.707,0.0250652,1.707,0.00939814,1.707,0.00966145
,,1.708,-0.000859564,1.708,0.0399752,1.708,0.00923357,1.708,0.00903609,1.708,0.0260197,1.708,0.0254931,1.708,0.0255589,1.708,0.0253285,1.708,0.00939814,1.708,0.00943106
,,1.709,-0.000839797,1.709,0.0395802,1.709,0.00916774,1.709,0.00913483,1.709,0.0260197,1.709,0.0261184,1.709,0.0256247,1.709,0.0257564,1.709,0.00939814,1.709,0.00814741
,,1.71,-0.000859564,1.71,0.0389548,1.71,0.00781827,1.71,0.00864112,1.71,0.0261842,1.71,0.0262172,1.71,0.0257234,1.71,0.0261842,1.71,0.00933231,1.71,0.00913483
,,1.711,-0.000833208,1.711,0.0391194,1.711,0.00850947,1.711,0.00923357,1.711,0.0262172,1.711,0.0263817,1.711,0.0256905,1.711,0.0259538,1.711,0.00933231,1.711,0.00923357
,,1.712,-0.000846386,1.712,0.0394815,1.712,0.00910192,1.712,0.00956271,1.712,0.0261513,1.712,0.025888,1.712,0.0256576,1.712,0.0252627,1.712,0.00939814,1.712,0.00966145
,,1.713,-0.000846386,1.713,0.0401727,1.713,0.00870695,1.713,0.00887152,1.713,0.0261513,1.713,0.0260526,1.713,0.0256905,1.713,0.0255589,1.713,0.0092994,1.713,0.00936523
,,1.714,-0.000839797,1.714,0.0399423,1.714,0.009069,1.714,0.00900318,1.714,0.0260526,1.714,0.0262172,1.714,0.0255918,1.714,0.0255589,1.714,0.00936523,1.714,0.00972728
,,1.715,-0.000852975,1.715,0.0381978,1.715,0.0081145,1.715,0.00939814,1.715,0.0260855,1.715,0.0259538,1.715,0.0255918,1.715,0.025888,1.715,0.0092994,1.715,0.00844364
,,1.716,-0.000839797,1.716,0.0383295,1.716,0.00804867,1.716,0.00949688,1.716,0.0259538,1.716,0.025888,1.716,0.0256576,1.716,0.0263488,1.716,0.0092994,1.716,0.0092994
,,1.717,-0.000839797,1.717,0.0395144,1.717,0.00897026,1.717,0.00887152,1.717,0.0259868,1.717,0.0260197,1.717,0.0256576,1.717,0.0256905,1.717,0.0092994,1.717,0.00959563
,,1.718,-0.000852975,1.718,0.039646,1.718,0.00916774,1.718,0.00877278,1.718,0.0261842,1.718,0.0263159,1.718,0.0257234,1.718,0.0253285,1.718,0.0092994,1.718,0.00913483
,,1.719,-0.000872742,1.719,0.0401068,1.719,0.00920066,1.719,0.00900318,1.719,0.0261513,1.719,0.0252297,1.719,0.0257893,1.719,0.0255918,1.719,0.00933231,1.719,0.00933231
,,1.72,-0.000852975,1.72,0.040041,1.72,0.00936523,1.72,0.00936523,1.72,0.0261184,1.72,0.0262172,1.72,0.0257564,1.72,0.0259868,1.72,0.00936523,1.72,0.009069
,,1.721,-0.000852975,1.721,0.0383624,1.721,0.0078841,1.721,0.00939814,1.721,0.0261513,1.721,0.026645,1.721,0.0256905,1.721,0.0259209,1.721,0.00933231,1.721,0.00933231
,,1.722,-0.000839797,1.722,0.0392511,1.722,0.00814741,1.722,0.00939814,1.722,0.0261842,1.722,0.0264805,1.722,0.0256247,1.722,0.0262172,1.722,0.00926649,1.722,0.00936523
,,1.723,-0.000866153,1.723,0.0397119,1.723,0.00916774,1.723,0.00883861,1.723,0.0261513,1.723,0.0258222,1.723,0.0255918,1.723,0.0258551,1.723,0.00933231,1.723,0.00982602
,,1.724,-0.000866153,1.724,0.0398764,1.724,0.00900318,1.724,0.00903609,1.724,0.0261184,1.724,0.0259209,1.724,0.0254931,1.724,0.0248019,1.724,0.00939814,1.724,0.00985894
,,1.725,-0.000826619,1.725,0.0398435,1.725,0.00926649,1.725,0.009069,1.725,0.0260855,1.725,0.0262172,1.725,0.0255589,1.725,0.0252956,1.725,0.00939814,1.725,0.00850947
,,1.726,-0.000859564,1.726,0.0383953,1.726,0.00883861,1.726,0.00936523,1.726,0.0261513,1.726,0.0265792,1.726,0.0255589,1.726,0.0259868,1.726,0.00933231,1.726,0.00897026
,,1.727,-0.000859564,1.727,0.0386257,1.727,0.00778536,1.727,0.00936523,1.727,0.0262172,1.727,0.025526,1.727,0.0256247,1.727,0.0257893,1.727,0.00933231,1.727,0.0092994
,,1.728,-0.000852975,1.728,0.0394486,1.728,0.00870695,1.728,0.00949688,1.728,0.0261842,1.728,0.0260855,1.728,0.0255918,1.728,0.0260197,1.728,0.00936523,1.728,0.00946397
,,1.729,-0.000852975,1.729,0.0397448,1.729,0.009069,1.729,0.00873986,1.729,0.0262172,1.729,0.0259868,1.729,0.0256576,1.729,0.0263817,1.729,0.00936523,1.729,0.00913483
,,1.73,-0.000852975,1.73,0.0398106,1.73,0.00920066,1.73,0.00841072,1.73,0.0260526,1.73,0.0261513,1.73,0.0256576,1.73,0.0259209,1.73,0.00933231,1.73,0.00850947
,,1.731,-0.000846386,1.731,0.040436,1.731,0.00933231,1.731,0.00939814,1.731,0.0260526,1.731,0.0260526,1.731,0.0256576,1.731,0.0248677,1.731,0.0092994,1.731,0.00900318
,,1.732,-0.000852975,1.732,0.0382636,1.732,0.00847655,1.732,0.0095298,1.732,0.0260526,1.732,0.0256247,1.732,0.0256247,1.732,0.0258551,1.732,0.00933231,1.732,0.00956271
,,1.733,-0.000839797,1.733,0.0386257,1.733,0.00814741,1.733,0.00939814,1.733,0.025888,1.733,0.0257234,1.733,0.0256576,1.733,0.0261184,1.733,0.00926649,1.733,0.00966145
,,1.734,-0.000852975,1.734,0.038889,1.734,0.00847655,1.734,0.00900318,1.734,0.0259868,1.734,0.025888,1.734,0.0257234,1.734,0.0265792,1.734,0.0092994,1.734,0.0097602
,,1.735,-0.000846386,1.735,0.0393169,1.735,0.00880569,1.735,0.00877278,1.735,0.0261513,1.735,0.0265463,1.735,0.0257564,1.735,0.0258551,1.735,0.0092994,1.735,0.00870695
,,1.736,-0.000859564,1.736,0.039284,1.736,0.00956271,1.736,0.00943106,1.736,0.0261513,1.736,0.026645,1.736,0.0256905,1.736,0.0254272,1.736,0.0092994,1.736,0.00867404
,,1.737,-0.000846386,1.737,0.0402385,1.737,0.00778536,1.737,0.00939814,1.737,0.0261513,1.737,0.0257234,1.737,0.0257564,1.737,0.0259209,1.737,0.00933231,1.737,0.009069
,,1.738,-0.000879331,1.738,0.0386257,1.738,0.00827907,1.738,0.00946397,1.738,0.0260855,1.738,0.0255589,1.738,0.0257234,1.738,0.0254601,1.738,0.00933231,1.738,0.00923357
,,1.739,-0.000846386,1.739,0.0392511,1.739,0.00877278,1.739,0.00883861,1.739,0.0262172,1.739,0.0262501,1.739,0.025526,1.739,0.025526,1.739,0.00926649,1.739,0.00985894
,,1.74,-0.000839797,1.74,0.039646,1.74,0.00913483,1.74,0.00860821,1.74,0.0262172,1.74,0.0263817,1.74,0.025526,1.74,0.0258222,1.74,0.00933231,1.74,0.00873986
,,1.741,-0.000852975,1.741,0.0400081,1.741,0.00959563,1.741,0.00897026,1.741,0.0260526,1.741,0.0268096,1.741,0.0255589,1.741,0.0248019,1.741,0.00933231,1.741,0.00916774
,,1.742,-0.000859564,1.742,0.0397777,1.742,0.00827907,1.742,0.00926649,1.742,0.0260526,1.742,0.0265463,1.742,0.0256247,1.742,0.0251968,1.742,0.00936523,1.742,0.00939814
,,1.743,-0.000852975,1.743,0.0388232,1.743,0.00847655,1.743,0.00933231,1.743,0.0260855,1.743,0.0260855,1.743,0.0255918,1.743,0.0257234,1.743,0.00936523,1.743,0.00985894
,,1.744,-0.000859564,1.744,0.0396789,1.744,0.00913483,1.744,0.00923357,1.744,0.0261842,1.744,0.0256247,1.744,0.0255918,1.744,0.0261184,1.744,0.00933231,1.744,0.00883861
,,1.745,-0.000866153,1.745,0.0394815,1.745,0.00903609,1.745,0.00883861,1.745,0.0261513,1.745,0.0261513,1.745,0.0256247,1.745,0.0260526,1.745,0.00936523,1.745,0.00946397
,,1.746,-0.000859564,1.746,0.0402385,1.746,0.00933231,1.746,0.00916774,1.746,0.0260855,1.746,0.0262172,1.746,0.0256905,1.746,0.0261842,1.746,0.00939814,1.746,0.00943106
,,1.747,-0.000852975,1.747,0.0398435,1.747,0.00791702,1.747,0.0092994,1.747,0.0260197,1.747,0.0265134,1.747,0.0257564,1.747,0.0245056,1.747,0.00936523,1.747,0.00982602
,,1.748,-0.000872742,1.748,0.038494,1.748,0.00821324,1.748,0.00999059,1.748,0.0259868,1.748,0.026678,1.748,0.0256247,1.748,0.0248348,1.748,0.0092994,1.748,0.00870695
,,1.749,-0.000833208,1.749,0.0394486,1.749,0.00864112,1.749,0.00943106,1.749,0.025888,1.749,0.0259209,1.749,0.0255918,1.749,0.0254931,1.749,0.00926649,1.749,0.00890443
,,1.75,-0.000846386,1.75,0.0399423,1.75,0.00936523,1.75,0.00916774,1.75,0.0259538,1.75,0.0253285,1.75,0.0256576,1.75,0.0261842,1.75,0.00923357,1.75,0.0095298
,,1.751,-0.000839797,1.751,0.0398764,1.751,0.00910192,1.751,0.00880569,1.751,0.0261513,1.751,0.0260855,1.751,0.0256905,1.751,0.026283,1.751,0.0092994,1.751,0.0100235
,,1.752,-0.000866153,1.752,0.0388232,1.752,0.00933231,1.752,0.00933231,1.752,0.0260526,1.752,0.0262172,1.752,0.0256905,1.752,0.0261513,1.752,0.00933231,1.752,0.00877278
,,1.753,-0.000846386,1.753,0.0392511,1.753,0.00827907,1.753,0.00943106,1.753,0.0260526,1.753,0.0267438,1.753,0.0257564,1.753,0.0256905,1.753,0.0092994,1.753,0.00933231
,,1.754,-0.000846386,1.754,0.0390207,1.754,0.00893735,1.754,0.00943106,1.754,0.0261184,1.754,0.025526,1.754,0.0257234,1.754,0.0249664,1.754,0.00926649,1.754,0.00939814
,,1.755,-0.000846386,1.755,0.0394815,1.755,0.0092994,1.755,0.00893735,1.755,0.0261513,1.755,0.0263488,1.755,0.0256576,1.755,0.0252297,1.755,0.00926649,1.755,0.0095298
,,1.756,-0.000846386,1.756,0.0402056,1.756,0.00900318,1.756,0.0092994,1.756,0.0261513,1.756,0.0266121,1.756,0.0255918,1.756,0.0256905,1.756,0.00936523,1.756,0.0092994
,,1.757,-0.000852975,1.757,0.0404689,1.757,0.00814741,1.757,0.00897026,1.757,0.0260526,1.757,0.0260855,1.757,0.0255589,1.757,0.0261513,1.757,0.00936523,1.757,0.00959563
,,1.758,-0.000872742,1.758,0.0382966,1.758,0.00893735,1.758,0.009069,1.758,0.0260197,1.758,0.0267438,1.758,0.0255589,1.758,0.0257893,1.758,0.00936523,1.758,0.00956271
,,1.759,-0.000846386,1.759,0.0389219,1.759,0.00890443,1.759,0.00913483,1.759,0.0260526,1.759,0.0261184,1.759,0.0256905,1.759,0.0257234,1.759,0.00939814,1.759,0.00956271
,,1.76,-0.000839797,1.76,0.0390865,1.76,0.00897026,1.76,0.00962854,1.76,0.0260855,1.76,0.0257234,1.76,0.0256576,1.76,0.0249006,1.76,0.00939814,1.76,0.00897026
,,1.761,-0.000852975,1.761,0.039646,1.761,0.00926649,1.761,0.00860821,1.761,0.0262172,1.761,0.0263488,1.761,0.0257234,1.761,0.0256247,1.761,0.00936523,1.761,0.00939814
,,1.762,-0.000866153,1.762,0.0398764,1.762,0.00847655,1.762,0.00893735,1.762,0.0261184,1.762,0.0260197,1.762,0.0256576,1.762,0.026283,1.762,0.00933231,1.762,0.00982602
,,1.763,-0.000859564,1.763,0.0388232,1.763,0.00870695,1.763,0.00933231,1.763,0.0261184,1.763,0.026678,1.763,0.0257234,1.763,0.0259868,1.763,0.00933231,1.763,0.00939814
,,1.764,-0.000839797,1.764,0.0389548,1.764,0.00900318,1.764,0.00923357,1.764,0.0260526,1.764,0.0263159,1.764,0.0256905,1.764,0.0261513,1.764,0.0092994,1.764,0.00827907
,,1.765,-0.000852975,1.765,0.0400739,1.765,0.0092994,1.765,0.00943106,1.765,0.0260526,1.765,0.0254931,1.765,0.0257234,1.765,0.0256576,1.765,0.0092994,1.765,0.0095298
,,1.766,-0.000833208,1.766,0.0395802,1.766,0.00893735,1.766,0.00854238,1.766,0.0259538,1.766,0.025526,1.766,0.0256247,1.766,0.0247689,1.766,0.00926649,1.766,0.00962854
,,1.767,-0.000859564,1.767,0.0400739,1.767,0.00837781,1.767,0.00887152,1.767,0.025888,1.767,0.0261842,1.767,0.0256576,1.767,0.0257564,1.767,0.0092994,1.767,0.00985894
,,1.768,-0.000859564,1.768,0.0375066,1.768,0.00890443,1.768,0.00923357,1.768,0.0260526,1.768,0.026283,1.768,0.0257564,1.768,0.0256905,1.768,0.00926649,1.768,0.00877278
,,1.769,-0.000859564,1.769,0.0389219,1.769,0.00920066,1.769,0.00966145,1.769,0.0261513,1.769,0.0263159,1.769,0.0256905,1.769,0.0265134,1.769,0.00926649,1.769,0.00916774
,,1.77,-0.000859564,1.77,0.0398435,1.77,0.00913483,1.77,0.00972728,1.77,0.0260855,1.77,0.0264146,1.77,0.0257564,1.77,0.0261184,1.77,0.0092994,1.77,0.0095298
,,1.771,-0.000852975,1.771,0.0398764,1.771,0.00844364,1.771,0.00943106,1.771,0.0261184,1.771,0.0254931,1.771,0.0257893,1.771,0.0260855,1.771,0.0092994,1.771,0.00985894
,,1.772,-0.000839797,1.772,0.0393498,1.772,0.00827907,1.772,0.00873986,1.772,0.0262172,1.772,0.0258222,1.772,0.0257234,1.772,0.0245715,1.772,0.0092994,1.772,0.00923357
,,1.773,-0.000846386,1.773,0.0385928,1.773,0.00897026,1.773,0.009069,1.773,0.0261513,1.773,0.026283,1.773,0.0255589,1.773,0.0249993,1.773,0.0092994,1.773,0.00966145
,,1.774,-0.000833208,1.774,0.0395473,1.774,0.00893735,1.774,0.00936523,1.774,0.0259868,1.774,0.0265463,1.774,0.0255589,1.774,0.0256576,1.774,0.00933231,1.774,0.00946397
,,1.775,-0.000846386,1.775,0.0399093,1.775,0.00913483,1.775,0.00936523,1.775,0.0260526,1.775,0.025888,1.775,0.0255918,1.775,0.0257564,1.775,0.00936523,1.775,0.00949688
,,1.776,-0.000859564,1.776,0.039284,1.776,0.009069,1.776,0.00900318,1.776,0.0260526,1.776,0.0267767,1.776,0.0257234,1.776,0.0260197,1.776,0.00939814,1.776,0.00893735
,,1.777,-0.000852975,1.777,0.0384282,1.777,0.0081145,1.777,0.00972728,1.777,0.0260526,1.777,0.0256576,1.777,0.0256576,1.777,0.025888,1.777,0.00939814,1.777,0.0092994
,,1.778,-0.000846386,1.778,0.0394815,1.778,0.00900318,1.778,0.00873986,1.778,0.0261842,1.778,0.0256576,1.778,0.0256576,1.778,0.0260855,1.778,0.00936523,1.778,0.0101881
,,1.779,-0.000852975,1.779,0.040041,1.779,0.00936523,1.779,0.009069,1.779,0.0261842,1.779,0.025888,1.779,0.0256576,1.779,0.024736,1.779,0.00936523,1.779,0.0097602
,,1.78,-0.000806852,1.78,0.0401727,1.78,0.00873986,1.78,0.00893735,1.78,0.0260526,1.78,0.0262501,1.78,0.0257234,1.78,0.0255589,1.78,0.00933231,1.78,0.00939814
,,1.781,-0.000846386,1.781,0.040041,1.781,0.00870695,1.781,0.00969437,1.781,0.0260526,1.781,0.0264476,1.781,0.0256905,1.781,0.0257564,1.781,0.0092994,1.781,0.00936523
,,1.782,-0.000866153,1.782,0.0384282,1.782,0.00887152,1.782,0.00959563,1.782,0.025888,1.782,0.0259209,1.782,0.0256576,1.782,0.026283,1.782,0.00923357,1.782,0.00933231
,,1.783,-0.000866153,1.783,0.0389548,1.783,0.00933231,1.783,0.00880569,1.783,0.0259209,1.783,0.0256247,1.783,0.0256905,1.783,0.0261184,1.783,0.0092994,1.783,0.00962854
,,1.784,-0.000852975,1.784,0.0397119,1.784,0.00798284,1.784,0.00910192,1.784,0.0260855,1.784,0.0252627,1.784,0.0257234,1.784,0.0260197,1.784,0.00926649,1.784,0.00916774
,,1.785,-0.000839797,1.785,0.0401727,1.785,0.00857529,1.785,0.00883861,1.785,0.0260855,1.785,0.026283,1.785,0.0257893,1.785,0.0249993,1.785,0.00926649,1.785,0.0092994
,,1.786,-0.000859564,1.786,0.0393827,1.786,0.00920066,1.786,0.00943106,1.786,0.0260526,1.786,0.0262172,1.786,0.0257893,1.786,0.0249335,1.786,0.00933231,1.786,0.00966145
,,1.787,-0.000846386,1.787,0.0394486,1.787,0.00969437,1.787,0.00943106,1.787,0.0260526,1.787,0.0265792,1.787,0.0257564,1.787,0.0257234,1.787,0.0092994,1.787,0.00880569
,,1.788,-0.000839797,1.788,0.0398106,1.788,0.0081145,1.788,0.00903609,1.788,0.0260855,1.788,0.0265134,1.788,0.0257564,1.788,0.0255589,1.788,0.00933231,1.788,0.00910192
,,1.789,-0.000866153,1.789,0.0399423,1.789,0.00883861,1.789,0.00880569,1.789,0.0262172,1.789,0.0262172,1.789,0.0256247,1.789,0.0253614,1.789,0.00926649,1.789,0.00949688
,,1.79,-0.000852975,1.79,0.0385599,1.79,0.00887152,1.79,0.00900318,1.79,0.0260855,1.79,0.0256905,1.79,0.0255918,1.79,0.0261184,1.79,0.00936523,1.79,0.00979311
,,1.791,-0.000833208,1.791,0.0392511,1.791,0.009069,1.791,0.0092994,1.791,0.0260855,1.791,0.0262501,1.791,0.0256247,1.791,0.0249993,1.791,0.00936523,1.791,0.00880569
,,1.792,-0.000846386,1.792,0.0396131,1.792,0.00827907,1.792,0.00916774,1.792,0.0261513,1.792,0.0260526,1.792,0.0255918,1.792,0.0256905,1.792,0.00936523,1.792,0.00897026
,,1.793,-0.000839797,1.793,0.040041,1.793,0.00913483,1.793,0.00962854,1.793,0.0260855,1.793,0.0264476,1.793,0.0256905,1.793,0.0254931,1.793,0.00936523,1.793,0.00946397
,,1.794,-0.000852975,1.794,0.0385928,1.794,0.00933231,1.794,0.0095298,1.794,0.0261842,1.794,0.0263488,1.794,0.0256905,1.794,0.0259538,1.794,0.00936523,1.794,0.00939814
,,1.795,-0.000846386,1.795,0.0398435,1.795,0.00857529,1.795,0.00900318,1.795,0.0261842,1.795,0.0259209,1.795,0.0256905,1.795,0.0262501,1.795,0.00933231,1.795,0.00864112
,,1.796,-0.000839797,1.796,0.0397448,1.796,0.00910192,1.796,0.009069,1.796,0.0261184,1.796,0.0256905,1.796,0.0257234,1.796,0.0263488,1.796,0.00939814,1.796,0.00900318
,,1.797,-0.000839797,1.797,0.0397448,1.797,0.00887152,1.797,0.00936523,1.797,0.0261184,1.797,0.0259538,1.797,0.0257564,1.797,0.0260197,1.797,0.00933231,1.797,0.00939814
,,1.798,-0.000859564,1.798,0.0389219,1.798,0.00910192,1.798,0.00897026,1.798,0.0260197,1.798,0.0262172,1.798,0.0256905,1.798,0.0249006,1.798,0.0092994,1.798,0.00959563
,,1.799,-0.000833208,1.799,0.0395144,1.799,0.00791702,1.799,0.00897026,1.799,0.0259868,1.799,0.0260197,1.799,0.0256247,1.799,0.0254931,1.799,0.00926649,1.799,0.00913483
,,1.8,-0.000846386,1.8,0.0396789,1.8,0.00870695,1.8,0.00877278,1.8,0.0259868,1.8,0.0260855,1.8,0.0257234,1.8,0.0257893,1.8,0.00933231,1.8,0.00936523
,,1.801,-0.000859564,1.801,0.0386257,1.801,0.00936523,1.801,0.009069,1.801,0.0261513,1.801,0.0258222,1.801,0.0257234,1.801,0.0267438,1.801,0.00926649,1.801,0.00916774
,,1.802,-0.000846386,1.802,0.0395144,1.802,0.00933231,1.802,0.00933231,1.802,0.0260526,1.802,0.0259538,1.802,0.0257234,1.802,0.0260855,1.802,0.00923357,1.802,0.00923357
,,1.803,-0.000846386,1.803,0.0401068,1.803,0.00781827,1.803,0.009069,1.803,0.0261513,1.803,0.0257893,1.803,0.0257893,1.803,0.0262172,1.803,0.00933231,1.803,0.00962854
,,1.804,-0.000846386,1.804,0.0404031,1.804,0.00890443,1.804,0.0097602,1.804,0.0260526,1.804,0.0259209,1.804,0.0257893,1.804,0.025131,1.804,0.00926649,1.804,0.00824615
,,1.805,-0.000846386,1.805,0.0391194,1.805,0.0092994,1.805,0.00943106,1.805,0.0261184,1.805,0.026678,1.805,0.0256905,1.805,0.0250652,1.805,0.00923357,1.805,0.00910192
,,1.806,-0.000833208,1.806,0.0395802,1.806,0.00850947,1.806,0.00893735,1.806,0.0261184,1.806,0.0268425,1.806,0.0255918,1.806,0.0253614,1.806,0.0092994,1.806,0.00926649
,,1.807,-0.000859564,1.807,0.0400739,1.807,0.00850947,1.807,0.00870695,1.807,0.0260526,1.807,0.0259538,1.807,0.0255589,1.807,0.0259209,1.807,0.00933231,1.807,0.00946397
,,1.808,-0.000866153,1.808,0.0389878,1.808,0.00920066,1.808,0.00873986,1.808,0.0260197,1.808,0.0252627,1.808,0.0255918,1.808,0.0260855,1.808,0.00939814,1.808,0.00946397
,,1.809,-0.000859564,1.809,0.0394486,1.809,0.00939814,1.809,0.00903609,1.809,0.0260855,1.809,0.0266121,1.809,0.0256247,1.809,0.0263159,1.809,0.00933231,1.809,0.00939814
,,1.81,-0.000859564,1.81,0.0394486,1.81,0.00804867,1.81,0.0092994,1.81,0.0261513,1.81,0.0259868,1.81,0.0256905,1.81,0.0251968,1.81,0.0092994,1.81,0.00864112
,,1.811,-0.000846386,1.811,0.0393169,1.811,0.00913483,1.811,0.0092994,1.811,0.0261513,1.811,0.0268425,1.811,0.0257234,1.811,0.0255589,1.811,0.0092994,1.811,0.00920066
,,1.812,-0.000859564,1.812,0.0383953,1.812,0.00916774,1.812,0.00877278,1.812,0.0261184,1.812,0.0265134,1.812,0.0257234,1.812,0.0255589,1.812,0.00936523,1.812,0.00916774
,,1.813,-0.000852975,1.813,0.0393827,1.813,0.0095298,1.813,0.00880569,1.813,0.0261184,1.813,0.0267438,1.813,0.0256905,1.813,0.0259209,1.813,0.00933231,1.813,0.00992477
,,1.814,-0.000846386,1.814,0.0400081,1.814,0.00857529,1.814,0.00920066,1.814,0.0260855,1.814,0.0253285,1.814,0.0256905,1.814,0.0256905,1.814,0.0092994,1.814,0.00949688
,,1.815,-0.000846386,1.815,0.0401397,1.815,0.00883861,1.815,0.00926649,1.815,0.0260855,1.815,0.0255589,1.815,0.0256576,1.815,0.0259868,1.815,0.0092994,1.815,0.00903609
,,1.816,-0.000852975,1.816,0.038889,1.816,0.00893735,1.816,0.00920066,1.816,0.0259538,1.816,0.0257234,1.816,0.0256576,1.816,0.0261184,1.816,0.00923357,1.816,0.00847655
,,1.817,-0.000859564,1.817,0.0394156,1.817,0.00808159,1.817,0.00893735,1.817,0.0259209,1.817,0.0262501,1.817,0.0257234,1.817,0.0252956,1.817,0.00920066,1.817,0.00920066
,,1.818,-0.000866153,1.818,0.039646,1.818,0.00883861,1.818,0.00887152,1.818,0.0260855,1.818,0.0260855,1.818,0.0257893,1.818,0.0253943,1.818,0.00926649,1.818,0.0095298
,,1.819,-0.000839797,1.819,0.038889,1.819,0.00880569,1.819,0.009069,1.819,0.0260526,1.819,0.0264476,1.819,0.0257234,1.819,0.025888,1.819,0.00923357,1.819,0.0092994
,,1.82,-0.000866153,1.82,0.039284,1.82,0.00956271,1.82,0.00920066,1.82,0.0260855,1.82,0.0249006,1.82,0.0258551,1.82,0.0257234,1.82,0.00923357,1.82,0.00956271
,,1.821,-0.000859564,1.821,0.0395802,1.821,0.0081145,1.821,0.00903609,1.821,0.0260855,1.821,0.0258551,1.821,0.0257564,1.821,0.0257893,1.821,0.0092994,1.821,0.00897026
,,1.822,-0.000852975,1.822,0.0399423,1.822,0.00864112,1.822,0.00923357,1.822,0.0261842,1.822,0.026283,1.822,0.0257234,1.822,0.0257234,1.822,0.00926649,1.822,0.00890443
,,1.823,-0.000872742,1.823,0.0391523,1.823,0.00910192,1.823,0.00847655,1.823,0.0261513,1.823,0.026283,1.823,0.0255918,1.823,0.0252627,1.823,0.0092994,1.823,0.00893735
,,1.824,-0.000839797,1.824,0.039284,1.824,0.00903609,1.824,0.00893735,1.824,0.0259868,1.824,0.0262172,1.824,0.025526,1.824,0.0249993,1.824,0.00936523,1.824,0.009069
,,1.825,-0.000866153,1.825,0.0401397,1.825,0.00867404,1.825,0.00926649,1.825,0.0260526,1.825,0.026678,1.825,0.0255918,1.825,0.0255918,1.825,0.00933231,1.825,0.00923357
,,1.826,-0.000866153,1.826,0.0398435,1.826,0.00910192,1.826,0.00903609,1.826,0.0262172,1.826,0.0251639,1.826,0.0256905,1.826,0.0256247,1.826,0.00933231,1.826,0.0095298
,,1.827,-0.000859564,1.827,0.0393169,1.827,0.00890443,1.827,0.00933231,1.827,0.0262501,1.827,0.025526,1.827,0.0256247,1.827,0.0264805,1.827,0.00936523,1.827,0.00887152
,,1.828,-0.000852975,1.828,0.039646,1.828,0.00897026,1.828,0.00939814,1.828,0.0261842,1.828,0.0261842,1.828,0.0257234,1.828,0.0258551,1.828,0.00926649,1.828,0.00903609
,,1.829,-0.000839797,1.829,0.0399752,1.829,0.00880569,1.829,0.00867404,1.829,0.0261184,1.829,0.0264146,1.829,0.0257234,1.829,0.0252627,1.829,0.0092994,1.829,0.00982602
,,1.83,-0.000852975,1.83,0.0408309,1.83,0.00880569,1.83,0.00923357,1.83,0.0260526,1.83,0.0265134,1.83,0.0257234,1.83,0.0252297,1.83,0.00933231,1.83,0.00943106
,,1.831,-0.000859564,1.831,0.0389219,1.831,0.00910192,1.831,0.00893735,1.831,0.0260197,1.831,0.0268425,1.831,0.0256905,1.831,0.0254601,1.831,0.0092994,1.831,0.00982602
,,1.832,-0.000852975,1.832,0.0399093,1.832,0.00804867,1.832,0.00936523,1.832,0.0259538,1.832,0.0254272,1.832,0.0256905,1.832,0.0257564,1.832,0.00926649,1.832,0.00923357
,,1.833,-0.000859564,1.833,0.0395802,1.833,0.00837781,1.833,0.00943106,1.833,0.0259868,1.833,0.0257234,1.833,0.0256576,1.833,0.0259538,1.833,0.00923357,1.833,0.00962854
,,1.834,-0.000846386,1.834,0.0385599,1.834,0.00887152,1.834,0.00900318,1.834,0.0260526,1.834,0.0256576,1.834,0.0257564,1.834,0.0264805,1.834,0.00926649,1.834,0.0092994
,,1.835,-0.000852975,1.835,0.0394156,1.835,0.00923357,1.835,0.00923357,1.835,0.0261184,1.835,0.026645,1.835,0.0257893,1.835,0.0260197,1.835,0.00923357,1.835,0.0092994
,,1.836,-0.000852975,1.836,0.0401068,1.836,0.00831198,1.836,0.00936523,1.836,0.0261513,1.836,0.0264805,1.836,0.0257564,1.836,0.0244069,1.836,0.00926649,1.836,0.00877278
,,1.837,-0.000846386,1.837,0.0397119,1.837,0.00887152,1.837,0.00936523,1.837,0.0261842,1.837,0.0267109,1.837,0.0257564,1.837,0.0252627,1.837,0.00923357,1.837,0.00992477
,,1.838,-0.000852975,1.838,0.0387903,1.838,0.00890443,1.838,0.00936523,1.838,0.0262501,1.838,0.0256576,1.838,0.0257234,1.838,0.0256576,1.838,0.00923357,1.838,0.00936523
,,1.839,-0.000839797,1.839,0.0394815,1.839,0.00860821,1.839,0.00946397,1.839,0.0261842,1.839,0.0256905,1.839,0.0256247,1.839,0.0261842,1.839,0.0092994,1.839,0.00946397
,,1.84,-0.000846386,1.84,0.0399093,1.84,0.00860821,1.84,0.00890443,1.84,0.0261513,1.84,0.0258222,1.84,0.0255589,1.84,0.0253943,1.84,0.0092994,1.84,0.00883861
,,1.841,-0.000846386,1.841,0.040041,1.841,0.00873986,1.841,0.00883861,1.841,0.0260197,1.841,0.0260526,1.841,0.0256247,1.841,0.0263159,1.841,0.00933231,1.841,0.00926649
,,1.842,-0.000839797,1.842,0.0390865,1.842,0.00897026,1.842,0.00870695,1.842,0.0260197,1.842,0.0262501,1.842,0.0256576,1.842,0.0249664,1.842,0.00933231,1.842,0.00946397
,,1.843,-0.000852975,1.843,0.0396131,1.843,0.00923357,1.843,0.00933231,1.843,0.0261842,1.843,0.0268425,1.843,0.0257234,1.843,0.0252956,1.843,0.00926649,1.843,0.00913483
,,1.844,-0.000846386,1.844,0.0397119,1.844,0.00900318,1.844,0.00920066,1.844,0.0261842,1.844,0.0262501,1.844,0.0256905,1.844,0.0256247,1.844,0.0092994,1.844,0.00893735
,,1.845,-0.000839797,1.845,0.0388232,1.845,0.0081145,1.845,0.00903609,1.845,0.0261842,1.845,0.0257234,1.845,0.0257234,1.845,0.0259868,1.845,0.0092994,1.845,0.00893735
,,1.846,-0.000846386,1.846,0.0393169,1.846,0.00857529,1.846,0.00867404,1.846,0.0260855,1.846,0.0262501,1.846,0.0257234,1.846,0.0261513,1.846,0.0092994,1.846,0.00959563
,,1.847,-0.000826619,1.847,0.0399093,1.847,0.00893735,1.847,0.0097602,1.847,0.0260197,1.847,0.0260197,1.847,0.0257234,1.847,0.0251968,1.847,0.0092994,1.847,0.00831198
,,1.848,-0.000859564,1.848,0.0401727,1.848,0.00900318,1.848,0.00959563,1.848,0.0260526,1.848,0.0260197,1.848,0.0256905,1.848,0.0257564,1.848,0.00923357,1.848,0.00854238
,,1.849,-0.000833208,1.849,0.0389548,1.849,0.00897026,1.849,0.00933231,1.849,0.025888,1.849,0.0259868,1.849,0.0256576,1.849,0.0259209,1.849,0.00920066,1.849,0.00949688
,,1.85,-0.000852975,1.85,0.0385928,1.85,0.00752205,1.85,0.00814741,1.85,0.0259868,1.85,0.0262501,1.85,0.0256576,1.85,0.0260855,1.85,0.00926649,1.85,0.00962854
,,1.851,-0.000859564,1.851,0.0391194,1.851,0.00794993,1.851,0.00877278,1.851,0.0261513,1.851,0.0250981,1.851,0.0257893,1.851,0.026283,1.851,0.00926649,1.851,0.00864112
,,1.852,-0.000839797,1.852,0.0397119,1.852,0.00864112,1.852,0.00883861,1.852,0.0261842,1.852,0.0259868,1.852,0.0257893,1.852,0.0262172,1.852,0.00923357,1.852,0.00890443
,,1.853,-0.000846386,1.853,0.0399752,1.853,0.00893735,1.853,0.00920066,1.853,0.0260526,1.853,0.0263817,1.853,0.0258222,1.853,0.0250323,1.853,0.00926649,1.853,0.00966145
,,1.854,-0.000852975,1.854,0.0401068,1.854,0.009069,1.854,0.00926649,1.854,0.0260526,1.854,0.0265792,1.854,0.0258222,1.854,0.0252956,1.854,0.00923357,1.854,0.00979311
,,1.855,-0.000839797,1.855,0.0387903,1.855,0.00762079,1.855,0.00880569,1.855,0.0261184,1.855,0.0267438,1.855,0.0257564,1.855,0.0256905,1.855,0.00920066,1.855,0.009069
,,1.856,-0.000859564,1.856,0.0385599,1.856,0.00808159,1.856,0.00900318,1.856,0.0261513,1.856,0.026645,1.856,0.0256247,1.856,0.025888,1.856,0.00926649,1.856,0.00903609
,,1.857,-0.000839797,1.857,0.039284,1.857,0.00880569,1.857,0.00910192,1.857,0.0260855,1.857,0.0253943,1.857,0.025526,1.857,0.0259209,1.857,0.00933231,1.857,0.00943106
,,1.858,-0.000859564,1.858,0.0397448,1.858,0.00860821,1.858,0.00910192,1.858,0.0260526,1.858,0.0255918,1.858,0.0255589,1.858,0.0261184,1.858,0.0092994,1.858,0.00982602
,,1.859,-0.000839797,1.859,0.0400081,1.859,0.00890443,1.859,0.00880569,1.859,0.0261842,1.859,0.0260197,1.859,0.0256247,1.859,0.0246373,1.859,0.00926649,1.859,0.00860821
,,1.86,-0.000846386,1.86,0.0380991,1.86,0.00821324,1.86,0.00910192,1.86,0.0261842,1.86,0.0265134,1.86,0.0256905,1.86,0.0253614,1.86,0.00926649,1.86,0.00913483
,,1.861,-0.000826619,1.861,0.0383953,1.861,0.00824615,1.861,0.00837781,1.861,0.0261842,1.861,0.0265792,1.861,0.0257564,1.861,0.0255918,1.861,0.0092994,1.861,0.00962854
,,1.862,-0.000852975,1.862,0.0392182,1.862,0.00850947,1.862,0.00916774,1.862,0.0261842,1.862,0.025888,1.862,0.0256905,1.862,0.0260855,1.862,0.00926649,1.862,0.00972728
,,1.863,-0.000846386,1.863,0.0398106,1.863,0.00923357,1.863,0.00900318,1.863,0.0260855,1.863,0.0254931,1.863,0.0257234,1.863,0.0262501,1.863,0.00926649,1.863,0.00841072
,,1.864,-0.000846386,1.864,0.0399752,1.864,0.00880569,1.864,0.00943106,1.864,0.0260855,1.864,0.026283,1.864,0.0257564,1.864,0.0246373,1.864,0.00926649,1.864,0.00900318
,,1.865,-0.000852975,1.865,0.0400081,1.865,0.00900318,1.865,0.00913483,1.865,0.0260526,1.865,0.0267109,1.865,0.0256247,1.865,0.0249993,1.865,0.00923357,1.865,0.00933231
,,1.866,-0.000839797,1.866,0.0382307,1.866,0.00775245,1.866,0.00873986,1.866,0.0259209,1.866,0.0265463,1.866,0.0256905,1.866,0.0259209,1.866,0.00923357,1.866,0.00916774
,,1.867,-0.000866153,1.867,0.0393827,1.867,0.00857529,1.867,0.00893735,1.867,0.0259209,1.867,0.0257893,1.867,0.0257234,1.867,0.0254272,1.867,0.00920066,1.867,0.00897026
,,1.868,-0.000852975,1.868,0.0396789,1.868,0.00926649,1.868,0.00936523,1.868,0.0260526,1.868,0.0256247,1.868,0.0257564,1.868,0.0260855,1.868,0.0092994,1.868,0.009069
,,1.869,-0.000859564,1.869,0.0399093,1.869,0.00880569,1.869,0.00946397,1.869,0.0261184,1.869,0.0265792,1.869,0.0257564,1.869,0.0262501,1.869,0.0092994,1.869,0.00920066
,,1.87,-0.000852975,1.87,0.0399093,1.87,0.00781827,1.87,0.00939814,1.87,0.0260526,1.87,0.0261842,1.87,0.025888,1.87,0.0252627,1.87,0.00923357,1.87,0.00949688
,,1.871,-0.000852975,1.871,0.0384611,1.871,0.00903609,1.871,0.00870695,1.871,0.0261513,1.871,0.0267438,1.871,0.0257893,1.871,0.0261842,1.871,0.00920066,1.871,0.00854238
,,1.872,-0.000852975,1.872,0.0388561,1.872,0.00923357,1.872,0.00903609,1.872,0.0260855,1.872,0.0268425,1.872,0.0256576,1.872,0.0256576,1.872,0.00923357,1.872,0.00933231
,,1.873,-0.000859564,1.873,0.0393498,1.873,0.00923357,1.873,0.00936523,1.873,0.0259538,1.873,0.0256905,1.873,0.0256247,1.873,0.0257564,1.873,0.00923357,1.873,0.00956271
,,1.874,-0.000833208,1.874,0.0399423,1.874,0.00791702,1.874,0.00864112,1.874,0.0260197,1.874,0.0256905,1.874,0.0255918,1.874,0.0252627,1.874,0.00936523,1.874,0.0097602
,,1.875,-0.000846386,1.875,0.0395802,1.875,0.00873986,1.875,0.00910192,1.875,0.0256905,1.875,0.0261842,1.875,0.0256247,1.875,0.0249664,1.875,0.00933231,1.875,0.009069
,,1.876,-0.000859564,1.876,0.0389219,1.876,0.00900318,1.876,0.00880569,1.876,0.0260526,1.876,0.026678,1.876,0.0256576,1.876,0.0257234,1.876,0.00923357,1.876,0.00900318
,,1.877,-0.000839797,1.877,0.0396789,1.877,0.00860821,1.877,0.00926649,1.877,0.0260526,1.877,0.0264146,1.877,0.0256905,1.877,0.0259868,1.877,0.00926649,1.877,0.00943106
,,1.878,-0.000852975,1.878,0.0397119,1.878,0.00890443,1.878,0.00949688,1.878,0.0262172,1.878,0.026283,1.878,0.0256905,1.878,0.0264146,1.878,0.0092994,1.878,0.00982602
,,1.879,-0.000866153,1.879,0.0390536,1.879,0.00864112,1.879,0.00890443,1.879,0.0261842,1.879,0.0257893,1.879,0.0257234,1.879,0.0262172,1.879,0.00926649,1.879,0.00890443
,,1.88,-0.000833208,1.88,0.0393169,1.88,0.00900318,1.88,0.00880569,1.88,0.0261184,1.88,0.0259538,1.88,0.0257234,1.88,0.0247689,1.88,0.00926649,1.88,0.00939814
,,1.881,-0.000852975,1.881,0.039646,1.881,0.00801576,1.881,0.00903609,1.881,0.0260855,1.881,0.0263488,1.881,0.0257234,1.881,0.0253943,1.881,0.00926649,1.881,0.00956271
,,1.882,-0.000852975,1.882,0.0402056,1.882,0.00818033,1.882,0.00900318,1.882,0.0259209,1.882,0.025888,1.882,0.0256576,1.882,0.0259209,1.882,0.00926649,1.882,0.00926649
,,1.883,-0.000826619,1.883,0.0388232,1.883,0.00926649,1.883,0.00903609,1.883,0.0259868,1.883,0.0261184,1.883,0.0257564,1.883,0.0262501,1.883,0.00923357,1.883,0.00916774
,,1.884,-0.000846386,1.884,0.0394156,1.884,0.00910192,1.884,0.00910192,1.884,0.0261184,1.884,0.0253943,1.884,0.0257564,1.884,0.0257564,1.884,0.00923357,1.884,0.00943106
,,1.885,-0.000852975,1.885,0.0399093,1.885,0.00808159,1.885,0.00923357,1.885,0.0261513,1.885,0.0261513,1.885,0.0258551,1.885,0.0253614,1.885,0.00920066,1.885,0.00982602
,,1.886,-0.000846386,1.886,0.0401068,1.886,0.00920066,1.886,0.00913483,1.886,0.0260855,1.886,0.0263488,1.886,0.0258222,1.886,0.0256576,1.886,0.00923357,1.886,0.00949688
,,1.887,-0.000866153,1.887,0.0391194,1.887,0.00920066,1.887,0.00962854,1.887,0.0260855,1.887,0.0264476,1.887,0.0258222,1.887,0.0262172,1.887,0.00920066,1.887,0.00933231
,,1.888,-0.000852975,1.888,0.0394486,1.888,0.00818033,1.888,0.00916774,1.888,0.0260855,1.888,0.0265792,1.888,0.0257893,1.888,0.0260197,1.888,0.00923357,1.888,0.0095298
,,1.889,-0.000852975,1.889,0.0400739,1.889,0.00857529,1.889,0.00883861,1.889,0.0262172,1.889,0.0257893,1.889,0.0256905,1.889,0.0252627,1.889,0.00923357,1.889,0.0092994
,,1.89,-0.000839797,1.89,0.0393827,1.89,0.00873986,1.89,0.00916774,1.89,0.0262172,1.89,0.0261513,1.89,0.0256247,1.89,0.0256905,1.89,0.00926649,1.89,0.00854238
,,1.891,-0.000846386,1.891,0.0392182,1.891,0.00936523,1.891,0.00903609,1.891,0.0260855,1.891,0.0258551,1.891,0.0256905,1.891,0.0262501,1.891,0.0092994,1.891,0.00864112
,,1.892,-0.000846386,1.892,0.0395473,1.892,0.00791702,1.892,0.00890443,1.892,0.0261513,1.892,0.026678,1.892,0.0256905,1.892,0.0260855,1.892,0.00926649,1.892,0.00962854
,,1.893,-0.000852975,1.893,0.040041,1.893,0.00841072,1.893,0.00893735,1.893,0.0261842,1.893,0.0267767,1.893,0.0256905,1.893,0.0253285,1.893,0.00926649,1.893,0.00946397
,,1.894,-0.000826619,1.894,0.0384282,1.894,0.00923357,1.894,0.00887152,1.894,0.0261513,1.894,0.0258222,1.894,0.0257564,1.894,0.0260526,1.894,0.0092994,1.894,0.00854238
,,1.895,-0.000833208,1.895,0.0394815,1.895,0.00903609,1.895,0.00946397,1.895,0.0261184,1.895,0.0263488,1.895,0.0257564,1.895,0.0260526,1.895,0.00926649,1.895,0.00913483
,,1.896,-0.000852975,1.896,0.0397777,1.896,0.00827907,1.896,0.00841072,1.896,0.0261513,1.896,0.0259868,1.896,0.0257893,1.896,0.0264146,1.896,0.00923357,1.896,0.00936523
,,1.897,-0.000852975,1.897,0.0401397,1.897,0.00916774,1.897,0.00883861,1.897,0.0260855,1.897,0.0266121,1.897,0.0258222,1.897,0.0251639,1.897,0.00920066,1.897,0.00956271
,,1.898,-0.000852975,1.898,0.0393169,1.898,0.00864112,1.898,0.0092994,1.898,0.0259868,1.898,0.0265792,1.898,0.0257234,1.898,0.0254931,1.898,0.00923357,1.898,0.00943106
,,1.899,-0.000859564,1.899,0.0397448,1.899,0.00857529,1.899,0.0095298,1.899,0.0260526,1.899,0.026678,1.899,0.0257234,1.899,0.0261513,1.899,0.00920066,1.899,0.00860821
,,1.9,-0.000846386,1.9,0.0401068,1.9,0.00870695,1.9,0.00926649,1.9,0.0260197,1.9,0.0254272,1.9,0.0257564,1.9,0.0258551,1.9,0.00920066,1.9,0.00916774
,,1.901,-0.000859564,1.901,0.0391852,1.901,0.00887152,1.901,0.009069,1.901,0.0261513,1.901,0.0261184,1.901,0.0258222,1.901,0.0254931,1.901,0.00920066,1.901,0.00933231
,,1.902,-0.000866153,1.902,0.0391852,1.902,0.00903609,1.902,0.00959563,1.902,0.0261842,1.902,0.0264805,1.902,0.0258222,1.902,0.0257234,1.902,0.00920066,1.902,0.009069
,,1.903,-0.000846386,1.903,0.0399093,1.903,0.00771953,1.903,0.00926649,1.903,0.0261184,1.903,0.0262501,1.903,0.0258551,1.903,0.0262501,1.903,0.00923357,1.903,0.00943106
,,1.904,-0.000866153,1.904,0.0394815,1.904,0.00900318,1.904,0.00920066,1.904,0.0261842,1.904,0.0250981,1.904,0.0258551,1.904,0.0258222,1.904,0.00923357,1.904,0.00982602
,,1.905,-0.000846386,1.905,0.0390207,1.905,0.00936523,1.905,0.00933231,1.905,0.0261842,1.905,0.025526,1.905,0.0257564,1.905,0.0256247,1.905,0.00920066,1.905,0.00867404
,,1.906,-0.000872742,1.906,0.0390536,1.906,0.00920066,1.906,0.00877278,1.906,0.0261842,1.906,0.0261513,1.906,0.0256576,1.906,0.0259538,1.906,0.00926649,1.906,0.00887152
,,1.907,-0.000852975,1.907,0.040041,1.907,0.00831198,1.907,0.00887152,1.907,0.0260855,1.907,0.0265134,1.907,0.0255918,1.907,0.0257234,1.907,0.0092994,1.907,0.00910192
,,1.908,-0.000859564,1.908,0.0401068,1.908,0.00870695,1.908,0.00893735,1.908,0.0261513,1.908,0.0250652,1.908,0.0256576,1.908,0.0258551,1.908,0.0092994,1.908,0.0092994
,,1.909,-0.000852975,1.909,0.0390207,1.909,0.00903609,1.909,0.009069,1.909,0.0262172,1.909,0.026283,1.909,0.0257234,1.909,0.0249664,1.909,0.0092994,1.909,0.00897026
,,1.91,-0.000852975,1.91,0.0397777,1.91,0.00824615,1.91,0.00943106,1.91,0.0261842,1.91,0.0266121,1.91,0.0257234,1.91,0.0259538,1.91,0.0092994,1.91,0.00926649
,,1.911,-0.000852975,1.911,0.0397119,1.911,0.00801576,1.911,0.00850947,1.911,0.0262501,1.911,0.0266121,1.911,0.0256905,1.911,0.0260197,1.911,0.00920066,1.911,0.00867404
,,1.912,-0.000852975,1.912,0.0399423,1.912,0.00903609,1.912,0.00939814,1.912,0.0261842,1.912,0.0249664,1.912,0.0257893,1.912,0.0261184,1.912,0.00923357,1.912,0.00877278
,,1.913,-0.000859564,1.913,0.0393827,1.913,0.00926649,1.913,0.00916774,1.913,0.0261513,1.913,0.0261513,1.913,0.0257893,1.913,0.0252297,1.913,0.00926649,1.913,0.00943106
,,1.914,-0.000839797,1.914,0.0399093,1.914,0.00798284,1.914,0.00979311,1.914,0.0261184,1.914,0.0264146,1.914,0.0257564,1.914,0.0261842,1.914,0.00926649,1.914,0.00939814
,,1.915,-0.000859564,1.915,0.0401727,1.915,0.0083449,1.915,0.009069,1.915,0.0260855,1.915,0.0266121,1.915,0.0257564,1.915,0.0263488,1.915,0.00920066,1.915,0.00949688
,,1.916,-0.000846386,1.916,0.0387903,1.916,0.00880569,1.916,0.00887152,1.916,0.0259538,1.916,0.0254272,1.916,0.0257564,1.916,0.0255589,1.916,0.00913483,1.916,0.0092994
,,1.917,-0.000839797,1.917,0.0390865,1.917,0.00870695,1.917,0.0095298,1.917,0.025888,1.917,0.0257564,1.917,0.0257564,1.917,0.0254272,1.917,0.00920066,1.917,0.00831198
,,1.918,-0.000839797,1.918,0.0397119,1.918,0.0081145,1.918,0.00916774,1.918,0.0261513,1.918,0.0262172,1.918,0.0257893,1.918,0.0255918,1.918,0.00926649,1.918,0.00910192
,,1.919,-0.000846386,1.919,0.0398764,1.919,0.00877278,1.919,0.00887152,1.919,0.0261513,1.919,0.026645,1.919,0.0258222,1.919,0.0261842,1.919,0.00916774,1.919,0.00943106
,,1.92,-0.000872742,1.92,0.0383624,1.92,0.00887152,1.92,0.00939814,1.92,0.0261842,1.92,0.0253614,1.92,0.0258551,1.92,0.0259209,1.92,0.00916774,1.92,0.00962854
,,1.921,-0.000839797,1.921,0.0393827,1.921,0.00841072,1.921,0.00903609,1.921,0.0262172,1.921,0.0267109,1.921,0.0257564,1.921,0.0248677,1.921,0.00916774,1.921,0.0092994
,,1.922,-0.000859564,1.922,0.0398764,1.922,0.00864112,1.922,0.00923357,1.922,0.0263159,1.922,0.0263488,1.922,0.0257234,1.922,0.0262172,1.922,0.00916774,1.922,0.00847655
,,1.923,-0.000839797,1.923,0.0402385,1.923,0.00883861,1.923,0.00916774,1.923,0.0263488,1.923,0.0267438,1.923,0.0256905,1.923,0.0257893,1.923,0.00916774,1.923,0.00897026
,,1.924,-0.000859564,1.924,0.0388232,1.924,0.00933231,1.924,0.00913483,1.924,0.0261184,1.924,0.0252956,1.924,0.0255918,1.924,0.0260855,1.924,0.00923357,1.924,0.00900318
,,1.925,-0.000859564,1.925,0.0403701,1.925,0.00758788,1.925,0.00923357,1.925,0.0260197,1.925,0.0259868,1.925,0.0256905,1.925,0.0252956,1.925,0.00926649,1.925,0.00854238
,,1.926,-0.000866153,1.926,0.0399752,1.926,0.00844364,1.926,0.00860821,1.926,0.0262172,1.926,0.0264476,1.926,0.0257234,1.926,0.0258222,1.926,0.00926649,1.926,0.00956271
,,1.927,-0.000866153,1.927,0.038889,1.927,0.00890443,1.927,0.00920066,1.927,0.0262172,1.927,0.026678,1.927,0.0257893,1.927,0.0262501,1.927,0.00923357,1.927,0.00883861
,,1.928,-0.000839797,1.928,0.0397448,1.928,0.00900318,1.928,0.00903609,1.928,0.0262172,1.928,0.0257893,1.928,0.0257564,1.928,0.0258551,1.928,0.00920066,1.928,0.00837781
,,1.929,-0.000852975,1.929,0.0397777,1.929,0.00887152,1.929,0.00910192,1.929,0.0263159,1.929,0.0261513,1.929,0.0257893,1.929,0.0251639,1.929,0.00923357,1.929,0.00903609
,,1.93,-0.000846386,1.93,0.0394156,1.93,0.00877278,1.93,0.00867404,1.93,0.0262172,1.93,0.0265463,1.93,0.0258222,1.93,0.0260526,1.93,0.00923357,1.93,0.00913483
,,1.931,-0.000866153,1.931,0.038494,1.931,0.00933231,1.931,0.00897026,1.931,0.0261513,1.931,0.0263488,1.931,0.0257564,1.931,0.0262501,1.931,0.00920066,1.931,0.00933231
,,1.932,-0.000839797,1.932,0.0394156,1.932,0.00791702,1.932,0.00926649,1.932,0.0259538,1.932,0.0258551,1.932,0.0256905,1.932,0.0258222,1.932,0.00916774,1.932,0.00933231
,,1.933,-0.000839797,1.933,0.0396789,1.933,0.00854238,1.933,0.00916774,1.933,0.0259538,1.933,0.0259868,1.933,0.0257564,1.933,0.0252956,1.933,0.00913483,1.933,0.00890443
,,1.934,-0.000839797,1.934,0.0397777,1.934,0.00860821,1.934,0.00877278,1.934,0.0260855,1.934,0.0261842,1.934,0.0257893,1.934,0.0258551,1.934,0.00920066,1.934,0.00877278
,,1.935,-0.000852975,1.935,0.0387574,1.935,0.00903609,1.935,0.00913483,1.935,0.0261842,1.935,0.0264476,1.935,0.025888,1.935,0.0259538,1.935,0.00913483,1.935,0.009069
,,1.936,-0.000866153,1.936,0.039646,1.936,0.00814741,1.936,0.009069,1.936,0.0261184,1.936,0.0261842,1.936,0.0258222,1.936,0.0261513,1.936,0.00916774,1.936,0.00910192
,,1.937,-0.000846386,1.937,0.0399093,1.937,0.00883861,1.937,0.00900318,1.937,0.0262501,1.937,0.0259868,1.937,0.0258551,1.937,0.025131,1.937,0.00923357,1.937,0.00959563
,,1.938,-0.000846386,1.938,0.0388232,1.938,0.00920066,1.938,0.00880569,1.938,0.0261842,1.938,0.0262501,1.938,0.0257893,1.938,0.0259538,1.938,0.00916774,1.938,0.00946397
,,1.939,-0.000852975,1.939,0.0395802,1.939,0.00910192,1.939,0.00900318,1.939,0.026283,1.939,0.02704,1.939,0.0257234,1.939,0.0259209,1.939,0.00916774,1.939,0.00814741
,,1.94,-0.000839797,1.94,0.0394815,1.94,0.00794993,1.94,0.00903609,1.94,0.0262172,1.94,0.0258551,1.94,0.0255918,1.94,0.025888,1.94,0.00920066,1.94,0.00818033
,,1.941,-0.000839797,1.941,0.0400081,1.941,0.00847655,1.941,0.00837781,1.941,0.0262172,1.941,0.0264146,1.941,0.0256576,1.941,0.0253285,1.941,0.00923357,1.941,0.00893735
,,1.942,-0.000872742,1.942,0.0388561,1.942,0.00903609,1.942,0.00887152,1.942,0.026283,1.942,0.0267438,1.942,0.0256905,1.942,0.0257893,1.942,0.00923357,1.942,0.00946397
,,1.943,-0.000852975,1.943,0.0391194,1.943,0.009069,1.943,0.00910192,1.943,0.0261842,1.943,0.0259868,1.943,0.0257234,1.943,0.0256247,1.943,0.00920066,1.943,0.00920066
,,1.944,-0.000859564,1.944,0.039646,1.944,0.00903609,1.944,0.00854238,1.944,0.0262501,1.944,0.0257234,1.944,0.0257893,1.944,0.0264476,1.944,0.00926649,1.944,0.00962854
,,1.945,-0.000846386,1.945,0.0396131,1.945,0.00778536,1.945,0.00900318,1.945,0.0263159,1.945,0.0264805,1.945,0.0257893,1.945,0.025526,1.945,0.00923357,1.945,0.00854238
,,1.946,-0.000859564,1.946,0.0375066,1.946,0.00857529,1.946,0.00860821,1.946,0.0262501,1.946,0.0264146,1.946,0.0257564,1.946,0.0257893,1.946,0.00920066,1.946,0.00831198
,,1.947,-0.000846386,1.947,0.0390207,1.947,0.00883861,1.947,0.009069,1.947,0.0261513,1.947,0.025131,1.947,0.0257893,1.947,0.0257234,1.947,0.00920066,1.947,0.00900318
,,1.948,-0.000852975,1.948,0.0393169,1.948,0.00897026,1.948,0.00972728,1.948,0.0261513,1.948,0.0260197,1.948,0.0257234,1.948,0.0258222,1.948,0.00923357,1.948,0.00893735
,,1.949,-0.000859564,1.949,0.0401397,1.949,0.00893735,1.949,0.00873986,1.949,0.0261184,1.949,0.0265792,1.949,0.0256905,1.949,0.0260197,1.949,0.00916774,1.949,0.00890443
,,1.95,-0.000859564,1.95,0.0393169,1.95,0.00824615,1.95,0.00916774,1.95,0.0261513,1.95,0.0264146,1.95,0.0256905,1.95,0.0246373,1.95,0.00913483,1.95,0.00956271
,,1.951,-0.000852975,1.951,0.0380662,1.951,0.00821324,1.951,0.00933231,1.951,0.0261513,1.951,0.0251639,1.951,0.0256905,1.951,0.0253285,1.951,0.00916774,1.951,0.00857529
,,1.952,-0.000846386,1.952,0.038889,1.952,0.00837781,1.952,0.00887152,1.952,0.0262172,1.952,0.0261842,1.952,0.0257564,1.952,0.0253943,1.952,0.00910192,1.952,0.00841072
,,1.953,-0.000852975,1.953,0.0394486,1.953,0.00880569,1.953,0.00841072,1.953,0.0262172,1.953,0.0265134,1.953,0.0257893,1.953,0.0257234,1.953,0.00916774,1.953,0.00913483
,,1.954,-0.000846386,1.954,0.0398764,1.954,0.00910192,1.954,0.00860821,1.954,0.0262172,1.954,0.0264805,1.954,0.0257234,1.954,0.0257564,1.954,0.00916774,1.954,0.00920066
,,1.955,-0.000833208,1.955,0.0400081,1.955,0.00880569,1.955,0.00900318,1.955,0.0262172,1.955,0.0259868,1.955,0.0256905,1.955,0.0258222,1.955,0.00920066,1.955,0.00943106
,,1.956,-0.000852975,1.956,0.0393498,1.956,0.0076537,1.956,0.00913483,1.956,0.0263159,1.956,0.0262501,1.956,0.0256247,1.956,0.0261184,1.956,0.00916774,1.956,0.00933231
,,1.957,-0.000839797,1.957,0.0389878,1.957,0.00844364,1.957,0.00926649,1.957,0.0261184,1.957,0.0267109,1.957,0.0255589,1.957,0.0250981,1.957,0.00920066,1.957,0.0097602
,,1.958,-0.000833208,1.958,0.0400081,1.958,0.00883861,1.958,0.00923357,1.958,0.0262172,1.958,0.0266121,1.958,0.0256576,1.958,0.0256576,1.958,0.00923357,1.958,0.00844364
,,1.959,-0.000833208,1.959,0.0400081,1.959,0.00850947,1.959,0.00864112,1.959,0.0262172,1.959,0.0251639,1.959,0.0256905,1.959,0.0257893,1.959,0.00913483,1.959,0.00873986
,,1.96,-0.000846386,1.96,0.0401727,1.96,0.00893735,1.96,0.00897026,1.96,0.026283,1.96,0.0262172,1.96,0.0256247,1.96,0.0264805,1.96,0.00923357,1.96,0.00860821
,,1.961,-0.000859564,1.961,0.0402056,1.961,0.00821324,1.961,0.0092994,1.961,0.0263817,1.961,0.0263488,1.961,0.0256905,1.961,0.0259209,1.961,0.00920066,1.961,0.00946397
,,1.962,-0.000852975,1.962,0.0382966,1.962,0.00877278,1.962,0.009069,1.962,0.0263159,1.962,0.0265134,1.962,0.0257564,1.962,0.0250323,1.962,0.00913483,1.962,0.00939814
,,1.963,-0.000846386,1.963,0.0386586,1.963,0.00883861,1.963,0.00936523,1.963,0.0261842,1.963,0.025526,1.963,0.0257893,1.963,0.0253614,1.963,0.00910192,1.963,0.00926649
,,1.964,-0.000839797,1.964,0.039646,1.964,0.00956271,1.964,0.00841072,1.964,0.0261842,1.964,0.0259868,1.964,0.0257234,1.964,0.0253285,1.964,0.00916774,1.964,0.00827907
,,1.965,-0.000846386,1.965,0.0397448,1.965,0.00837781,1.965,0.00880569,1.965,0.0262172,1.965,0.0261513,1.965,0.0256905,1.965,0.0257564,1.965,0.00910192,1.965,0.00883861
,,1.966,-0.000852975,1.966,0.0398764,1.966,0.00768662,1.966,0.00900318,1.966,0.0260197,1.966,0.0260526,1.966,0.0256576,1.966,0.0257564,1.966,0.00913483,1.966,0.00939814
,,1.967,-0.000839797,1.967,0.0387574,1.967,0.00877278,1.967,0.00946397,1.967,0.0259868,1.967,0.0264476,1.967,0.0257234,1.967,0.0266121,1.967,0.00913483,1.967,0.00887152
,,1.968,-0.000846386,1.968,0.038527,1.968,0.00883861,1.968,0.00913483,1.968,0.026283,1.968,0.0255589,1.968,0.0257893,1.968,0.0258222,1.968,0.00913483,1.968,0.00913483
,,1.969,-0.000846386,1.969,0.0400081,1.969,0.00867404,1.969,0.00893735,1.969,0.0261842,1.969,0.0260855,1.969,0.0257564,1.969,0.0252297,1.969,0.00920066,1.969,0.00910192
,,1.97,-0.000846386,1.97,0.0396789,1.97,0.00877278,1.97,0.00873986,1.97,0.0261513,1.97,0.0263159,1.97,0.0257564,1.97,0.0252956,1.97,0.00916774,1.97,0.00841072
,,1.971,-0.000839797,1.971,0.0395473,1.971,0.00814741,1.971,0.00887152,1.971,0.0261842,1.971,0.0267109,1.971,0.0258222,1.971,0.0256905,1.971,0.00910192,1.971,0.00854238
,,1.972,-0.000839797,1.972,0.0387244,1.972,0.00920066,1.972,0.00936523,1.972,0.0262172,1.972,0.0267438,1.972,0.0257564,1.972,0.0253943,1.972,0.00913483,1.972,0.00916774
,,1.973,-0.000839797,1.973,0.0397777,1.973,0.00897026,1.973,0.00913483,1.973,0.026283,1.973,0.0264476,1.973,0.0256247,1.973,0.0257893,1.973,0.00920066,1.973,0.00920066
,,1.974,-0.000826619,1.974,0.0397777,1.974,0.00943106,1.974,0.00857529,1.974,0.0261842,1.974,0.0252297,1.974,0.0256247,1.974,0.025131,1.974,0.00923357,1.974,0.00943106
,,1.975,-0.000852975,1.975,0.0400081,1.975,0.00939814,1.975,0.0081145,1.975,0.0261842,1.975,0.0257893,1.975,0.0256905,1.975,0.0257234,1.975,0.00920066,1.975,0.0095298
,,1.976,-0.000839797,1.976,0.0387903,1.976,0.00755496,1.976,0.00887152,1.976,0.0263488,1.976,0.0263488,1.976,0.0257234,1.976,0.0261842,1.976,0.00920066,1.976,0.00854238
,,1.977,-0.000846386,1.977,0.0389548,1.977,0.00771953,1.977,0.00864112,1.977,0.0264146,1.977,0.0268425,1.977,0.0257234,1.977,0.0259868,1.977,0.00923357,1.977,0.00821324
,,1.978,-0.000833208,1.978,0.039284,1.978,0.00900318,1.978,0.00939814,1.978,0.0263488,1.978,0.0264146,1.978,0.0257564,1.978,0.025526,1.978,0.00916774,1.978,0.00900318
,,1.979,-0.000839797,1.979,0.0400739,1.979,0.00926649,1.979,0.00933231,1.979,0.0263159,1.979,0.025526,1.979,0.0257564,1.979,0.0260197,1.979,0.00920066,1.979,0.00913483
,,1.98,-0.000839797,1.98,0.0401068,1.98,0.00867404,1.98,0.00854238,1.98,0.0263817,1.98,0.0254931,1.98,0.0257893,1.98,0.0260855,1.98,0.00913483,1.98,0.00883861
,,1.981,-0.000846386,1.981,0.0403043,1.981,0.00808159,1.981,0.00910192,1.981,0.0262172,1.981,0.0262172,1.981,0.0257893,1.981,0.0262172,1.981,0.00920066,1.981,0.00959563
,,1.982,-0.000839797,1.982,0.0380003,1.982,0.00857529,1.982,0.0092994,1.982,0.0261513,1.982,0.0264476,1.982,0.0256905,1.982,0.0253285,1.982,0.00910192,1.982,0.00900318
,,1.983,-0.000852975,1.983,0.0389878,1.983,0.00883861,1.983,0.00910192,1.983,0.0256905,1.983,0.0261842,1.983,0.0257564,1.983,0.0257234,1.983,0.009069,1.983,0.00900318
,,1.984,-0.000846386,1.984,0.0397777,1.984,0.00893735,1.984,0.00850947,1.984,0.0260855,1.984,0.0263817,1.984,0.0257893,1.984,0.0263488,1.984,0.00916774,1.984,0.0083449
,,1.985,-0.000852975,1.985,0.0395144,1.985,0.00910192,1.985,0.00880569,1.985,0.026283,1.985,0.0257564,1.985,0.0258222,1.985,0.0260197,1.985,0.00910192,1.985,0.00890443
,,1.986,-0.000859564,1.986,0.040041,1.986,0.00939814,1.986,0.00890443,1.986,0.0262172,1.986,0.0254931,1.986,0.0258222,1.986,0.0248348,1.986,0.00910192,1.986,0.00943106
,,1.987,-0.000852975,1.987,0.0382966,1.987,0.0081145,1.987,0.00860821,1.987,0.026283,1.987,0.0264805,1.987,0.0258551,1.987,0.025526,1.987,0.00913483,1.987,0.00893735
,,1.988,-0.000839797,1.988,0.0388232,1.988,0.00893735,1.988,0.00910192,1.988,0.0264146,1.988,0.0264805,1.988,0.0257893,1.988,0.0261513,1.988,0.00910192,1.988,0.00962854
,,1.989,-0.000839797,1.989,0.0389219,1.989,0.00890443,1.989,0.00939814,1.989,0.0263817,1.989,0.0265792,1.989,0.0257234,1.989,0.0263159,1.989,0.00913483,1.989,0.00854238
,,1.99,-0.000833208,1.99,0.0397119,1.99,0.00873986,1.99,0.00966145,1.99,0.0264146,1.99,0.0269413,1.99,0.0256247,1.99,0.0253614,1.99,0.00916774,1.99,0.00910192
,,1.991,-0.000859564,1.991,0.0401727,1.991,0.00893735,1.991,0.00910192,1.991,0.0263817,1.991,0.0260526,1.991,0.0256576,1.991,0.0259209,1.991,0.00916774,1.991,0.00920066
,,1.992,-0.000839797,1.992,0.0403043,1.992,0.00758788,1.992,0.009069,1.992,0.0263159,1.992,0.0262501,1.992,0.0257234,1.992,0.0263159,1.992,0.00916774,1.992,0.00926649
,,1.993,-0.000833208,1.993,0.0388232,1.993,0.00818033,1.993,0.00926649,1.993,0.0263488,1.993,0.0267438,1.993,0.0257893,1.993,0.0262172,1.993,0.00913483,1.993,0.00903609
,,1.994,-0.000839797,1.994,0.0390207,1.994,0.00880569,1.994,0.00887152,1.994,0.0263159,1.994,0.0265792,1.994,0.0257893,1.994,0.0254931,1.994,0.00913483,1.994,0.0092994
,,1.995,-0.000846386,1.995,0.0395144,1.995,0.00933231,1.995,0.00880569,1.995,0.0263488,1.995,0.0257893,1.995,0.0257893,1.995,0.0257234,1.995,0.00913483,1.995,0.00818033
,,1.996,-0.000852975,1.996,0.0389548,1.996,0.00939814,1.996,0.00890443,1.996,0.0263488,1.996,0.0261842,1.996,0.0257564,1.996,0.0263159,1.996,0.00916774,1.996,0.00877278
,,1.997,-0.000833208,1.997,0.0403701,1.997,0.00913483,1.997,0.00949688,1.997,0.026283,1.997,0.026678,1.997,0.0258551,1.997,0.026283,1.997,0.00913483,1.997,0.00900318
,,1.998,-0.000846386,1.998,0.0387244,1.998,0.00844364,1.998,0.00837781,1.998,0.0262501,1.998,0.0268425,1.998,0.0257893,1.998,0.0250981,1.998,0.00910192,1.998,0.00920066
,,1.999,-0.000859564,1.999,0.0385599,1.999,0.00860821,1.999,0.00890443,1.999,0.0263159,1.999,0.025888,1.999,0.0257234,1.999,0.0260855,1.999,0.009069,1.999,0.0092994
,,2,-0.000852975,2,0.039646,2,0.00850947,2,0.00903609,2,0.0262501,2,0.0261513,2,0.0257893,2,0.0260855,2,0.00910192,2,0.0095298
,,2.001,-0.000846386,2.001,0.0398435,2.001,0.00939814,2.001,0.00910192,2.001,0.0263817,2.001,0.0264476,2.001,0.0257893,2.001,0.0258551,2.001,0.00910192,2.001,0.00831198
,,2.002,-0.000833208,2.002,0.0396789,2.002,0.00864112,2.002,0.00857529,2.002,0.0266121,2.002,0.02704,2.002,0.025888,2.002,0.0251639,2.002,0.00913483,2.002,0.00850947
,,2.003,-0.000859564,2.003,0.0397119,2.003,0.00844364,2.003,0.009069,2.003,0.026283,2.003,0.0260197,2.003,0.0258551,2.003,0.0255589,2.003,0.00913483,2.003,0.00933231
,,2.004,-0.000852975,2.004,0.0384282,2.004,0.00877278,2.004,0.00880569,2.004,0.0263817,2.004,0.026283,2.004,0.0258551,2.004,0.0258551,2.004,0.009069,2.004,0.00936523
,,2.005,-0.000826619,2.005,0.0389548,2.005,0.00847655,2.005,0.00893735,2.005,0.0263159,2.005,0.026645,2.005,0.0257893,2.005,0.026283,2.005,0.00910192,2.005,0.00933231
,,2.006,-0.000833208,2.006,0.0398435,2.006,0.00913483,2.006,0.00893735,2.006,0.0262172,2.006,0.0270729,2.006,0.0256905,2.006,0.0253943,2.006,0.00916774,2.006,0.009069
,,2.007,-0.000859564,2.007,0.0400081,2.007,0.00893735,2.007,0.00936523,2.007,0.0263159,2.007,0.0257564,2.007,0.0256247,2.007,0.0263817,2.007,0.00910192,2.007,0.00831198
,,2.008,-0.000852975,2.008,0.0397777,2.008,0.00847655,2.008,0.00913483,2.008,0.0264805,2.008,0.0260526,2.008,0.0256905,2.008,0.0262501,2.008,0.00920066,2.008,0.00854238
,,2.009,-0.000839797,2.009,0.039646,2.009,0.00824615,2.009,0.0083449,2.009,0.0264146,2.009,0.0267438,2.009,0.0257564,2.009,0.0259209,2.009,0.00916774,2.009,0.00897026
,,2.01,-0.000859564,2.01,0.0383295,2.01,0.00841072,2.01,0.00887152,2.01,0.0264476,2.01,0.02704,2.01,0.0257893,2.01,0.0254931,2.01,0.00913483,2.01,0.009069
,,2.011,-0.000839797,2.011,0.0395802,2.011,0.00877278,2.011,0.00913483,2.011,0.0263817,2.011,0.0258551,2.011,0.0258551,2.011,0.0257564,2.011,0.00913483,2.011,0.00923357
,,2.012,-0.000846386,2.012,0.0398764,2.012,0.00923357,2.012,0.00903609,2.012,0.0263159,2.012,0.0261513,2.012,0.0257564,2.012,0.0261842,2.012,0.00913483,2.012,0.00926649
,,2.013,-0.000866153,2.013,0.0406005,2.013,0.00923357,2.013,0.00926649,2.013,0.026283,2.013,0.0268754,2.013,0.0258551,2.013,0.026645,2.013,0.00913483,2.013,0.00821324
,,2.014,-0.000833208,2.014,0.0403043,2.014,0.00801576,2.014,0.00913483,2.014,0.0261842,2.014,0.0268096,2.014,0.0258222,2.014,0.0249993,2.014,0.00913483,2.014,0.00854238
,,2.015,-0.000839797,2.015,0.0383953,2.015,0.00781827,2.015,0.0092994,2.015,0.0261842,2.015,0.0256905,2.015,0.0257234,2.015,0.0257893,2.015,0.00910192,2.015,0.00893735
,,2.016,-0.000852975,2.016,0.0393498,2.016,0.00913483,2.016,0.00785119,2.016,0.0261184,2.016,0.0260855,2.016,0.0257893,2.016,0.0261513,2.016,0.00903609,2.016,0.00926649
,,2.017,-0.000846386,2.017,0.0395473,2.017,0.00880569,2.017,0.00893735,2.017,0.0261184,2.017,0.0263159,2.017,0.0257893,2.017,0.0263159,2.017,0.00913483,2.017,0.009069
,,2.018,-0.000839797,2.018,0.0397448,2.018,0.00890443,2.018,0.00916774,2.018,0.0262172,2.018,0.026283,2.018,0.0258551,2.018,0.025888,2.018,0.00910192,2.018,0.00910192
,,2.019,-0.000839797,2.019,0.039284,2.019,0.00887152,2.019,0.00923357,2.019,0.026283,2.019,0.0260526,2.019,0.025888,2.019,0.0259868,2.019,0.009069,2.019,0.00870695
,,2.02,-0.000839797,2.02,0.0394815,2.02,0.00778536,2.02,0.00873986,2.02,0.0262501,2.02,0.0264146,2.02,0.025888,2.02,0.025888,2.02,0.00910192,2.02,0.00893735
,,2.021,-0.000826619,2.021,0.0383953,2.021,0.00860821,2.021,0.00916774,2.021,0.0263159,2.021,0.0265463,2.021,0.0258551,2.021,0.025888,2.021,0.00910192,2.021,0.009069
,,2.022,-0.000839797,2.022,0.0392511,2.022,0.00933231,2.022,0.00903609,2.022,0.0263488,2.022,0.0263159,2.022,0.0257564,2.022,0.0253614,2.022,0.009069,2.022,0.00962854
,,2.023,-0.000852975,2.023,0.0394815,2.023,0.00870695,2.023,0.00910192,2.023,0.0263159,2.023,0.0258551,2.023,0.0256576,2.023,0.0254931,2.023,0.00910192,2.023,0.00943106
,,2.024,-0.000826619,2.024,0.0398435,2.024,0.00920066,2.024,0.00860821,2.024,0.0261513,2.024,0.0263159,2.024,0.0257234,2.024,0.026678,2.024,0.00916774,2.024,0.00933231
,,2.025,-0.000833208,2.025,0.0394156,2.025,0.00847655,2.025,0.00890443,2.025,0.026283,2.025,0.026678,2.025,0.0257234,2.025,0.0261842,2.025,0.00910192,2.025,0.00821324
,,2.026,-0.000839797,2.026,0.0377699,2.026,0.00824615,2.026,0.00936523,2.026,0.026283,2.026,0.0257564,2.026,0.0257564,2.026,0.0252956,2.026,0.00913483,2.026,0.00864112
,,2.027,-0.000852975,2.027,0.0387903,2.027,0.00847655,2.027,0.00837781,2.027,0.0263488,2.027,0.0262501,2.027,0.0257893,2.027,0.0259209,2.027,0.00910192,2.027,0.00873986
,,2.028,-0.000846386,2.028,0.0396789,2.028,0.00887152,2.028,0.00877278,2.028,0.0263159,2.028,0.026678,2.028,0.0257564,2.028,0.0263488,2.028,0.00916774,2.028,0.00893735
,,2.029,-0.000846386,2.029,0.0397448,2.029,0.0095298,2.029,0.00923357,2.029,0.0263159,2.029,0.0264146,2.029,0.0258222,2.029,0.0265792,2.029,0.00910192,2.029,0.00910192
,,2.03,-0.000833208,2.03,0.0403701,2.03,0.0092994,2.03,0.00936523,2.03,0.0262172,2.03,0.0253614,2.03,0.0257893,2.03,0.0255918,2.03,0.00910192,2.03,0.00913483
,,2.031,-0.000846386,2.031,0.040436,2.031,0.00758788,2.031,0.00870695,2.031,0.0261842,2.031,0.0261513,2.031,0.0257893,2.031,0.0253614,2.031,0.00910192,2.031,0.00903609
,,2.032,-0.000866153,2.032,0.0380662,2.032,0.00827907,2.032,0.00910192,2.032,0.0260526,2.032,0.0262501,2.032,0.0257893,2.032,0.0256247,2.032,0.00903609,2.032,0.00903609
,,2.033,-0.000846386,2.033,0.0390536,2.033,0.00887152,2.033,0.00900318,2.033,0.0261513,2.033,0.0264805,2.033,0.0257893,2.033,0.0260855,2.033,0.009069,2.033,0.009069
,,2.034,-0.000839797,2.034,0.0393498,2.034,0.009069,2.034,0.00910192,2.034,0.0262172,2.034,0.0254931,2.034,0.0257893,2.034,0.0255589,2.034,0.009069,2.034,0.00920066
,,2.035,-0.000872742,2.035,0.0393827,2.035,0.00837781,2.035,0.00870695,2.035,0.0262501,2.035,0.0260855,2.035,0.0259209,2.035,0.0259538,2.035,0.00903609,2.035,0.00900318
,,2.036,-0.000852975,2.036,0.0398435,2.036,0.00841072,2.036,0.00933231,2.036,0.0262172,2.036,0.0264146,2.036,0.0259209,2.036,0.0257564,2.036,0.00910192,2.036,0.00824615
,,2.037,-0.000846386,2.037,0.0393498,2.037,0.00827907,2.037,0.00936523,2.037,0.0261842,2.037,0.0267438,2.037,0.025888,2.037,0.0264146,2.037,0.00910192,2.037,0.00860821
,,2.038,-0.000839797,2.038,0.0384611,2.038,0.00867404,2.038,0.00857529,2.038,0.0262172,2.038,0.0256247,2.038,0.0257893,2.038,0.0252297,2.038,0.00903609,2.038,0.00946397
,,2.039,-0.000852975,2.039,0.0393169,2.039,0.00893735,2.039,0.00887152,2.039,0.026283,2.039,0.0263817,2.039,0.0257564,2.039,0.0256905,2.039,0.009069,2.039,0.0092994
,,2.04,-0.000846386,2.04,0.0397448,2.04,0.00897026,2.04,0.00913483,2.04,0.0262172,2.04,0.0267109,2.04,0.0256576,2.04,0.0256247,2.04,0.00913483,2.04,0.00926649
,,2.041,-0.000826619,2.041,0.0401727,2.041,0.00844364,2.041,0.00903609,2.041,0.0261184,2.041,0.0262172,2.041,0.0257564,2.041,0.0265463,2.041,0.00916774,2.041,0.00847655
,,2.042,-0.000852975,2.042,0.0402385,2.042,0.00771953,2.042,0.00831198,2.042,0.0262501,2.042,0.0256905,2.042,0.0256905,2.042,0.0246044,2.042,0.00913483,2.042,0.0078841
,,2.043,-0.000846386,2.043,0.0385599,2.043,0.00821324,2.043,0.009069,2.043,0.0261842,2.043,0.0264476,2.043,0.0257564,2.043,0.0253943,2.043,0.00910192,2.043,0.00916774
,,2.044,-0.000852975,2.044,0.0387903,2.044,0.00900318,2.044,0.00916774,2.044,0.026283,2.044,0.0261513,2.044,0.0257893,2.044,0.0263159,2.044,0.00913483,2.044,0.00887152
,,2.045,-0.000833208,2.045,0.0393169,2.045,0.00936523,2.045,0.00956271,2.045,0.0262501,2.045,0.0264805,2.045,0.0257234,2.045,0.0264805,2.045,0.00910192,2.045,0.00979311
,,2.046,-0.000852975,2.046,0.0399752,2.046,0.00877278,2.046,0.00877278,2.046,0.0263159,2.046,0.0259868,2.046,0.0257893,2.046,0.0260526,2.046,0.00910192,2.046,0.00959563
,,2.047,-0.000852975,2.047,0.0403043,2.047,0.00936523,2.047,0.00903609,2.047,0.0262172,2.047,0.0263817,2.047,0.0258222,2.047,0.0264476,2.047,0.009069,2.047,0.00864112
,,2.048,-0.000833208,2.048,0.0389219,2.048,0.00818033,2.048,0.00897026,2.048,0.0261184,2.048,0.0262172,2.048,0.0257234,2.048,0.0249664,2.048,0.009069,2.048,0.00913483
,,2.049,-0.000852975,2.049,0.0387574,2.049,0.00841072,2.049,0.00936523,2.049,0.0259538,2.049,0.0265463,2.049,0.0256905,2.049,0.0254931,2.049,0.00903609,2.049,0.0092994
,,2.05,-0.000859564,2.05,0.0393827,2.05,0.00903609,2.05,0.00883861,2.05,0.0261184,2.05,0.0256576,2.05,0.0257234,2.05,0.025888,2.05,0.009069,2.05,0.009069
,,2.051,-0.000839797,2.051,0.0393498,2.051,0.00880569,2.051,0.00854238,2.051,0.0261513,2.051,0.0260855,2.051,0.0257893,2.051,0.0260855,2.051,0.00903609,2.051,0.00883861
,,2.052,-0.000833208,2.052,0.0394156,2.052,0.00893735,2.052,0.00913483,2.052,0.0261184,2.052,0.0261842,2.052,0.0258222,2.052,0.0265134,2.052,0.00900318,2.052,0.00824615
,,2.053,-0.000852975,2.053,0.0402056,2.053,0.0081145,2.053,0.00873986,2.053,0.0261842,2.053,0.0254601,2.053,0.0258551,2.053,0.0263817,2.053,0.009069,2.053,0.00920066
,,2.054,-0.000839797,2.054,0.038889,2.054,0.00860821,2.054,0.00956271,2.054,0.0261513,2.054,0.0259868,2.054,0.025888,2.054,0.0250981,2.054,0.009069,2.054,0.0095298
,,2.055,-0.000833208,2.055,0.0387903,2.055,0.00926649,2.055,0.00887152,2.055,0.0261842,2.055,0.0262501,2.055,0.0257893,2.055,0.0252956,2.055,0.00903609,2.055,0.00972728
,,2.056,-0.000859564,2.056,0.0391852,2.056,0.00903609,2.056,0.00847655,2.056,0.0262172,2.056,0.0263159,2.056,0.0256576,2.056,0.0254931,2.056,0.009069,2.056,0.00956271
,,2.057,-0.000852975,2.057,0.0397119,2.057,0.00913483,2.057,0.00844364,2.057,0.0261513,2.057,0.0256247,2.057,0.0255918,2.057,0.0252627,2.057,0.00910192,2.057,0.00827907
,,2.058,-0.000839797,2.058,0.0399093,2.058,0.00860821,2.058,0.00850947,2.058,0.0261513,2.058,0.0259538,2.058,0.0256905,2.058,0.0259538,2.058,0.00910192,2.058,0.00880569
,,2.059,-0.000852975,2.059,0.040041,2.059,0.00844364,2.059,0.00860821,2.059,0.0260855,2.059,0.0261842,2.059,0.0257234,2.059,0.026283,2.059,0.009069,2.059,0.00900318
,,2.06,-0.000846386,2.06,0.0378358,2.06,0.00821324,2.06,0.00913483,2.06,0.0261842,2.06,0.0268096,2.06,0.0257564,2.06,0.0254931,2.06,0.00910192,2.06,0.00943106
,,2.061,-0.000859564,2.061,0.0386915,2.061,0.00880569,2.061,0.00877278,2.061,0.026283,2.061,0.025526,2.061,0.0257234,2.061,0.0244398,2.061,0.009069,2.061,0.00926649
,,2.062,-0.000852975,2.062,0.0394486,2.062,0.00900318,2.062,0.00841072,2.062,0.0262172,2.062,0.0261513,2.062,0.0257564,2.062,0.025526,2.062,0.009069,2.062,0.00801576
,,2.063,-0.000859564,2.063,0.0401397,2.063,0.009069,2.063,0.00873986,2.063,0.0261842,2.063,0.0264476,2.063,0.0257893,2.063,0.0259538,2.063,0.00903609,2.063,0.00910192
,,2.064,-0.000846386,2.064,0.0403043,2.064,0.00801576,2.064,0.009069,2.064,0.0260197,2.064,0.0265134,2.064,0.0257564,2.064,0.0261513,2.064,0.00903609,2.064,0.00910192
,,2.065,-0.000833208,2.065,0.0395144,2.065,0.00841072,2.065,0.00890443,2.065,0.0258551,2.065,0.0265134,2.065,0.0257893,2.065,0.0251639,2.065,0.00910192,2.065,0.009069
,,2.066,-0.000833208,2.066,0.038889,2.066,0.00854238,2.066,0.009069,2.066,0.0260197,2.066,0.0254931,2.066,0.0256905,2.066,0.0252956,2.066,0.00900318,2.066,0.00956271
,,2.067,-0.000846386,2.067,0.0393498,2.067,0.00870695,2.067,0.00837781,2.067,0.025888,2.067,0.0253614,2.067,0.0257564,2.067,0.0259868,2.067,0.00900318,2.067,0.00910192
,,2.068,-0.000859564,2.068,0.0397777,2.068,0.00890443,2.068,0.00916774,2.068,0.0260526,2.068,0.0260526,2.068,0.0258222,2.068,0.0258222,2.068,0.00903609,2.068,0.00854238
,,2.069,-0.000859564,2.069,0.0400739,2.069,0.00794993,2.069,0.00887152,2.069,0.0261513,2.069,0.0264805,2.069,0.025888,2.069,0.0260526,2.069,0.00903609,2.069,0.00933231
,,2.07,-0.000846386,2.07,0.0401397,2.07,0.00854238,2.07,0.00887152,2.07,0.0260197,2.07,0.0267767,2.07,0.025888,2.07,0.0255589,2.07,0.00903609,2.07,0.00926649
,,2.071,-0.000852975,2.071,0.0384282,2.071,0.00877278,2.071,0.00837781,2.071,0.0260197,2.071,0.0261842,2.071,0.0257893,2.071,0.0250981,2.071,0.00903609,2.071,0.00979311
,,2.072,-0.000826619,2.072,0.0383295,2.072,0.00900318,2.072,0.00883861,2.072,0.0260855,2.072,0.0257234,2.072,0.0257564,2.072,0.024736,2.072,0.00900318,2.072,0.00841072
,,2.073,-0.000846386,2.073,0.0393169,2.073,0.00827907,2.073,0.00887152,2.073,0.0261184,2.073,0.0260855,2.073,0.0257234,2.073,0.0261184,2.073,0.00903609,2.073,0.00933231
,,2.074,-0.000866153,2.074,0.0398106,2.074,0.00831198,2.074,0.00844364,2.074,0.0259209,2.074,0.0258551,2.074,0.0255918,2.074,0.0258222,2.074,0.00903609,2.074,0.00910192
,,2.075,-0.000846386,2.075,0.0401068,2.075,0.00890443,2.075,0.00903609,2.075,0.025888,2.075,0.0257564,2.075,0.0256247,2.075,0.0257893,2.075,0.009069,2.075,0.00910192
,,2.076,-0.000859564,2.076,0.0398764,2.076,0.00841072,2.076,0.00814741,2.076,0.0260197,2.076,0.0260855,2.076,0.0257564,2.076,0.0260855,2.076,0.009069,2.076,0.00841072
,,2.077,-0.000846386,2.077,0.0383295,2.077,0.00936523,2.077,0.0083449,2.077,0.0259868,2.077,0.0255589,2.077,0.0256905,2.077,0.0252956,2.077,0.009069,2.077,0.00877278
,,2.078,-0.000839797,2.078,0.0393827,2.078,0.00883861,2.078,0.00913483,2.078,0.0260197,2.078,0.025526,2.078,0.0257234,2.078,0.0252956,2.078,0.009069,2.078,0.00920066
,,2.079,-0.000846386,2.079,0.0399752,2.079,0.00847655,2.079,0.00867404,2.079,0.0260197,2.079,0.0257893,2.079,0.0257234,2.079,0.0257893,2.079,0.009069,2.079,0.00985894
,,2.08,-0.000846386,2.08,0.0402385,2.08,0.00933231,2.08,0.00956271,2.08,0.0260197,2.08,0.0256905,2.08,0.0257564,2.08,0.025888,2.08,0.00903609,2.08,0.00880569
,,2.081,-0.000846386,2.081,0.038527,2.081,0.00913483,2.081,0.009069,2.081,0.0259868,2.081,0.0267109,2.081,0.0257893,2.081,0.0259868,2.081,0.009069,2.081,0.00887152
,,2.082,-0.000833208,2.082,0.0386586,2.082,0.00883861,2.082,0.00814741,2.082,0.0258222,2.082,0.0260197,2.082,0.0256576,2.082,0.0259209,2.082,0.00903609,2.082,0.00926649
,,2.083,-0.000846386,2.083,0.0395473,2.083,0.00827907,2.083,0.0083449,2.083,0.0258551,2.083,0.025131,2.083,0.0257234,2.083,0.0249993,2.083,0.00900318,2.083,0.00916774
,,2.084,-0.000852975,2.084,0.0398106,2.084,0.00850947,2.084,0.00880569,2.084,0.025888,2.084,0.0254272,2.084,0.0258222,2.084,0.0255589,2.084,0.00900318,2.084,0.00867404
,,2.085,-0.000846386,2.085,0.0397448,2.085,0.00880569,2.085,0.00920066,2.085,0.0259868,2.085,0.0262501,2.085,0.0257893,2.085,0.0259538,2.085,0.009069,2.085,0.00920066
,,2.086,-0.000839797,2.086,0.0394156,2.086,0.00880569,2.086,0.00923357,2.086,0.0259209,2.086,0.0259868,2.086,0.0258551,2.086,0.0260197,2.086,0.00903609,2.086,0.0095298
,,2.087,-0.000833208,2.087,0.0386586,2.087,0.00890443,2.087,0.00897026,2.087,0.0258551,2.087,0.0263488,2.087,0.0257893,2.087,0.0260526,2.087,0.00903609,2.087,0.0095298
,,2.088,-0.000859564,2.088,0.0395473,2.088,0.00883861,2.088,0.00887152,2.088,0.0259538,2.088,0.0256576,2.088,0.0257893,2.088,0.025888,2.088,0.00903609,2.088,0.00887152
,,2.089,-0.000846386,2.089,0.039646,2.089,0.00844364,2.089,0.00841072,2.089,0.0260855,2.089,0.0255918,2.089,0.0256576,2.089,0.0242094,2.089,0.00903609,2.089,0.00920066
,,2.09,-0.000833208,2.09,0.0400739,2.09,0.00897026,2.09,0.00873986,2.09,0.0259209,2.09,0.0261184,2.09,0.0255918,2.09,0.0253943,2.09,0.00910192,2.09,0.00923357
,,2.091,-0.000852975,2.091,0.040041,2.091,0.00854238,2.091,0.009069,2.091,0.0259868,2.091,0.0262172,2.091,0.0256247,2.091,0.0253943,2.091,0.00913483,2.091,0.0083449
,,2.092,-0.000866153,2.092,0.0382636,2.092,0.00920066,2.092,0.00897026,2.092,0.0258551,2.092,0.0262501,2.092,0.0257234,2.092,0.0260197,2.092,0.009069,2.092,0.00877278
,,2.093,-0.000852975,2.093,0.0393498,2.093,0.00794993,2.093,0.00867404,2.093,0.025888,2.093,0.0256905,2.093,0.0257234,2.093,0.0261184,2.093,0.009069,2.093,0.00926649
,,2.094,-0.000846386,2.094,0.0393169,2.094,0.0092994,2.094,0.00844364,2.094,0.0259538,2.094,0.025526,2.094,0.0257893,2.094,0.0261842,2.094,0.009069,2.094,0.00943106
,,2.095,-0.000859564,2.095,0.0401068,2.095,0.00897026,2.095,0.00887152,2.095,0.0259538,2.095,0.0257234,2.095,0.0257893,2.095,0.0257893,2.095,0.009069,2.095,0.00818033
,,2.096,-0.000839797,2.096,0.0403043,2.096,0.00897026,2.096,0.00900318,2.096,0.0259209,2.096,0.0261513,2.096,0.0257893,2.096,0.0248019,2.096,0.00903609,2.096,0.00841072
,,2.097,-0.000852975,2.097,0.0380003,2.097,0.00897026,2.097,0.00900318,2.097,0.0260526,2.097,0.0260855,2.097,0.0257893,2.097,0.0249006,2.097,0.009069,2.097,0.00933231
,,2.098,-0.000839797,2.098,0.0387244,2.098,0.00818033,2.098,0.00893735,2.098,0.0257564,2.098,0.0261842,2.098,0.0257234,2.098,0.0256576,2.098,0.00903609,2.098,0.00933231
,,2.099,-0.000839797,2.099,0.0397777,2.099,0.00867404,2.099,0.00831198,2.099,0.0256905,2.099,0.0252627,2.099,0.0256905,2.099,0.0260526,2.099,0.00903609,2.099,0.00877278
,,2.1,-0.000859564,2.1,0.0402714,2.1,0.00903609,2.1,0.00880569,2.1,0.0257564,2.1,0.0251639,2.1,0.0257564,2.1,0.0258222,2.1,0.00900318,2.1,0.00910192
,,2.101,-0.000839797,2.101,0.0399752,2.101,0.00890443,2.101,0.00903609,2.101,0.0257893,2.101,0.025526,2.101,0.0258551,2.101,0.0262501,2.101,0.00903609,2.101,0.00923357
,,2.102,-0.000846386,2.102,0.0386586,2.102,0.0078841,2.102,0.00883861,2.102,0.0258551,2.102,0.0260855,2.102,0.0258222,2.102,0.0245715,2.102,0.00900318,2.102,0.00916774
,,2.103,-0.000852975,2.103,0.0394156,2.103,0.0083449,2.103,0.0092994,2.103,0.0258222,2.103,0.0262501,2.103,0.025888,2.103,0.0251968,2.103,0.00903609,2.103,0.00837781
,,2.104,-0.000852975,2.104,0.0397119,2.104,0.00880569,2.104,0.00913483,2.104,0.0257234,2.104,0.0259538,2.104,0.0258222,2.104,0.025888,2.104,0.00903609,2.104,0.00857529
,,2.105,-0.000846386,2.105,0.0400739,2.105,0.009069,2.105,0.00857529,2.105,0.025888,2.105,0.0260526,2.105,0.0257564,2.105,0.0259538,2.105,0.00897026,2.105,0.00920066
,,2.106,-0.000846386,2.106,0.0391852,2.106,0.00910192,2.106,0.0083449,2.106,0.0259538,2.106,0.0255589,2.106,0.0257234,2.106,0.0264146,2.106,0.00903609,2.106,0.00946397
,,2.107,-0.000866153,2.107,0.0389548,2.107,0.00771953,2.107,0.00913483,2.107,0.0258222,2.107,0.0255918,2.107,0.0256247,2.107,0.0261842,2.107,0.009069,2.107,0.00860821
,,2.108,-0.000859564,2.108,0.0395144,2.108,0.00860821,2.108,0.00900318,2.108,0.0258222,2.108,0.0260197,2.108,0.0256247,2.108,0.0250981,2.108,0.00910192,2.108,0.00897026
,,2.109,-0.000866153,2.109,0.0401068,2.109,0.00854238,2.109,0.00890443,2.109,0.0258551,2.109,0.0261184,2.109,0.0257564,2.109,0.0253285,2.109,0.009069,2.109,0.00910192
,,2.11,-0.000846386,2.11,0.0401068,2.11,0.00887152,2.11,0.00867404,2.11,0.025888,2.11,0.0260526,2.11,0.0256905,2.11,0.0252297,2.11,0.00910192,2.11,0.00900318
,,2.111,-0.000866153,2.111,0.0384282,2.111,0.00936523,2.111,0.00841072,2.111,0.0259868,2.111,0.0254931,2.111,0.0257564,2.111,0.0258551,2.111,0.009069,2.111,0.00857529
,,2.112,-0.000826619,2.112,0.0394815,2.112,0.00847655,2.112,0.00880569,2.112,0.0259868,2.112,0.0255918,2.112,0.0258222,2.112,0.0258551,2.112,0.00903609,2.112,0.00903609
,,2.113,-0.000833208,2.113,0.0395473,2.113,0.00887152,2.113,0.00883861,2.113,0.0258551,2.113,0.0261513,2.113,0.0258222,2.113,0.0265134,2.113,0.00903609,2.113,0.00913483
,,2.114,-0.000859564,2.114,0.0397777,2.114,0.00966145,2.114,0.00946397,2.114,0.0257893,2.114,0.0258551,2.114,0.0257564,2.114,0.0260197,2.114,0.00903609,2.114,0.00956271
,,2.115,-0.000839797,2.115,0.0401397,2.115,0.00837781,2.115,0.00877278,2.115,0.0257564,2.115,0.0260855,2.115,0.0257234,2.115,0.0252627,2.115,0.00900318,2.115,0.00841072
,,2.116,-0.000846386,2.116,0.038527,2.116,0.00860821,2.116,0.00821324,2.116,0.0256576,2.116,0.0259209,2.116,0.0256905,2.116,0.0255589,2.116,0.00900318,2.116,0.00887152
,,2.117,-0.000846386,2.117,0.0389219,2.117,0.009069,2.117,0.00873986,2.117,0.0256576,2.117,0.0248019,2.117,0.0257893,2.117,0.0260197,2.117,0.00900318,2.117,0.00933231
,,2.118,-0.000859564,2.118,0.0395144,2.118,0.00916774,2.118,0.00887152,2.118,0.0257893,2.118,0.0256576,2.118,0.0258222,2.118,0.0260197,2.118,0.00903609,2.118,0.00916774
,,2.119,-0.000846386,2.119,0.0400739,2.119,0.00768662,2.119,0.00870695,2.119,0.0258551,2.119,0.0256576,2.119,0.0258551,2.119,0.0263488,2.119,0.00903609,2.119,0.00847655
,,2.12,-0.000839797,2.12,0.0397777,2.12,0.00864112,2.12,0.00933231,2.12,0.0256905,2.12,0.0257893,2.12,0.0258551,2.12,0.025888,2.12,0.00900318,2.12,0.00926649
,,2.121,-0.000852975,2.121,0.0393498,2.121,0.00900318,2.121,0.00920066,2.121,0.0258222,2.121,0.026283,2.121,0.0257893,2.121,0.0249993,2.121,0.00900318,2.121,0.0095298
,,2.122,-0.000839797,2.122,0.0400081,2.122,0.00916774,2.122,0.0083449,2.122,0.0258551,2.122,0.0260526,2.122,0.0257564,2.122,0.0250323,2.122,0.00903609,2.122,0.00926649
,,2.123,-0.000852975,2.123,0.0397777,2.123,0.00821324,2.123,0.00910192,2.123,0.0259868,2.123,0.0256576,2.123,0.0256905,2.123,0.0257564,2.123,0.00903609,2.123,0.00867404
,,2.124,-0.000859564,2.124,0.0385928,2.124,0.00877278,2.124,0.00887152,2.124,0.0257893,2.124,0.025131,2.124,0.0256905,2.124,0.0255589,2.124,0.00903609,2.124,0.00913483
,,2.125,-0.000846386,2.125,0.0398106,2.125,0.00857529,2.125,0.00903609,2.125,0.0257234,2.125,0.0259868,2.125,0.0257234,2.125,0.0260855,2.125,0.009069,2.125,0.00910192
,,2.126,-0.000839797,2.126,0.0397119,2.126,0.00808159,2.126,0.00890443,2.126,0.025888,2.126,0.0259209,2.126,0.0257564,2.126,0.026283,2.126,0.009069,2.126,0.00910192
,,2.127,-0.000839797,2.127,0.0398764,2.127,0.00873986,2.127,0.00883861,2.127,0.0259868,2.127,0.0261184,2.127,0.0257234,2.127,0.0257893,2.127,0.009069,2.127,0.00860821
,,2.128,-0.000852975,2.128,0.039284,2.128,0.00890443,2.128,0.00824615,2.128,0.0259868,2.128,0.026283,2.128,0.0257893,2.128,0.0249993,2.128,0.00900318,2.128,0.00920066
,,2.129,-0.000839797,2.129,0.039646,2.129,0.00920066,2.129,0.00897026,2.129,0.0260197,2.129,0.0257234,2.129,0.0257893,2.129,0.0255589,2.129,0.009069,2.129,0.00936523
,,2.13,-0.000839797,2.13,0.0400081,2.13,0.00857529,2.13,0.00913483,2.13,0.0260526,2.13,0.0256576,2.13,0.0257893,2.13,0.0259209,2.13,0.00910192,2.13,0.00877278
,,2.131,-0.000846386,2.131,0.0402385,2.131,0.00844364,2.131,0.00893735,2.131,0.0259868,2.131,0.0258222,2.131,0.0257234,2.131,0.0256247,2.131,0.00903609,2.131,0.00854238
,,2.132,-0.000852975,2.132,0.0390207,2.132,0.00939814,2.132,0.00900318,2.132,0.0257564,2.132,0.0259209,2.132,0.0257564,2.132,0.0257564,2.132,0.00897026,2.132,0.00910192
,,2.133,-0.000846386,2.133,0.0397119,2.133,0.00844364,2.133,0.00877278,2.133,0.0257564,2.133,0.0256905,2.133,0.0257234,2.133,0.026283,2.133,0.00897026,2.133,0.00910192
,,2.134,-0.000846386,2.134,0.0398435,2.134,0.00857529,2.134,0.00860821,2.134,0.0256576,2.134,0.0261513,2.134,0.0257893,2.134,0.0250323,2.134,0.00900318,2.134,0.00913483
,,2.135,-0.000846386,2.135,0.0401068,2.135,0.00841072,2.135,0.00900318,2.135,0.0256576,2.135,0.0252956,2.135,0.0258222,2.135,0.0254601,2.135,0.00897026,2.135,0.00844364
,,2.136,-0.000852975,2.136,0.0392511,2.136,0.00939814,2.136,0.00864112,2.136,0.0256576,2.136,0.0253943,2.136,0.0258551,2.136,0.0259868,2.136,0.00893735,2.136,0.00880569
,,2.137,-0.000852975,2.137,0.0398106,2.137,0.00818033,2.137,0.00913483,2.137,0.0256905,2.137,0.0258551,2.137,0.0258222,2.137,0.0261184,2.137,0.00900318,2.137,0.00893735
,,2.138,-0.000833208,2.138,0.0397777,2.138,0.00877278,2.138,0.00847655,2.138,0.0257564,2.138,0.0260197,2.138,0.0258222,2.138,0.0259538,2.138,0.00900318,2.138,0.00913483
,,2.139,-0.000866153,2.139,0.0387574,2.139,0.009069,2.139,0.00860821,2.139,0.0258551,2.139,0.0261513,2.139,0.0257234,2.139,0.0261184,2.139,0.00900318,2.139,0.00913483
,,2.14,-0.000859564,2.14,0.0396131,2.14,0.00857529,2.14,0.00870695,2.14,0.025888,2.14,0.0258551,2.14,0.0256247,2.14,0.0256905,2.14,0.00910192,2.14,0.00910192
,,2.141,-0.000852975,2.141,0.0398435,2.141,0.00850947,2.141,0.00890443,2.141,0.0257893,2.141,0.0258222,2.141,0.0256905,2.141,0.0253285,2.141,0.00910192,2.141,0.00887152
,,2.142,-0.000839797,2.142,0.0398764,2.142,0.00877278,2.142,0.00897026,2.142,0.0257893,2.142,0.0253614,2.142,0.0257234,2.142,0.0257564,2.142,0.009069,2.142,0.00794993
,,2.143,-0.000833208,2.143,0.0382966,2.143,0.00903609,2.143,0.00903609,2.143,0.0256576,2.143,0.0252297,2.143,0.0256905,2.143,0.025888,2.143,0.00903609,2.143,0.00864112
,,2.144,-0.000866153,2.144,0.0391194,2.144,0.00794993,2.144,0.00841072,2.144,0.0256905,2.144,0.0261184,2.144,0.0257564,2.144,0.0262172,2.144,0.00903609,2.144,0.00933231
,,2.145,-0.000852975,2.145,0.0400081,2.145,0.00903609,2.145,0.00880569,2.145,0.0255589,2.145,0.0257234,2.145,0.0257564,2.145,0.0259868,2.145,0.00903609,2.145,0.00969437
,,2.146,-0.000872742,2.146,0.0403701,2.146,0.009069,2.146,0.00860821,2.146,0.0255589,2.146,0.0254931,2.146,0.0257893,2.146,0.0259868,2.146,0.00897026,2.146,0.00880569
,,2.147,-0.000859564,2.147,0.0396131,2.147,0.00897026,2.147,0.00883861,2.147,0.0253614,2.147,0.0248019,2.147,0.0258222,2.147,0.0242094,2.147,0.00903609,2.147,0.00818033
,,2.148,-0.000866153,2.148,0.0401068,2.148,0.00854238,2.148,0.00893735,2.148,0.0253285,2.148,0.0248019,2.148,0.0257564,2.148,0.0252297,2.148,0.00897026,2.148,0.00867404
,,2.149,-0.000839797,2.149,0.0399093,2.149,0.00893735,2.149,0.00897026,2.149,0.0254272,2.149,0.0256247,2.149,0.0257234,2.149,0.0259209,2.149,0.00893735,2.149,0.00936523
,,2.15,-0.000852975,2.15,0.0391194,2.15,0.00893735,2.15,0.00870695,2.15,0.025526,2.15,0.0254601,2.15,0.0257234,2.15,0.0259538,2.15,0.00893735,2.15,0.00913483
,,2.151,-0.000859564,2.151,0.0391852,2.151,0.00801576,2.151,0.00867404,2.151,0.0254601,2.151,0.0257234,2.151,0.0258551,2.151,0.0264805,2.151,0.00897026,2.151,0.00910192
,,2.152,-0.000872742,2.152,0.0396131,2.152,0.00841072,2.152,0.00926649,2.152,0.0256247,2.152,0.0259868,2.152,0.025888,2.152,0.0263159,2.152,0.00900318,2.152,0.00923357
,,2.153,-0.000879331,2.153,0.0399093,2.153,0.00893735,2.153,0.00916774,2.153,0.0255918,2.153,0.0249335,2.153,0.0258551,2.153,0.0252956,2.153,0.00893735,2.153,0.00844364
,,2.154,-0.000833208,2.154,0.038527,2.154,0.00890443,2.154,0.00877278,2.154,0.025526,2.154,0.0252956,2.154,0.0258222,2.154,0.0251968,2.154,0.00897026,2.154,0.00883861
,,2.155,-0.000839797,2.155,0.0398106,2.155,0.0081145,2.155,0.00847655,2.155,0.0256576,2.155,0.0256247,2.155,0.0257564,2.155,0.0255918,2.155,0.00897026,2.155,0.00860821
,,2.156,-0.000839797,2.156,0.0395802,2.156,0.00913483,2.156,0.00798284,2.156,0.0256247,2.156,0.0261184,2.156,0.0256576,2.156,0.0259209,2.156,0.00903609,2.156,0.009069
,,2.157,-0.000866153,2.157,0.0401397,2.157,0.00864112,2.157,0.00903609,2.157,0.0254931,2.157,0.0258222,2.157,0.0256247,2.157,0.0261513,2.157,0.00903609,2.157,0.00949688
,,2.158,-0.000839797,2.158,0.0393169,2.158,0.0092994,2.158,0.00873986,2.158,0.0254931,2.158,0.0259538,2.158,0.0256576,2.158,0.0265134,2.158,0.00903609,2.158,0.00956271
,,2.159,-0.000846386,2.159,0.039646,2.159,0.00890443,2.159,0.00870695,2.159,0.025526,2.159,0.0255589,2.159,0.0257893,2.159,0.0255918,2.159,0.00910192,2.159,0.00844364
,,2.16,-0.000859564,2.16,0.0398435,2.16,0.00887152,2.16,0.00903609,2.16,0.0256247,2.16,0.0251968,2.16,0.0257564,2.16,0.0253285,2.16,0.00900318,2.16,0.00890443
,,2.161,-0.000859564,2.161,0.039284,2.161,0.00910192,2.161,0.00837781,2.161,0.0256576,2.161,0.0254272,2.161,0.0257564,2.161,0.0258222,2.161,0.00900318,2.161,0.00926649
,,2.162,-0.000852975,2.162,0.0393498,2.162,0.00785119,2.162,0.00850947,2.162,0.0256576,2.162,0.0256905,2.162,0.0257234,2.162,0.0258222,2.162,0.00900318,2.162,0.00936523
,,2.163,-0.000859564,2.163,0.0395802,2.163,0.00877278,2.163,0.00890443,2.163,0.0255918,2.163,0.0257564,2.163,0.0258222,2.163,0.0261842,2.163,0.00903609,2.163,0.00903609
,,2.164,-0.000846386,2.164,0.0403701,2.164,0.00926649,2.164,0.00890443,2.164,0.0253614,2.164,0.0260526,2.164,0.0257893,2.164,0.0259209,2.164,0.00903609,2.164,0.00873986
,,2.165,-0.000839797,2.165,0.0387574,2.165,0.00887152,2.165,0.00903609,2.165,0.0254272,2.165,0.0252297,2.165,0.0257564,2.165,0.0261184,2.165,0.00897026,2.165,0.00969437
,,2.166,-0.000866153,2.166,0.0397777,2.166,0.00857529,2.166,0.00854238,2.166,0.0253943,2.166,0.0250323,2.166,0.0257893,2.166,0.0250323,2.166,0.00893735,2.166,0.00959563
,,2.167,-0.000826619,2.167,0.0399752,2.167,0.00883861,2.167,0.00837781,2.167,0.0254272,2.167,0.0250981,2.167,0.0258551,2.167,0.0256905,2.167,0.00897026,2.167,0.00841072
,,2.168,-0.000852975,2.168,0.0398764,2.168,0.00864112,2.168,0.00847655,2.168,0.0254601,2.168,0.0257893,2.168,0.0258222,2.168,0.0261513,2.168,0.00893735,2.168,0.00890443
,,2.169,-0.000866153,2.169,0.0394486,2.169,0.00778536,2.169,0.00873986,2.169,0.025526,2.169,0.025888,2.169,0.0259209,2.169,0.0264146,2.169,0.00893735,2.169,0.00916774
,,2.17,-0.000859564,2.17,0.0395144,2.17,0.00864112,2.17,0.00877278,2.17,0.0255918,2.17,0.0256905,2.17,0.025888,2.17,0.0260197,2.17,0.00893735,2.17,0.00897026
,,2.171,-0.000846386,2.171,0.0395473,2.171,0.00887152,2.171,0.00887152,2.171,0.0255589,2.171,0.0254931,2.171,0.0259538,2.171,0.0259538,2.171,0.00900318,2.171,0.0083449
,,2.172,-0.000852975,2.172,0.0403043,2.172,0.00943106,2.172,0.00824615,2.172,0.0255918,2.172,0.0248019,2.172,0.0257893,2.172,0.0252297,2.172,0.00900318,2.172,0.00916774
,,2.173,-0.000846386,2.173,0.0389548,2.173,0.0081145,2.173,0.00864112,2.173,0.0255918,2.173,0.0253285,2.173,0.0256905,2.173,0.0256905,2.173,0.00900318,2.173,0.00943106
,,2.174,-0.000859564,2.174,0.0399423,2.174,0.00883861,2.174,0.00877278,2.174,0.0254601,2.174,0.0256576,2.174,0.0256576,2.174,0.0256905,2.174,0.009069,2.174,0.00801576
,,2.175,-0.000859564,2.175,0.0398764,2.175,0.00883861,2.175,0.00857529,2.175,0.0254601,2.175,0.0258222,2.175,0.0257234,2.175,0.0259868,2.175,0.009069,2.175,0.00890443
,,2.176,-0.000859564,2.176,0.0386915,2.176,0.00867404,2.176,0.00900318,2.176,0.025526,2.176,0.0257893,2.176,0.0257893,2.176,0.0257564,2.176,0.00900318,2.176,0.00939814
,,2.177,-0.000826619,2.177,0.0390536,2.177,0.00923357,2.177,0.00890443,2.177,0.025526,2.177,0.0260855,2.177,0.0258222,2.177,0.0252956,2.177,0.00900318,2.177,0.00890443
,,2.178,-0.000852975,2.178,0.039646,2.178,0.00801576,2.178,0.00864112,2.178,0.025526,2.178,0.024736,2.178,0.0257893,2.178,0.0251639,2.178,0.00903609,2.178,0.00821324
,,2.179,-0.000846386,2.179,0.0403701,2.179,0.00850947,2.179,0.00864112,2.179,0.0254931,2.179,0.0254931,2.179,0.0258222,2.179,0.0257564,2.179,0.00900318,2.179,0.00857529
,,2.18,-0.000859564,2.18,0.0387903,2.18,0.00900318,2.18,0.00923357,2.18,0.0254272,2.18,0.025131,2.18,0.0258222,2.18,0.0262172,2.18,0.00903609,2.18,0.00903609
,,2.181,-0.000839797,2.181,0.0397448,2.181,0.00903609,2.181,0.00887152,2.181,0.0254601,2.181,0.0256247,2.181,0.025888,2.181,0.026283,2.181,0.00900318,2.181,0.00936523
,,2.182,-0.000833208,2.182,0.0399093,2.182,0.00897026,2.182,0.00880569,2.182,0.0253285,2.182,0.0253614,2.182,0.0257893,2.182,0.0251968,2.182,0.00897026,2.182,0.0083449
,,2.183,-0.000852975,2.183,0.0399093,2.183,0.00804867,2.183,0.00827907,2.183,0.0252956,2.183,0.0256905,2.183,0.0257893,2.183,0.0247689,2.183,0.00897026,2.183,0.00860821
,,2.184,-0.000846386,2.184,0.0401068,2.184,0.0078841,2.184,0.00867404,2.184,0.0254272,2.184,0.0245715,2.184,0.0257893,2.184,0.0256247,2.184,0.00897026,2.184,0.00844364
,,2.185,-0.000859564,2.185,0.0372433,2.185,0.00864112,2.185,0.00860821,2.185,0.0254272,2.185,0.0254601,2.185,0.025888,2.185,0.025526,2.185,0.00900318,2.185,0.0092994
,,2.186,-0.000826619,2.186,0.0390207,2.186,0.00926649,2.186,0.00903609,2.186,0.0254272,2.186,0.0254931,2.186,0.0258551,2.186,0.0261842,2.186,0.00897026,2.186,0.00870695
,,2.187,-0.000859564,2.187,0.0395802,2.187,0.00936523,2.187,0.00867404,2.187,0.0254272,2.187,0.025526,2.187,0.0259209,2.187,0.026645,2.187,0.00897026,2.187,0.009069
,,2.188,-0.000846386,2.188,0.0395802,2.188,0.00827907,2.188,0.00877278,2.188,0.0253614,2.188,0.0260526,2.188,0.0258551,2.188,0.0262501,2.188,0.00897026,2.188,0.00936523
,,2.189,-0.000826619,2.189,0.0399752,2.189,0.00867404,2.189,0.00900318,2.189,0.0254272,2.189,0.025888,2.189,0.0258222,2.189,0.0248019,2.189,0.00893735,2.189,0.0092994
,,2.19,-0.000852975,2.19,0.0395802,2.19,0.00880569,2.19,0.00860821,2.19,0.0254272,2.19,0.024736,2.19,0.0256576,2.19,0.0257893,2.19,0.009069,2.19,0.00860821
,,2.191,-0.000846386,2.191,0.0394156,2.191,0.00864112,2.191,0.00887152,2.191,0.0253614,2.191,0.0251968,2.191,0.0256576,2.191,0.0257564,2.191,0.00910192,2.191,0.00926649
,,2.192,-0.000839797,2.192,0.0395144,2.192,0.00910192,2.192,0.00785119,2.192,0.0253614,2.192,0.0252297,2.192,0.0258222,2.192,0.0263488,2.192,0.00903609,2.192,0.00916774
,,2.193,-0.000846386,2.193,0.0396789,2.193,0.00837781,2.193,0.00794993,2.193,0.0254601,2.193,0.0254601,2.193,0.0258551,2.193,0.0256905,2.193,0.00897026,2.193,0.00923357
,,2.194,-0.000839797,2.194,0.040041,2.194,0.00854238,2.194,0.00867404,2.194,0.0254601,2.194,0.0258551,2.194,0.0257893,2.194,0.0249006,2.194,0.009069,2.194,0.00867404
,,2.195,-0.000846386,2.195,0.0394815,2.195,0.00900318,2.195,0.00893735,2.195,0.025526,2.195,0.0257893,2.195,0.0257893,2.195,0.0254272,2.195,0.00900318,2.195,0.0092994
,,2.196,-0.000846386,2.196,0.0391852,2.196,0.00890443,2.196,0.00893735,2.196,0.0253943,2.196,0.0248348,2.196,0.0258222,2.196,0.0257564,2.196,0.00900318,2.196,0.00903609
,,2.197,-0.000846386,2.197,0.0389878,2.197,0.00903609,2.197,0.00827907,2.197,0.0254272,2.197,0.0249993,2.197,0.0257893,2.197,0.0261184,2.197,0.00903609,2.197,0.00923357
,,2.198,-0.000846386,2.198,0.0399423,2.198,0.00903609,2.198,0.00860821,2.198,0.0252956,2.198,0.0257564,2.198,0.0257893,2.198,0.0257893,2.198,0.00897026,2.198,0.00847655
,,2.199,-0.000839797,2.199,0.0397119,2.199,0.0076537,2.199,0.00873986,2.199,0.0251639,2.199,0.0253285,2.199,0.0257564,2.199,0.0250981,2.199,0.00893735,2.199,0.00923357
,,2.2,-0.000852975,2.2,0.0400081,2.2,0.00837781,2.2,0.00867404,2.2,0.0251968,2.2,0.0249993,2.2,0.0258222,2.2,0.0255589,2.2,0.00900318,2.2,0.00939814
,,2.201,-0.000839797,2.201,0.0389219,2.201,0.00867404,2.201,0.00893735,2.201,0.0253285,2.201,0.0254931,2.201,0.0258222,2.201,0.0263159,2.201,0.00890443,2.201,0.00804867
,,2.202,-0.000839797,2.202,0.0382636,2.202,0.00900318,2.202,0.00775245,2.202,0.0253614,2.202,0.0251639,2.202,0.025888,2.202,0.0263159,2.202,0.00893735,2.202,0.00873986
,,2.203,-0.000852975,2.203,0.0397777,2.203,0.00791702,2.203,0.0083449,2.203,0.0253614,2.203,0.0254272,2.203,0.025888,2.203,0.0265463,2.203,0.00897026,2.203,0.00956271
,,2.204,-0.000839797,2.204,0.0399093,2.204,0.00877278,2.204,0.00864112,2.204,0.0253285,2.204,0.0255589,2.204,0.025888,2.204,0.0252297,2.204,0.00893735,2.204,0.00923357
,,2.205,-0.000866153,2.205,0.0399752,2.205,0.00943106,2.205,0.00900318,2.205,0.0253614,2.205,0.025526,2.205,0.0258222,2.205,0.0252627,2.205,0.00900318,2.205,0.009069
,,2.206,-0.000846386,2.206,0.0403372,2.206,0.00943106,2.206,0.009069,2.206,0.0254272,2.206,0.0249006,2.206,0.0257234,2.206,0.0261513,2.206,0.00893735,2.206,0.00844364
,,2.207,-0.000879331,2.207,0.0387574,2.207,0.00844364,2.207,0.00864112,2.207,0.0253285,2.207,0.0249664,2.207,0.0256905,2.207,0.0253943,2.207,0.00903609,2.207,0.0092994
,,2.208,-0.000852975,2.208,0.0397119,2.208,0.00913483,2.208,0.00847655,2.208,0.0253285,2.208,0.0253614,2.208,0.0257564,2.208,0.0261513,2.208,0.009069,2.208,0.00943106
,,2.209,-0.000846386,2.209,0.0397448,2.209,0.00903609,2.209,0.00860821,2.209,0.0253614,2.209,0.0254931,2.209,0.0257564,2.209,0.0257893,2.209,0.00900318,2.209,0.00818033
,,2.21,-0.000859564,2.21,0.0403701,2.21,0.0083449,2.21,0.00847655,2.21,0.0253614,2.21,0.0255918,2.21,0.0258222,2.21,0.0250323,2.21,0.00903609,2.21,0.00873986
,,2.211,-0.000852975,2.211,0.0391194,2.211,0.00916774,2.211,0.00926649,2.211,0.0254272,2.211,0.0256247,2.211,0.0258222,2.211,0.0257234,2.211,0.00900318,2.211,0.00926649
,,2.212,-0.000846386,2.212,0.0390207,2.212,0.00893735,2.212,0.00824615,2.212,0.0252956,2.212,0.0248677,2.212,0.0257564,2.212,0.0260526,2.212,0.009069,2.212,0.00916774
,,2.213,-0.000833208,2.213,0.0399423,2.213,0.00949688,2.213,0.00893735,2.213,0.0253614,2.213,0.025131,2.213,0.0258551,2.213,0.0259868,2.213,0.00900318,2.213,0.00804867
,,2.214,-0.000846386,2.214,0.0402056,2.214,0.00844364,2.214,0.00857529,2.214,0.0252627,2.214,0.0254601,2.214,0.0258222,2.214,0.0260526,2.214,0.00903609,2.214,0.00893735
,,2.215,-0.000846386,2.215,0.0389548,2.215,0.00897026,2.215,0.00873986,2.215,0.0251968,2.215,0.0254272,2.215,0.0258222,2.215,0.0249335,2.215,0.00890443,2.215,0.00910192
,,2.216,-0.000846386,2.216,0.0397119,2.216,0.00903609,2.216,0.00893735,2.216,0.025131,2.216,0.0248019,2.216,0.0258222,2.216,0.0263159,2.216,0.00890443,2.216,0.00920066
,,2.217,-0.000852975,2.217,0.0402056,2.217,0.00890443,2.217,0.00854238,2.217,0.0250981,2.217,0.024736,2.217,0.0259209,2.217,0.026283,2.217,0.00897026,2.217,0.00827907
,,2.218,-0.000879331,2.218,0.0389878,2.218,0.00844364,2.218,0.00857529,2.218,0.0252627,2.218,0.0252956,2.218,0.0259538,2.218,0.0264146,2.218,0.00897026,2.218,0.00926649
,,2.219,-0.000852975,2.219,0.039284,2.219,0.00887152,2.219,0.00867404,2.219,0.0252297,2.219,0.0253614,2.219,0.0259538,2.219,0.0255589,2.219,0.00900318,2.219,0.00936523
,,2.22,-0.000846386,2.22,0.0393827,2.22,0.00910192,2.22,0.00893735,2.22,0.0251639,2.22,0.0256905,2.22,0.0259538,2.22,0.0261513,2.22,0.00890443,2.22,0.00939814
,,2.221,-0.000866153,2.221,0.0402385,2.221,0.00824615,2.221,0.00818033,2.221,0.0252627,2.221,0.0258222,2.221,0.0259538,2.221,0.0258222,2.221,0.00893735,2.221,0.00880569
,,2.222,-0.000852975,2.222,0.0383624,2.222,0.00913483,2.222,0.00893735,2.222,0.0252956,2.222,0.0245385,2.222,0.0258551,2.222,0.0261513,2.222,0.00893735,2.222,0.00903609
,,2.223,-0.000846386,2.223,0.0397119,2.223,0.00933231,2.223,0.009069,2.223,0.0253285,2.223,0.0249993,2.223,0.0256905,2.223,0.0250652,2.223,0.00900318,2.223,0.00933231
,,2.224,-0.000846386,2.224,0.0398106,2.224,0.00897026,2.224,0.00900318,2.224,0.0251639,2.224,0.0251639,2.224,0.0257234,2.224,0.0255589,2.224,0.00900318,2.224,0.0092994
,,2.225,-0.000839797,2.225,0.0400081,2.225,0.00870695,2.225,0.00831198,2.225,0.0250652,2.225,0.0253285,2.225,0.0257893,2.225,0.0262501,2.225,0.00903609,2.225,0.00821324
,,2.226,-0.000839797,2.226,0.0389878,2.226,0.00903609,2.226,0.00883861,2.226,0.0252627,2.226,0.0248348,2.226,0.0258222,2.226,0.0261842,2.226,0.00897026,2.226,0.00893735
,,2.227,-0.000846386,2.227,0.0395802,2.227,0.00903609,2.227,0.00847655,2.227,0.0252627,2.227,0.024374,2.227,0.0258222,2.227,0.0257564,2.227,0.00900318,2.227,0.00939814
,,2.228,-0.000866153,2.228,0.0402385,2.228,0.00841072,2.228,0.00939814,2.228,0.0252627,2.228,0.0252956,2.228,0.0258551,2.228,0.0259868,2.228,0.00900318,2.228,0.00962854
,,2.229,-0.000852975,2.229,0.0393498,2.229,0.00860821,2.229,0.0083449,2.229,0.0252627,2.229,0.0255589,2.229,0.025888,2.229,0.0260855,2.229,0.00900318,2.229,0.00887152
,,2.23,-0.000839797,2.23,0.0392511,2.23,0.00920066,2.23,0.00913483,2.23,0.025131,2.23,0.0254272,2.23,0.0259538,2.23,0.026678,2.23,0.00897026,2.23,0.00910192
,,2.231,-0.000846386,2.231,0.040041,2.231,0.00873986,2.231,0.00870695,2.231,0.0251639,2.231,0.0249993,2.231,0.025888,2.231,0.0257893,2.231,0.00893735,2.231,0.0092994
,,2.232,-0.000839797,2.232,0.0401727,2.232,0.00880569,2.232,0.00857529,2.232,0.0250652,2.232,0.0248019,2.232,0.0258551,2.232,0.0257893,2.232,0.00900318,2.232,0.0092994
,,2.233,-0.000866153,2.233,0.0385599,2.233,0.00890443,2.233,0.00860821,2.233,0.0250652,2.233,0.0247689,2.233,0.0258551,2.233,0.0264805,2.233,0.00890443,2.233,0.00943106
,,2.234,-0.000852975,2.234,0.0392511,2.234,0.00870695,2.234,0.00890443,2.234,0.0250652,2.234,0.0254931,2.234,0.025888,2.234,0.0256247,2.234,0.00887152,2.234,0.00844364
,,2.235,-0.000846386,2.235,0.0397777,2.235,0.00850947,2.235,0.00880569,2.235,0.0251639,2.235,0.0253285,2.235,0.0259538,2.235,0.0259868,2.235,0.00893735,2.235,0.00854238
,,2.236,-0.000852975,2.236,0.0399093,2.236,0.00867404,2.236,0.00831198,2.236,0.0251968,2.236,0.0253943,2.236,0.0259538,2.236,0.0260526,2.236,0.00890443,2.236,0.00920066
,,2.237,-0.000846386,2.237,0.0387903,2.237,0.00887152,2.237,0.009069,2.237,0.0251968,2.237,0.0248677,2.237,0.0259538,2.237,0.026283,2.237,0.00900318,2.237,0.0092994
,,2.238,-0.000872742,2.238,0.0394156,2.238,0.00916774,2.238,0.00887152,2.238,0.0251639,2.238,0.0252956,2.238,0.0259209,2.238,0.0261184,2.238,0.00890443,2.238,0.00939814
,,2.239,-0.000846386,2.239,0.0398435,2.239,0.00857529,2.239,0.00897026,2.239,0.0252627,2.239,0.0254931,2.239,0.0258222,2.239,0.0251968,2.239,0.00893735,2.239,0.00887152
,,2.24,-0.000852975,2.24,0.039646,2.24,0.00887152,2.24,0.00873986,2.24,0.0252627,2.24,0.0246373,2.24,0.0257893,2.24,0.025888,2.24,0.00900318,2.24,0.00837781
,,2.241,-0.000852975,2.241,0.0393498,2.241,0.00926649,2.241,0.00877278,2.241,0.0251639,2.241,0.025131,2.241,0.0257893,2.241,0.0261184,2.241,0.009069,2.241,0.00864112
,,2.242,-0.000859564,2.242,0.0395473,2.242,0.00873986,2.242,0.00867404,2.242,0.0251968,2.242,0.025131,2.242,0.025888,2.242,0.0256247,2.242,0.00897026,2.242,0.00880569
,,2.243,-0.000839797,2.243,0.0399752,2.243,0.00791702,2.243,0.00778536,2.243,0.0252297,2.243,0.0253285,2.243,0.025888,2.243,0.0256576,2.243,0.00903609,2.243,0.00867404
,,2.244,-0.000846386,2.244,0.0387903,2.244,0.00910192,2.244,0.00831198,2.244,0.0251968,2.244,0.0246702,2.244,0.0258551,2.244,0.0257234,2.244,0.00897026,2.244,0.00864112
,,2.245,-0.000839797,2.245,0.0396131,2.245,0.00969437,2.245,0.00873986,2.245,0.0252627,2.245,0.0250981,2.245,0.0258222,2.245,0.0264805,2.245,0.00903609,2.245,0.00949688
,,2.246,-0.000859564,2.246,0.040041,2.246,0.00854238,2.246,0.00880569,2.246,0.0251968,2.246,0.0251968,2.246,0.025888,2.246,0.0248348,2.246,0.00900318,2.246,0.00801576
,,2.247,-0.000839797,2.247,0.0398435,2.247,0.009069,2.247,0.00827907,2.247,0.0251639,2.247,0.0255589,2.247,0.0259538,2.247,0.0257893,2.247,0.00897026,2.247,0.00854238
,,2.248,-0.000846386,2.248,0.038494,2.248,0.00926649,2.248,0.00837781,2.248,0.0250652,2.248,0.024736,2.248,0.0258551,2.248,0.0257564,2.248,0.00893735,2.248,0.00890443
,,2.249,-0.000866153,2.249,0.0396131,2.249,0.00903609,2.249,0.009069,2.249,0.0250323,2.249,0.0248019,2.249,0.0257893,2.249,0.0260197,2.249,0.00890443,2.249,0.00939814
,,2.25,-0.000833208,2.25,0.0400081,2.25,0.00821324,2.25,0.00913483,2.25,0.0249335,2.25,0.0252956,2.25,0.025888,2.25,0.0253943,2.25,0.00893735,2.25,0.00923357
,,2.251,-0.000826619,2.251,0.0398106,2.251,0.00873986,2.251,0.00837781,2.251,0.0250652,2.251,0.0256247,2.251,0.0259538,2.251,0.0259868,2.251,0.00890443,2.251,0.00867404
,,2.252,-0.000852975,2.252,0.0388232,2.252,0.00850947,2.252,0.00850947,2.252,0.0250652,2.252,0.0243411,2.252,0.0259868,2.252,0.0260197,2.252,0.00890443,2.252,0.0083449
,,2.253,-0.000846386,2.253,0.0398435,2.253,0.00854238,2.253,0.00933231,2.253,0.0251639,2.253,0.0248348,2.253,0.0259868,2.253,0.0260855,2.253,0.00893735,2.253,0.009069
,,2.254,-0.000826619,2.254,0.0399752,2.254,0.00860821,2.254,0.00880569,2.254,0.0251639,2.254,0.0254601,2.254,0.0259868,2.254,0.0254931,2.254,0.00893735,2.254,0.00923357
,,2.255,-0.000846386,2.255,0.0394156,2.255,0.00877278,2.255,0.00860821,2.255,0.0250981,2.255,0.0255589,2.255,0.025888,2.255,0.0259538,2.255,0.00897026,2.255,0.00903609
,,2.256,-0.000859564,2.256,0.0385928,2.256,0.00910192,2.256,0.00850947,2.256,0.0251968,2.256,0.024374,2.256,0.0258551,2.256,0.0259209,2.256,0.00893735,2.256,0.00880569
,,2.257,-0.000859564,2.257,0.040041,2.257,0.00814741,2.257,0.00864112,2.257,0.025131,2.257,0.025526,2.257,0.0257893,2.257,0.0263159,2.257,0.00897026,2.257,0.00850947
,,2.258,-0.000852975,2.258,0.0402056,2.258,0.00900318,2.258,0.00808159,2.258,0.0250652,2.258,0.0254931,2.258,0.0258222,2.258,0.0254272,2.258,0.00903609,2.258,0.00841072
,,2.259,-0.000833208,2.259,0.0390865,2.259,0.00880569,2.259,0.00814741,2.259,0.0251639,2.259,0.0257234,2.259,0.0258222,2.259,0.0261184,2.259,0.00897026,2.259,0.00903609
,,2.26,-0.000852975,2.26,0.0393169,2.26,0.00893735,2.26,0.00893735,2.26,0.025131,2.26,0.0252627,2.26,0.025888,2.26,0.0263159,2.26,0.00900318,2.26,0.00903609
,,2.261,-0.000833208,2.261,0.0403372,2.261,0.00903609,2.261,0.00920066,2.261,0.0252297,2.261,0.0250981,2.261,0.0259538,2.261,0.0261184,2.261,0.00900318,2.261,0.009069
,,2.262,-0.000846386,2.262,0.040041,2.262,0.00873986,2.262,0.00814741,2.262,0.025131,2.262,0.0253614,2.262,0.0259538,2.262,0.0255918,2.262,0.00893735,2.262,0.00831198
,,2.263,-0.000839797,2.263,0.038494,2.263,0.00926649,2.263,0.00860821,2.263,0.025131,2.263,0.0255589,2.263,0.0259538,2.263,0.0254272,2.263,0.00900318,2.263,0.00867404
,,2.264,-0.000852975,2.264,0.0396789,2.264,0.00887152,2.264,0.00900318,2.264,0.0250981,2.264,0.024374,2.264,0.0259538,2.264,0.0263159,2.264,0.00897026,2.264,0.00844364
,,2.265,-0.000866153,2.265,0.0401727,2.265,0.00903609,2.265,0.00873986,2.265,0.025131,2.265,0.0249006,2.265,0.0258551,2.265,0.0262172,2.265,0.00893735,2.265,0.009069
,,2.266,-0.000846386,2.266,0.0398764,2.266,0.00933231,2.266,0.0083449,2.266,0.0249664,2.266,0.0255589,2.266,0.0258551,2.266,0.0245385,2.266,0.00890443,2.266,0.00910192
,,2.267,-0.000852975,2.267,0.0393827,2.267,0.00923357,2.267,0.00857529,2.267,0.0249664,2.267,0.0249664,2.267,0.025888,2.267,0.025888,2.267,0.00890443,2.267,0.00949688
,,2.268,-0.000846386,2.268,0.0393498,2.268,0.00785119,2.268,0.00877278,2.268,0.0250981,2.268,0.0246702,2.268,0.025888,2.268,0.026678,2.268,0.00890443,2.268,0.00854238
,,2.269,-0.000846386,2.269,0.039646,2.269,0.00897026,2.269,0.0083449,2.269,0.0250981,2.269,0.0250652,2.269,0.0260526,2.269,0.0262501,2.269,0.00887152,2.269,0.00860821
,,2.27,-0.000846386,2.27,0.0393498,2.27,0.00883861,2.27,0.00870695,2.27,0.025131,2.27,0.0252956,2.27,0.0260526,2.27,0.0250981,2.27,0.00890443,2.27,0.00887152
,,2.271,-0.000852975,2.271,0.0395802,2.271,0.00897026,2.271,0.009069,2.271,0.0251639,2.271,0.024736,2.271,0.0259868,2.271,0.0259538,2.271,0.00893735,2.271,0.00890443
,,2.272,-0.000852975,2.272,0.0397448,2.272,0.00831198,2.272,0.00841072,2.272,0.0251639,2.272,0.0250323,2.272,0.025888,2.272,0.025888,2.272,0.00890443,2.272,0.00949688
,,2.273,-0.000859564,2.273,0.0401727,2.273,0.00880569,2.273,0.00814741,2.273,0.0251968,2.273,0.0248677,2.273,0.0258222,2.273,0.0260526,2.273,0.00900318,2.273,0.00913483
,,2.274,-0.000839797,2.274,0.0384611,2.274,0.00926649,2.274,0.00877278,2.274,0.0249664,2.274,0.0254931,2.274,0.0258551,2.274,0.0252297,2.274,0.00903609,2.274,0.00837781
,,2.275,-0.000846386,2.275,0.0394815,2.275,0.00933231,2.275,0.00870695,2.275,0.0249993,2.275,0.0247689,2.275,0.025888,2.275,0.0257564,2.275,0.00903609,2.275,0.00841072
,,2.276,-0.000859564,2.276,0.0395802,2.276,0.00880569,2.276,0.00870695,2.276,0.0250981,2.276,0.0249664,2.276,0.0259209,2.276,0.0263817,2.276,0.00903609,2.276,0.00883861
,,2.277,-0.000846386,2.277,0.0397119,2.277,0.0081145,2.277,0.00831198,2.277,0.0251639,2.277,0.025526,2.277,0.0258551,2.277,0.0265463,2.277,0.00897026,2.277,0.00893735
,,2.278,-0.000866153,2.278,0.0394815,2.278,0.00903609,2.278,0.00900318,2.278,0.0251639,2.278,0.0256576,2.278,0.025888,2.278,0.0254931,2.278,0.00900318,2.278,0.00893735
,,2.279,-0.000852975,2.279,0.0396131,2.279,0.00883861,2.279,0.00870695,2.279,0.0252297,2.279,0.0249006,2.279,0.025888,2.279,0.0249993,2.279,0.00893735,2.279,0.00910192
,,2.28,-0.000839797,2.28,0.0401068,2.28,0.00939814,2.28,0.0083449,2.28,0.0250652,2.28,0.0252297,2.28,0.0259209,2.28,0.0257564,2.28,0.00900318,2.28,0.00883861
,,2.281,-0.000859564,2.281,0.0402385,2.281,0.00883861,2.281,0.00847655,2.281,0.0250652,2.281,0.0252956,2.281,0.0259209,2.281,0.0261842,2.281,0.00890443,2.281,0.00771953
,,2.282,-0.000859564,2.282,0.038527,2.282,0.00827907,2.282,0.00847655,2.282,0.0249335,2.282,0.0249664,2.282,0.0258222,2.282,0.0256247,2.282,0.00890443,2.282,0.00841072
,,2.283,-0.000872742,2.283,0.0386915,2.283,0.00814741,2.283,0.00913483,2.283,0.0249664,2.283,0.0244069,2.283,0.0258551,2.283,0.0263817,2.283,0.00890443,2.283,0.00877278
,,2.284,-0.000859564,2.284,0.0395802,2.284,0.00841072,2.284,0.00837781,2.284,0.0249993,2.284,0.025131,2.284,0.025888,2.284,0.0265792,2.284,0.00893735,2.284,0.00920066
,,2.285,-0.000839797,2.285,0.039646,2.285,0.00900318,2.285,0.00844364,2.285,0.0250652,2.285,0.0253285,2.285,0.0259209,2.285,0.0254601,2.285,0.00890443,2.285,0.00933231
,,2.286,-0.000852975,2.286,0.0396789,2.286,0.00933231,2.286,0.00827907,2.286,0.0250981,2.286,0.025526,2.286,0.0259868,2.286,0.025526,2.286,0.00890443,2.286,0.00956271
,,2.287,-0.000852975,2.287,0.0401397,2.287,0.00893735,2.287,0.00883861,2.287,0.0250652,2.287,0.0246702,2.287,0.0259868,2.287,0.0261513,2.287,0.00890443,2.287,0.00867404
,,2.288,-0.000872742,2.288,0.0381978,2.288,0.00837781,2.288,0.00860821,2.288,0.025131,2.288,0.0256905,2.288,0.0259868,2.288,0.0260197,2.288,0.00893735,2.288,0.00821324
,,2.289,-0.000852975,2.289,0.0393169,2.289,0.00867404,2.289,0.00883861,2.289,0.025131,2.289,0.0252627,2.289,0.0258222,2.289,0.0259538,2.289,0.00887152,2.289,0.0092994
,,2.29,-0.000852975,2.29,0.0398764,2.29,0.009069,2.29,0.00831198,2.29,0.0250981,2.29,0.0252297,2.29,0.0256905,2.29,0.0257564,2.29,0.00900318,2.29,0.00910192
,,2.291,-0.000839797,2.291,0.0399093,2.291,0.00926649,2.291,0.00801576,2.291,0.0249664,2.291,0.0244398,2.291,0.0257893,2.291,0.0252627,2.291,0.00897026,2.291,0.00916774
,,2.292,-0.000846386,2.292,0.0400081,2.292,0.00916774,2.292,0.00847655,2.292,0.0249993,2.292,0.0251639,2.292,0.0258222,2.292,0.0254601,2.292,0.00897026,2.292,0.0092994
,,2.293,-0.000846386,2.293,0.0390536,2.293,0.00801576,2.293,0.00870695,2.293,0.0250323,2.293,0.0253614,2.293,0.025888,2.293,0.0260197,2.293,0.00893735,2.293,0.00755496
,,2.294,-0.000866153,2.294,0.0389878,2.294,0.00897026,2.294,0.00890443,2.294,0.0250652,2.294,0.0252956,2.294,0.025888,2.294,0.0261842,2.294,0.00897026,2.294,0.00893735
,,2.295,-0.000846386,2.295,0.0397448,2.295,0.009069,2.295,0.00870695,2.295,0.0250652,2.295,0.0248019,2.295,0.0259209,2.295,0.0261513,2.295,0.00897026,2.295,0.00857529
,,2.296,-0.000866153,2.296,0.040041,2.296,0.00926649,2.296,0.00791702,2.296,0.0250323,2.296,0.025131,2.296,0.0259209,2.296,0.0267109,2.296,0.00897026,2.296,0.00893735
,,2.297,-0.000859564,2.297,0.0402056,2.297,0.00864112,2.297,0.00870695,2.297,0.0250652,2.297,0.0251968,2.297,0.0259538,2.297,0.0244727,2.297,0.00893735,2.297,0.00920066
,,2.298,-0.000859564,2.298,0.0401727,2.298,0.00808159,2.298,0.00841072,2.298,0.0249993,2.298,0.0252627,2.298,0.025888,2.298,0.0259209,2.298,0.00893735,2.298,0.00920066
,,2.299,-0.000852975,2.299,0.0383624,2.299,0.00870695,2.299,0.00900318,2.299,0.0248019,2.299,0.0246373,2.299,0.0258551,2.299,0.0258222,2.299,0.00887152,2.299,0.00946397
,,2.3,-0.000846386,2.3,0.0390865,2.3,0.00893735,2.3,0.00867404,2.3,0.0248019,2.3,0.0250652,2.3,0.0258222,2.3,0.0259868,2.3,0.00887152,2.3,0.00785119
,,2.301,-0.000839797,2.301,0.0399423,2.301,0.00877278,2.301,0.00844364,2.301,0.0249335,2.301,0.0250981,2.301,0.0259538,2.301,0.0261842,2.301,0.00893735,2.301,0.00847655
,,2.302,-0.000852975,2.302,0.0396789,2.302,0.00739039,2.302,0.0081145,2.302,0.0249335,2.302,0.0252297,2.302,0.0259538,2.302,0.0267438,2.302,0.00890443,2.302,0.00883861
,,2.303,-0.000833208,2.303,0.0405018,2.303,0.00887152,2.303,0.00870695,2.303,0.0249335,2.303,0.0254931,2.303,0.0259868,2.303,0.0257893,2.303,0.00890443,2.303,0.00985894
,,2.304,-0.000852975,2.304,0.0388232,2.304,0.00844364,2.304,0.00864112,2.304,0.0249335,2.304,0.0242423,2.304,0.0259868,2.304,0.0264476,2.304,0.00897026,2.304,0.00956271
,,2.305,-0.000859564,2.305,0.0394486,2.305,0.00923357,2.305,0.00864112,2.305,0.0249993,2.305,0.0244398,2.305,0.0259868,2.305,0.0265792,2.305,0.00893735,2.305,0.00936523
,,2.306,-0.000852975,2.306,0.0396789,2.306,0.00920066,2.306,0.00887152,2.306,0.0250652,2.306,0.0253285,2.306,0.0258551,2.306,0.0263817,2.306,0.00890443,2.306,0.00841072
,,2.307,-0.000852975,2.307,0.0401397,2.307,0.00897026,2.307,0.00831198,2.307,0.0248677,2.307,0.0248348,2.307,0.0257893,2.307,0.0253614,2.307,0.00897026,2.307,0.00890443
,,2.308,-0.000872742,2.308,0.0398764,2.308,0.00847655,2.308,0.00837781,2.308,0.0248348,2.308,0.0249335,2.308,0.0258551,2.308,0.0264476,2.308,0.00897026,2.308,0.009069
,,2.309,-0.000859564,2.309,0.0383953,2.309,0.00837781,2.309,0.00857529,2.309,0.0249993,2.309,0.0254601,2.309,0.0259209,2.309,0.0262172,2.309,0.00897026,2.309,0.00880569
,,2.31,-0.000846386,2.31,0.0391194,2.31,0.00870695,2.31,0.00867404,2.31,0.0250323,2.31,0.0246044,2.31,0.0259538,2.31,0.0263488,2.31,0.00900318,2.31,0.00926649
,,2.311,-0.000852975,2.311,0.0397448,2.311,0.00913483,2.311,0.00857529,2.311,0.0249664,2.311,0.0249664,2.311,0.0259538,2.311,0.0258222,2.311,0.00903609,2.311,0.00910192
,,2.312,-0.000859564,2.312,0.0398106,2.312,0.009069,2.312,0.00831198,2.312,0.0249993,2.312,0.0248019,2.312,0.0259538,2.312,0.0260855,2.312,0.00893735,2.312,0.00791702
,,2.313,-0.000846386,2.313,0.0398106,2.313,0.00860821,2.313,0.00867404,2.313,0.0249335,2.313,0.0250652,2.313,0.0259538,2.313,0.0262172,2.313,0.00893735,2.313,0.00841072
,,2.314,-0.000872742,2.314,0.0383295,2.314,0.00844364,2.314,0.00887152,2.314,0.0248019,2.314,0.0252956,2.314,0.0259868,2.314,0.0263159,2.314,0.00897026,2.314,0.00890443
,,2.315,-0.000852975,2.315,0.038889,2.315,0.00877278,2.315,0.00883861,2.315,0.0249335,2.315,0.0245056,2.315,0.025888,2.315,0.0256905,2.315,0.00890443,2.315,0.00959563
,,2.316,-0.000859564,2.316,0.0394486,2.316,0.00877278,2.316,0.00887152,2.316,0.024736,2.316,0.0236499,2.316,0.0259209,2.316,0.0259868,2.316,0.00893735,2.316,0.00939814
,,2.317,-0.000866153,2.317,0.0399752,2.317,0.00880569,2.317,0.00857529,2.317,0.0247689,2.317,0.0244398,2.317,0.0259209,2.317,0.0265463,2.317,0.00887152,2.317,0.00949688
,,2.318,-0.000866153,2.318,0.0397777,2.318,0.00910192,2.318,0.00890443,2.318,0.0247689,2.318,0.0250323,2.318,0.0259868,2.318,0.026678,2.318,0.00887152,2.318,0.00841072
,,2.319,-0.000846386,2.319,0.0391194,2.319,0.0081145,2.319,0.00890443,2.319,0.0249006,2.319,0.0252627,2.319,0.0259868,2.319,0.025888,2.319,0.00890443,2.319,0.00841072
,,2.32,-0.000859564,2.32,0.0386586,2.32,0.00890443,2.32,0.00880569,2.32,0.0248348,2.32,0.0251639,2.32,0.0260197,2.32,0.0259868,2.32,0.00883861,2.32,0.00850947
,,2.321,-0.000859564,2.321,0.0392511,2.321,0.00903609,2.321,0.00873986,2.321,0.0248348,2.321,0.0253285,2.321,0.0259868,2.321,0.0264146,2.321,0.00890443,2.321,0.00926649
,,2.322,-0.000859564,2.322,0.0396789,2.322,0.00956271,2.322,0.00850947,2.322,0.0249006,2.322,0.0242752,2.322,0.0259209,2.322,0.0254931,2.322,0.00883861,2.322,0.00923357
,,2.323,-0.000859564,2.323,0.0399093,2.323,0.00893735,2.323,0.00910192,2.323,0.0249006,2.323,0.0249335,2.323,0.0258551,2.323,0.0258222,2.323,0.00890443,2.323,0.00962854
,,2.324,-0.000859564,2.324,0.0399752,2.324,0.00824615,2.324,0.00900318,2.324,0.0248348,2.324,0.0253285,2.324,0.0257893,2.324,0.0256576,2.324,0.00893735,2.324,0.00867404
,,2.325,-0.000846386,2.325,0.0387574,2.325,0.00864112,2.325,0.00893735,2.325,0.0247031,2.325,0.0251639,2.325,0.0258551,2.325,0.0262172,2.325,0.00897026,2.325,0.00827907
,,2.326,-0.000866153,2.326,0.0388232,2.326,0.00877278,2.326,0.00827907,2.326,0.0249006,2.326,0.0254272,2.326,0.0259538,2.326,0.0257234,2.326,0.00897026,2.326,0.00867404
,,2.327,-0.000879331,2.327,0.0393827,2.327,0.00920066,2.327,0.00841072,2.327,0.0249335,2.327,0.0245056,2.327,0.0259209,2.327,0.0257234,2.327,0.00897026,2.327,0.00916774
,,2.328,-0.000852975,2.328,0.0395473,2.328,0.00913483,2.328,0.00897026,2.328,0.0249664,2.328,0.0247031,2.328,0.0259209,2.328,0.0262172,2.328,0.00893735,2.328,0.00900318
,,2.329,-0.000839797,2.329,0.0403372,2.329,0.00831198,2.329,0.00890443,2.329,0.0249335,2.329,0.0249993,2.329,0.025888,2.329,0.0265134,2.329,0.00893735,2.329,0.00920066
,,2.33,-0.000846386,2.33,0.0403043,2.33,0.00821324,2.33,0.00860821,2.33,0.0248019,2.33,0.0252297,2.33,0.0260197,2.33,0.0249335,2.33,0.00890443,2.33,0.00972728
,,2.331,-0.000833208,2.331,0.0390865,2.331,0.00867404,2.331,0.00897026,2.331,0.0249335,2.331,0.0241436,2.331,0.0259538,2.331,0.025888,2.331,0.00890443,2.331,0.00860821
,,2.332,-0.000859564,2.332,0.0389548,2.332,0.009069,2.332,0.00854238,2.332,0.0246702,2.332,0.0245056,2.332,0.0259209,2.332,0.0263488,2.332,0.00883861,2.332,0.00870695
,,2.333,-0.000839797,2.333,0.0397119,2.333,0.00916774,2.333,0.00860821,2.333,0.0247031,2.333,0.0252297,2.333,0.0259209,2.333,0.0264476,2.333,0.00890443,2.333,0.00877278
,,2.334,-0.000866153,2.334,0.0393169,2.334,0.00936523,2.334,0.00844364,2.334,0.0248019,2.334,0.0251639,2.334,0.0260197,2.334,0.0253285,2.334,0.00887152,2.334,0.00910192
,,2.335,-0.000852975,2.335,0.0398106,2.335,0.0078841,2.335,0.00870695,2.335,0.0247689,2.335,0.0238803,2.335,0.0260197,2.335,0.0261513,2.335,0.00890443,2.335,0.00910192
,,2.336,-0.000846386,2.336,0.0398106,2.336,0.00850947,2.336,0.00923357,2.336,0.0249664,2.336,0.0249664,2.336,0.0260197,2.336,0.0263488,2.336,0.00890443,2.336,0.0097602
,,2.337,-0.000852975,2.337,0.0382636,2.337,0.00913483,2.337,0.00841072,2.337,0.0249006,2.337,0.0250323,2.337,0.0260526,2.337,0.0263817,2.337,0.00890443,2.337,0.00850947
,,2.338,-0.000859564,2.338,0.0390207,2.338,0.00883861,2.338,0.00804867,2.338,0.0245385,2.338,0.0247031,2.338,0.0259868,2.338,0.0252956,2.338,0.00890443,2.338,0.00841072
,,2.339,-0.000859564,2.339,0.0393498,2.339,0.00893735,2.339,0.00854238,2.339,0.0247689,2.339,0.0239461,2.339,0.025888,2.339,0.0261184,2.339,0.00887152,2.339,0.00880569
,,2.34,-0.000846386,2.34,0.0402385,2.34,0.00841072,2.34,0.00900318,2.34,0.0248019,2.34,0.0247689,2.34,0.025888,2.34,0.0262501,2.34,0.00897026,2.34,0.00890443
,,2.341,-0.000859564,2.341,0.0398764,2.341,0.00808159,2.341,0.00857529,2.341,0.024736,2.341,0.0249006,2.341,0.0258551,2.341,0.026678,2.341,0.00900318,2.341,0.00897026
,,2.342,-0.000846386,2.342,0.039646,2.342,0.00844364,2.342,0.00890443,2.342,0.024736,2.342,0.0250323,2.342,0.0259209,2.342,0.0249664,2.342,0.00897026,2.342,0.00926649
,,2.343,-0.000866153,2.343,0.0382636,2.343,0.00887152,2.343,0.00860821,2.343,0.0247689,2.343,0.0244727,2.343,0.0258551,2.343,0.0259868,2.343,0.00897026,2.343,0.00781827
,,2.344,-0.000839797,2.344,0.0388232,2.344,0.00916774,2.344,0.00867404,2.344,0.0249006,2.344,0.0249664,2.344,0.0259538,2.344,0.0258551,2.344,0.00893735,2.344,0.00877278
,,2.345,-0.000866153,2.345,0.0395802,2.345,0.00910192,2.345,0.00870695,2.345,0.0249006,2.345,0.0250652,2.345,0.025888,2.345,0.0259209,2.345,0.00897026,2.345,0.00857529
,,2.346,-0.000852975,2.346,0.0402385,2.346,0.00804867,2.346,0.00873986,2.346,0.0249006,2.346,0.0248677,2.346,0.0259868,2.346,0.0254601,2.346,0.00897026,2.346,0.00910192
,,2.347,-0.000846386,2.347,0.0402056,2.347,0.00867404,2.347,0.00890443,2.347,0.0248348,2.347,0.0240778,2.347,0.0259868,2.347,0.025526,2.347,0.00893735,2.347,0.00916774
,,2.348,-0.000852975,2.348,0.0391194,2.348,0.00873986,2.348,0.00847655,2.348,0.0247031,2.348,0.024374,2.348,0.0259538,2.348,0.0261513,2.348,0.00887152,2.348,0.00913483
,,2.349,-0.000872742,2.349,0.0388561,2.349,0.00887152,2.349,0.00870695,2.349,0.0245385,2.349,0.0246702,2.349,0.025888,2.349,0.0265134,2.349,0.00890443,2.349,0.00962854
,,2.35,-0.000859564,2.35,0.0391852,2.35,0.00873986,2.35,0.00860821,2.35,0.0245715,2.35,0.0245056,2.35,0.0259538,2.35,0.0250981,2.35,0.00890443,2.35,0.00841072
,,2.351,-0.000839797,2.351,0.0401397,2.351,0.00798284,2.351,0.00883861,2.351,0.024736,2.351,0.024374,2.351,0.0259868,2.351,0.0259868,2.351,0.00887152,2.351,0.00867404
,,2.352,-0.000846386,2.352,0.0394815,2.352,0.00831198,2.352,0.00831198,2.352,0.0247689,2.352,0.0248348,2.352,0.0260197,2.352,0.0263817,2.352,0.00893735,2.352,0.00857529
,,2.353,-0.000852975,2.353,0.0398106,2.353,0.00864112,2.353,0.00900318,2.353,0.0248019,2.353,0.0249335,2.353,0.0260197,2.353,0.0261513,2.353,0.00890443,2.353,0.00959563
,,2.354,-0.000839797,2.354,0.0384282,2.354,0.00883861,2.354,0.00880569,2.354,0.0248348,2.354,0.0246044,2.354,0.0260526,2.354,0.0251968,2.354,0.00890443,2.354,0.0095298
,,2.355,-0.000833208,2.355,0.0391852,2.355,0.009069,2.355,0.00880569,2.355,0.0247689,2.355,0.0242094,2.355,0.0259868,2.355,0.0261184,2.355,0.00893735,2.355,0.0097602
,,2.356,-0.000852975,2.356,0.0394486,2.356,0.00867404,2.356,0.00798284,2.356,0.0248677,2.356,0.0248348,2.356,0.0258222,2.356,0.0257234,2.356,0.00893735,2.356,0.0078841
,,2.357,-0.000879331,2.357,0.0397119,2.357,0.00752205,2.357,0.009069,2.357,0.0247031,2.357,0.0249664,2.357,0.0257893,2.357,0.0258222,2.357,0.00893735,2.357,0.00870695
,,2.358,-0.000839797,2.358,0.0401068,2.358,0.00860821,2.358,0.00850947,2.358,0.0246373,2.358,0.0240119,2.358,0.025888,2.358,0.0256905,2.358,0.00900318,2.358,0.00883861
,,2.359,-0.000846386,2.359,0.0398106,2.359,0.009069,2.359,0.00844364,2.359,0.024736,2.359,0.0249006,2.359,0.025888,2.359,0.0260197,2.359,0.00897026,2.359,0.00873986
,,2.36,-0.000859564,2.36,0.0380333,2.36,0.00877278,2.36,0.00850947,2.36,0.0247689,2.36,0.0247031,2.36,0.025888,2.36,0.026283,2.36,0.00893735,2.36,0.00897026
,,2.361,-0.000846386,2.361,0.0391852,2.361,0.00920066,2.361,0.00854238,2.361,0.0247689,2.361,0.0250323,2.361,0.0259868,2.361,0.0263488,2.361,0.00893735,2.361,0.00962854
,,2.362,-0.000859564,2.362,0.0396789,2.362,0.00775245,2.362,0.0092994,2.362,0.0248019,2.362,0.0241107,2.362,0.0259209,2.362,0.0256905,2.362,0.00897026,2.362,0.00850947
,,2.363,-0.000846386,2.363,0.0401727,2.363,0.00827907,2.363,0.00818033,2.363,0.0247689,2.363,0.0244069,2.363,0.0259868,2.363,0.0259868,2.363,0.00893735,2.363,0.00893735
,,2.364,-0.000839797,2.364,0.0401727,2.364,0.00870695,2.364,0.00890443,2.364,0.0246702,2.364,0.0249006,2.364,0.0259868,2.364,0.0261513,2.364,0.00890443,2.364,0.00966145
,,2.365,-0.000846386,2.365,0.039646,2.365,0.00913483,2.365,0.00857529,2.365,0.0246702,2.365,0.0248677,2.365,0.025888,2.365,0.0258551,2.365,0.00883861,2.365,0.00910192
,,2.366,-0.000839797,2.366,0.0389878,2.366,0.00913483,2.366,0.00890443,2.366,0.0247031,2.366,0.0242094,2.366,0.0259209,2.366,0.0250981,2.366,0.00887152,2.366,0.00900318
,,2.367,-0.000846386,2.367,0.039284,2.367,0.00873986,2.367,0.00831198,2.367,0.0244727,2.367,0.0248019,2.367,0.0259538,2.367,0.0256905,2.367,0.00890443,2.367,0.00814741
,,2.368,-0.000846386,2.368,0.0396131,2.368,0.00814741,2.368,0.00880569,2.368,0.0246044,2.368,0.0249664,2.368,0.0260197,2.368,0.0259538,2.368,0.00890443,2.368,0.00847655
,,2.369,-0.000872742,2.369,0.0392182,2.369,0.00854238,2.369,0.00847655,2.369,0.024736,2.369,0.0248348,2.369,0.0260197,2.369,0.0269413,2.369,0.00890443,2.369,0.00893735
,,2.37,-0.000859564,2.37,0.0398435,2.37,0.00916774,2.37,0.00801576,2.37,0.0246373,2.37,0.0239461,2.37,0.0260197,2.37,0.0258222,2.37,0.00887152,2.37,0.00900318
,,2.371,-0.000839797,2.371,0.0386915,2.371,0.00880569,2.371,0.00860821,2.371,0.0246044,2.371,0.0241765,2.371,0.0259868,2.371,0.0259209,2.371,0.00887152,2.371,0.00933231
,,2.372,-0.000846386,2.372,0.0389219,2.372,0.00910192,2.372,0.00867404,2.372,0.0247031,2.372,0.0250981,2.372,0.0259538,2.372,0.0259868,2.372,0.00887152,2.372,0.00949688
,,2.373,-0.000866153,2.373,0.0398106,2.373,0.00818033,2.373,0.00883861,2.373,0.0246702,2.373,0.0249006,2.373,0.0258222,2.373,0.0267109,2.373,0.00890443,2.373,0.00844364
,,2.374,-0.000879331,2.374,0.0395473,2.374,0.00824615,2.374,0.00818033,2.374,0.0246702,2.374,0.0244398,2.374,0.0258222,2.374,0.0252297,2.374,0.00893735,2.374,0.00883861
,,2.375,-0.000852975,2.375,0.0401727,2.375,0.00877278,2.375,0.00864112,2.375,0.0247031,2.375,0.0251639,2.375,0.0257893,2.375,0.0253614,2.375,0.00897026,2.375,0.00936523
,,2.376,-0.000859564,2.376,0.0406005,2.376,0.00873986,2.376,0.00864112,2.376,0.0246702,2.376,0.025131,2.376,0.0258222,2.376,0.0259209,2.376,0.00897026,2.376,0.00854238
,,2.377,-0.000859564,2.377,0.0380991,2.377,0.00890443,2.377,0.00867404,2.377,0.0246702,2.377,0.0247689,2.377,0.0259209,2.377,0.0260526,2.377,0.00893735,2.377,0.00890443
,,2.378,-0.000833208,2.378,0.0390536,2.378,0.00870695,2.378,0.00873986,2.378,0.024736,2.378,0.0244069,2.378,0.025888,2.378,0.0259538,2.378,0.00897026,2.378,0.00893735
,,2.379,-0.000846386,2.379,0.0400081,2.379,0.00781827,2.379,0.0083449,2.379,0.0246702,2.379,0.0251968,2.379,0.025888,2.379,0.0266121,2.379,0.00890443,2.379,0.00867404
,,2.38,-0.000852975,2.38,0.0401727,2.38,0.00870695,2.38,0.00857529,2.38,0.0246373,2.38,0.0249006,2.38,0.0259538,2.38,0.0250981,2.38,0.00893735,2.38,0.00860821
,,2.381,-0.000852975,2.381,0.0403043,2.381,0.00926649,2.381,0.00873986,2.381,0.0247031,2.381,0.0249993,2.381,0.0259209,2.381,0.025526,2.381,0.00893735,2.381,0.00920066
,,2.382,-0.000839797,2.382,0.0384282,2.382,0.009069,2.382,0.00926649,2.382,0.0244727,2.382,0.0245385,2.382,0.0258551,2.382,0.0259209,2.382,0.00890443,2.382,0.00926649
,,2.383,-0.000833208,2.383,0.0386915,2.383,0.00900318,2.383,0.00739039,2.383,0.0244398,2.383,0.0245385,2.383,0.0258551,2.383,0.0266121,2.383,0.00887152,2.383,0.00933231
,,2.384,-0.000846386,2.384,0.0393498,2.384,0.00808159,2.384,0.00844364,2.384,0.0244398,2.384,0.0248348,2.384,0.0259209,2.384,0.0266121,2.384,0.00893735,2.384,0.00821324
,,2.385,-0.000859564,2.385,0.0394486,2.385,0.00857529,2.385,0.00870695,2.385,0.0246044,2.385,0.0249006,2.385,0.0259868,2.385,0.026645,2.385,0.00887152,2.385,0.00847655
,,2.386,-0.000866153,2.386,0.0396789,2.386,0.00887152,2.386,0.00850947,2.386,0.0246373,2.386,0.0244727,2.386,0.0260197,2.386,0.024736,2.386,0.00893735,2.386,0.00903609
,,2.387,-0.000839797,2.387,0.0398764,2.387,0.00880569,2.387,0.009069,2.387,0.0245715,2.387,0.0248348,2.387,0.0259538,2.387,0.0254601,2.387,0.00887152,2.387,0.00943106
,,2.388,-0.000846386,2.388,0.0380333,2.388,0.00897026,2.388,0.00818033,2.388,0.0246044,2.388,0.0249664,2.388,0.025888,2.388,0.0260855,2.388,0.00890443,2.388,0.00946397
,,2.389,-0.000839797,2.389,0.038889,2.389,0.00897026,2.389,0.00808159,2.389,0.0248019,2.389,0.0244727,2.389,0.0258222,2.389,0.0257564,2.389,0.00890443,2.389,0.00900318
,,2.39,-0.000839797,2.39,0.0393827,2.39,0.00804867,2.39,0.00893735,2.39,0.0246373,2.39,0.024736,2.39,0.0257893,2.39,0.0262172,2.39,0.00900318,2.39,0.00887152
,,2.391,-0.000852975,2.391,0.0401727,2.391,0.00844364,2.391,0.00837781,2.391,0.0245056,2.391,0.0244069,2.391,0.0257893,2.391,0.0260526,2.391,0.00893735,2.391,0.00867404
,,2.392,-0.000826619,2.392,0.0398106,2.392,0.00897026,2.392,0.00844364,2.392,0.0245056,2.392,0.0248019,2.392,0.0257893,2.392,0.0263488,2.392,0.00893735,2.392,0.00916774
,,2.393,-0.000839797,2.393,0.0396789,2.393,0.00923357,2.393,0.00873986,2.393,0.0246044,2.393,0.0242752,2.393,0.0258551,2.393,0.0248348,2.393,0.00890443,2.393,0.0092994
,,2.394,-0.000846386,2.394,0.0380003,2.394,0.00850947,2.394,0.00824615,2.394,0.0246373,2.394,0.0247031,2.394,0.025888,2.394,0.0258551,2.394,0.00900318,2.394,0.00801576
,,2.395,-0.000859564,2.395,0.0396131,2.395,0.00798284,2.395,0.00867404,2.395,0.0246702,2.395,0.0248348,2.395,0.0258551,2.395,0.0265463,2.395,0.00897026,2.395,0.00903609
,,2.396,-0.000866153,2.396,0.0397448,2.396,0.00873986,2.396,0.00887152,2.396,0.0246373,2.396,0.024736,2.396,0.0259209,2.396,0.0267767,2.396,0.00893735,2.396,0.00873986
,,2.397,-0.000846386,2.397,0.0399093,2.397,0.00916774,2.397,0.00841072,2.397,0.0246373,2.397,0.0244727,2.397,0.0259538,2.397,0.0261842,2.397,0.00897026,2.397,0.00939814
,,2.398,-0.000859564,2.398,0.0401397,2.398,0.00903609,2.398,0.00847655,2.398,0.0244727,2.398,0.0242423,2.398,0.025888,2.398,0.0253614,2.398,0.00890443,2.398,0.00923357
,,2.399,-0.000859564,2.399,0.038527,2.399,0.00893735,2.399,0.00831198,2.399,0.0242752,2.399,0.0244727,2.399,0.0258222,2.399,0.0259868,2.399,0.00883861,2.399,0.00897026
,,2.4,-0.000833208,2.4,0.038527,2.4,0.00844364,2.4,0.00870695,2.4,0.0245056,2.4,0.0249006,2.4,0.025888,2.4,0.0258551,2.4,0.00887152,2.4,0.00847655
,,2.401,-0.000826619,2.401,0.0392182,2.401,0.00768662,2.401,0.00837781,2.401,0.0245056,2.401,0.0244398,2.401,0.0259538,2.401,0.0263159,2.401,0.00887152,2.401,0.00897026
,,2.402,-0.000872742,2.402,0.0395144,2.402,0.00841072,2.402,0.00867404,2.402,0.0245385,2.402,0.0244727,2.402,0.0259538,2.402,0.026283,2.402,0.00890443,2.402,0.00897026
,,2.403,-0.000846386,2.403,0.040041,2.403,0.00883861,2.403,0.00887152,2.403,0.0245385,2.403,0.024374,2.403,0.0259538,2.403,0.0253614,2.403,0.00890443,2.403,0.00920066
,,2.404,-0.000846386,2.404,0.0399093,2.404,0.00887152,2.404,0.00808159,2.404,0.0245385,2.404,0.0245715,2.404,0.0259868,2.404,0.0256247,2.404,0.00887152,2.404,0.00860821
,,2.405,-0.000833208,2.405,0.0382966,2.405,0.00841072,2.405,0.00827907,2.405,0.0247689,2.405,0.0246044,2.405,0.0259538,2.405,0.0263817,2.405,0.00890443,2.405,0.00870695
,,2.406,-0.000839797,2.406,0.0394486,2.406,0.00841072,2.406,0.00887152,2.406,0.0245715,2.406,0.0252627,2.406,0.0258222,2.406,0.0262501,2.406,0.00893735,2.406,0.00897026
,,2.407,-0.000846386,2.407,0.0395144,2.407,0.00857529,2.407,0.00873986,2.407,0.0245056,2.407,0.0243082,2.407,0.0257893,2.407,0.0263488,2.407,0.00893735,2.407,0.00926649
,,2.408,-0.000846386,2.408,0.0401397,2.408,0.00913483,2.408,0.00920066,2.408,0.0244727,2.408,0.0234853,2.408,0.0257893,2.408,0.0263817,2.408,0.00897026,2.408,0.00860821
,,2.409,-0.000852975,2.409,0.0403043,2.409,0.00916774,2.409,0.0076537,2.409,0.0245385,2.409,0.0246044,2.409,0.0258222,2.409,0.0253614,2.409,0.00893735,2.409,0.00841072
,,2.41,-0.000826619,2.41,0.0386586,2.41,0.00785119,2.41,0.0083449,2.41,0.0246702,2.41,0.0248019,2.41,0.025888,2.41,0.0258551,2.41,0.00897026,2.41,0.00900318
,,2.411,-0.000826619,2.411,0.0391523,2.411,0.00867404,2.411,0.00887152,2.411,0.0245056,2.411,0.0245056,2.411,0.025888,2.411,0.0257564,2.411,0.00893735,2.411,0.00933231
,,2.412,-0.000846386,2.412,0.0395144,2.412,0.00890443,2.412,0.00880569,2.412,0.0245385,2.412,0.0249335,2.412,0.0258222,2.412,0.0260526,2.412,0.00897026,2.412,0.00808159
,,2.413,-0.000859564,2.413,0.039646,2.413,0.00890443,2.413,0.00910192,2.413,0.0245385,2.413,0.0248019,2.413,0.0259538,2.413,0.0263488,2.413,0.00893735,2.413,0.00873986
,,2.414,-0.000866153,2.414,0.039284,2.414,0.00920066,2.414,0.00844364,2.414,0.024374,2.414,0.0240119,2.414,0.0259209,2.414,0.0263817,2.414,0.00890443,2.414,0.00926649
,,2.415,-0.000852975,2.415,0.0390865,2.415,0.00798284,2.415,0.00850947,2.415,0.0258222,2.415,0.0254601,2.415,0.0258551,2.415,0.0249993,2.415,0.00893735,2.415,0.00956271
,,2.416,-0.000839797,2.416,0.0394156,2.416,0.00841072,2.416,0.00850947,2.416,0.0242752,2.416,0.0238474,2.416,0.0258222,2.416,0.0255918,2.416,0.00887152,2.416,0.00854238
,,2.417,-0.000852975,2.417,0.0406005,2.417,0.00837781,2.417,0.00870695,2.417,0.0243082,2.417,0.0245715,2.417,0.0259209,2.417,0.0263488,2.417,0.00887152,2.417,0.00900318
,,2.418,-0.000839797,2.418,0.0397777,2.418,0.00890443,2.418,0.00893735,2.418,0.0244398,2.418,0.024374,2.418,0.0259209,2.418,0.0261184,2.418,0.00890443,2.418,0.00910192
,,2.419,-0.000852975,2.419,0.0383295,2.419,0.00890443,2.419,0.00798284,2.419,0.0245056,2.419,0.0245715,2.419,0.0259538,2.419,0.0267438,2.419,0.00887152,2.419,0.00920066
,,2.42,-0.000839797,2.42,0.0388232,2.42,0.00837781,2.42,0.00818033,2.42,0.0245056,2.42,0.0240448,2.42,0.0259868,2.42,0.0259209,2.42,0.00890443,2.42,0.00867404
,,2.421,-0.000872742,2.421,0.0397777,2.421,0.00781827,2.421,0.00877278,2.421,0.0244727,2.421,0.0243082,2.421,0.0259209,2.421,0.0256247,2.421,0.00890443,2.421,0.00890443
,,2.422,-0.000859564,2.422,0.040041,2.422,0.00883861,2.422,0.00844364,2.422,0.0245715,2.422,0.0248677,2.422,0.0258551,2.422,0.0254601,2.422,0.00890443,2.422,0.00962854
,,2.423,-0.000859564,2.423,0.0398435,2.423,0.00910192,2.423,0.00887152,2.423,0.0245385,2.423,0.0248019,2.423,0.0257564,2.423,0.0253943,2.423,0.00897026,2.423,0.00910192
,,2.424,-0.000839797,2.424,0.0399093,2.424,0.00923357,2.424,0.00910192,2.424,0.0244069,2.424,0.0248677,2.424,0.0257893,2.424,0.0258551,2.424,0.00900318,2.424,0.00897026
,,2.425,-0.000846386,2.425,0.0382966,2.425,0.00785119,2.425,0.00821324,2.425,0.0244398,2.425,0.0234195,2.425,0.0258222,2.425,0.0260526,2.425,0.00897026,2.425,0.00893735
,,2.426,-0.000872742,2.426,0.0389548,2.426,0.00844364,2.426,0.00860821,2.426,0.0244398,2.426,0.0242423,2.426,0.0257893,2.426,0.0260526,2.426,0.00893735,2.426,0.00877278
,,2.427,-0.000846386,2.427,0.0399093,2.427,0.00883861,2.427,0.00864112,2.427,0.0245715,2.427,0.0245385,2.427,0.0259209,2.427,0.0261184,2.427,0.00897026,2.427,0.0092994
,,2.428,-0.000852975,2.428,0.0400739,2.428,0.00877278,2.428,0.00900318,2.428,0.0245056,2.428,0.0249993,2.428,0.0259209,2.428,0.0256247,2.428,0.00897026,2.428,0.00824615
,,2.429,-0.000852975,2.429,0.0399423,2.429,0.00943106,2.429,0.00897026,2.429,0.0245056,2.429,0.0246702,2.429,0.025888,2.429,0.0263817,2.429,0.00893735,2.429,0.00926649
,,2.43,-0.000872742,2.43,0.038889,2.43,0.00850947,2.43,0.00827907,2.43,0.0244069,2.43,0.0236828,2.43,0.0259209,2.43,0.0261842,2.43,0.00893735,2.43,0.00936523
,,2.431,-0.000839797,2.431,0.0391852,2.431,0.00850947,2.431,0.00864112,2.431,0.0244069,2.431,0.0235182,2.431,0.025888,2.431,0.0262501,2.431,0.00897026,2.431,0.00920066
,,2.432,-0.000859564,2.432,0.0394156,2.432,0.00923357,2.432,0.00860821,2.432,0.024374,2.432,0.0241765,2.432,0.0258551,2.432,0.0265463,2.432,0.00890443,2.432,0.00824615
,,2.433,-0.000859564,2.433,0.0400081,2.433,0.00897026,2.433,0.00827907,2.433,0.0243411,2.433,0.0245056,2.433,0.025888,2.433,0.026645,2.433,0.00887152,2.433,0.00920066
,,2.434,-0.000866153,2.434,0.0396789,2.434,0.00814741,2.434,0.00877278,2.434,0.0244727,2.434,0.0245715,2.434,0.025888,2.434,0.0247689,2.434,0.00890443,2.434,0.00867404
,,2.435,-0.000846386,2.435,0.0383295,2.435,0.00821324,2.435,0.00880569,2.435,0.0244069,2.435,0.0248348,2.435,0.0259538,2.435,0.0248677,2.435,0.00890443,2.435,0.00903609
,,2.436,-0.000859564,2.436,0.039284,2.436,0.00883861,2.436,0.00798284,2.436,0.0245385,2.436,0.0243411,2.436,0.0259538,2.436,0.0260197,2.436,0.00890443,2.436,0.00847655
,,2.437,-0.000866153,2.437,0.0399423,2.437,0.00923357,2.437,0.00844364,2.437,0.0245385,2.437,0.0239132,2.437,0.0259209,2.437,0.0260526,2.437,0.00893735,2.437,0.00903609
,,2.438,-0.000859564,2.438,0.0402056,2.438,0.00969437,2.438,0.00841072,2.438,0.0244069,2.438,0.0242094,2.438,0.025888,2.438,0.0259538,2.438,0.00887152,2.438,0.00959563
,,2.439,-0.000839797,2.439,0.0399423,2.439,0.00781827,2.439,0.00880569,2.439,0.0246373,2.439,0.0248019,2.439,0.0258551,2.439,0.0265134,2.439,0.00897026,2.439,0.00979311
,,2.44,-0.000859564,2.44,0.0383624,2.44,0.00844364,2.44,0.00841072,2.44,0.0245056,2.44,0.025131,2.44,0.0257564,2.44,0.0257234,2.44,0.00897026,2.44,0.00801576
,,2.441,-0.000826619,2.441,0.0400081,2.441,0.009069,2.441,0.00893735,2.441,0.024374,2.441,0.0245715,2.441,0.0257564,2.441,0.0249993,2.441,0.00900318,2.441,0.00936523
,,2.442,-0.000839797,2.442,0.0402056,2.442,0.00897026,2.442,0.00824615,2.442,0.024374,2.442,0.0237486,2.442,0.0258551,2.442,0.0255918,2.442,0.00897026,2.442,0.00900318
,,2.443,-0.000859564,2.443,0.0402385,2.443,0.0092994,2.443,0.00821324,2.443,0.0245056,2.443,0.023979,2.443,0.0259209,2.443,0.0260526,2.443,0.00897026,2.443,0.00936523
,,2.444,-0.000866153,2.444,0.0387574,2.444,0.00870695,2.444,0.00831198,2.444,0.0244069,2.444,0.0247689,2.444,0.0257893,2.444,0.0261184,2.444,0.00900318,2.444,0.0083449
,,2.445,-0.000839797,2.445,0.038889,2.445,0.00864112,2.445,0.00847655,2.445,0.0244727,2.445,0.0248348,2.445,0.0258551,2.445,0.026283,2.445,0.00897026,2.445,0.00873986
,,2.446,-0.000839797,2.446,0.040436,2.446,0.00926649,2.446,0.00890443,2.446,0.0245385,2.446,0.0244727,2.446,0.0259209,2.446,0.0264476,2.446,0.00900318,2.446,0.00883861
,,2.447,-0.000866153,2.447,0.0403372,2.447,0.00903609,2.447,0.00841072,2.447,0.0243411,2.447,0.0248019,2.447,0.0259538,2.447,0.0253285,2.447,0.00893735,2.447,0.00943106
,,2.448,-0.000852975,2.448,0.0401727,2.448,0.00808159,2.448,0.00824615,2.448,0.024374,2.448,0.0234195,2.448,0.0258551,2.448,0.0250981,2.448,0.00893735,2.448,0.00827907
,,2.449,-0.000866153,2.449,0.0392182,2.449,0.00883861,2.449,0.00818033,2.449,0.0241765,2.449,0.0241107,2.449,0.0258222,2.449,0.0257564,2.449,0.00890443,2.449,0.00933231
,,2.45,-0.000833208,2.45,0.038494,2.45,0.00916774,2.45,0.00857529,2.45,0.0241765,2.45,0.0242094,2.45,0.0258551,2.45,0.0262172,2.45,0.00897026,2.45,0.00926649
,,2.451,-0.000859564,2.451,0.0393169,2.451,0.00864112,2.451,0.00887152,2.451,0.0243082,2.451,0.0244398,2.451,0.025888,2.451,0.0264805,2.451,0.00890443,2.451,0.00900318
,,2.452,-0.000852975,2.452,0.039646,2.452,0.00824615,2.452,0.00857529,2.452,0.0241765,2.452,0.0249006,2.452,0.0259538,2.452,0.0265792,2.452,0.00890443,2.452,0.00887152
,,2.453,-0.000839797,2.453,0.0399752,2.453,0.00900318,2.453,0.00824615,2.453,0.024374,2.453,0.0246702,2.453,0.0259538,2.453,0.0254601,2.453,0.00893735,2.453,0.00883861
,,2.454,-0.000833208,2.454,0.0387903,2.454,0.00897026,2.454,0.00841072,2.454,0.0241107,2.454,0.023584,2.454,0.0259868,2.454,0.0252956,2.454,0.00890443,2.454,0.009069
,,2.455,-0.000833208,2.455,0.0400739,2.455,0.00775245,2.455,0.00880569,2.455,0.0245715,2.455,0.0245715,2.455,0.0259209,2.455,0.0256905,2.455,0.00893735,2.455,0.00949688
,,2.456,-0.000852975,2.456,0.040436,2.456,0.0083449,2.456,0.00867404,2.456,0.0244069,2.456,0.0244069,2.456,0.0257893,2.456,0.0265134,2.456,0.00890443,2.456,0.00867404
,,2.457,-0.000833208,2.457,0.0403701,2.457,0.009069,2.457,0.00897026,2.457,0.0244727,2.457,0.0245385,2.457,0.0256905,2.457,0.0257564,2.457,0.00897026,2.457,0.00923357
,,2.458,-0.000852975,2.458,0.0393827,2.458,0.00943106,2.458,0.00804867,2.458,0.0242752,2.458,0.0247031,2.458,0.0257564,2.458,0.0265134,2.458,0.00900318,2.458,0.00910192
,,2.459,-0.000872742,2.459,0.0396131,2.459,0.00831198,2.459,0.00804867,2.459,0.0245385,2.459,0.0245715,2.459,0.0258222,2.459,0.0259538,2.459,0.00903609,2.459,0.00900318
,,2.46,-0.000839797,2.46,0.0397448,2.46,0.00897026,2.46,0.00850947,2.46,0.0246373,2.46,0.0247031,2.46,0.025888,2.46,0.0246373,2.46,0.00897026,2.46,0.00867404
,,2.461,-0.000852975,2.461,0.0394156,2.461,0.00870695,2.461,0.00847655,2.461,0.0244727,2.461,0.0240778,2.461,0.0259209,2.461,0.025888,2.461,0.00903609,2.461,0.00926649
,,2.462,-0.000852975,2.462,0.0392511,2.462,0.00923357,2.462,0.00913483,2.462,0.0244727,2.462,0.0242423,2.462,0.0258551,2.462,0.0261513,2.462,0.00893735,2.462,0.00910192
,,2.463,-0.000859564,2.463,0.0402714,2.463,0.00864112,2.463,0.00864112,2.463,0.0243411,2.463,0.0244398,2.463,0.0259538,2.463,0.0262501,2.463,0.00897026,2.463,0.00890443
,,2.464,-0.000859564,2.464,0.0399093,2.464,0.009069,2.464,0.00847655,2.464,0.0244727,2.464,0.0243082,2.464,0.025888,2.464,0.0260526,2.464,0.00893735,2.464,0.00897026
,,2.465,-0.000852975,2.465,0.0389219,2.465,0.0092994,2.465,0.00821324,2.465,0.0242094,2.465,0.0245385,2.465,0.0258551,2.465,0.0263488,2.465,0.00893735,2.465,0.00943106
,,2.466,-0.000839797,2.466,0.0396789,2.466,0.00801576,2.466,0.00870695,2.466,0.0237815,2.466,0.0240778,2.466,0.0258551,2.466,0.0253614,2.466,0.00893735,2.466,0.00920066
,,2.467,-0.000839797,2.467,0.0397777,2.467,0.00897026,2.467,0.00860821,2.467,0.0242752,2.467,0.0234195,2.467,0.0259209,2.467,0.0254272,2.467,0.00893735,2.467,0.009069
,,2.468,-0.000872742,2.468,0.0398435,2.468,0.00854238,2.468,0.00864112,2.468,0.024374,2.468,0.0241765,2.468,0.0259538,2.468,0.025888,2.468,0.00890443,2.468,0.00887152
,,2.469,-0.000852975,2.469,0.0386915,2.469,0.00926649,2.469,0.00860821,2.469,0.0245056,2.469,0.0244398,2.469,0.0259538,2.469,0.0260197,2.469,0.00890443,2.469,0.00903609
,,2.47,-0.000852975,2.47,0.039646,2.47,0.00860821,2.47,0.0076537,2.47,0.0244727,2.47,0.0245056,2.47,0.0259868,2.47,0.0263488,2.47,0.00893735,2.47,0.00873986
,,2.471,-0.000859564,2.471,0.0403701,2.471,0.00880569,2.471,0.00841072,2.471,0.0243082,2.471,0.0246373,2.471,0.0259538,2.471,0.0259209,2.471,0.00893735,2.471,0.00933231
,,2.472,-0.000852975,2.472,0.0402385,2.472,0.00923357,2.472,0.00873986,2.472,0.0242423,2.472,0.0247689,2.472,0.0259209,2.472,0.0252627,2.472,0.00897026,2.472,0.00910192
,,2.473,-0.000846386,2.473,0.0390865,2.473,0.00933231,2.473,0.00847655,2.473,0.0243082,2.473,0.0233207,2.473,0.0257564,2.473,0.0250981,2.473,0.00897026,2.473,0.00956271
,,2.474,-0.000846386,2.474,0.0397777,2.474,0.00870695,2.474,0.00867404,2.474,0.0242094,2.474,0.0240778,2.474,0.0257564,2.474,0.0260855,2.474,0.00890443,2.474,0.0095298
,,2.475,-0.000846386,2.475,0.0403701,2.475,0.00860821,2.475,0.00791702,2.475,0.0241107,2.475,0.0243411,2.475,0.0257893,2.475,0.0264146,2.475,0.00897026,2.475,0.00824615
,,2.476,-0.000839797,2.476,0.0383624,2.476,0.00887152,2.476,0.00854238,2.476,0.0243411,2.476,0.0245385,2.476,0.0259209,2.476,0.0259209,2.476,0.00900318,2.476,0.00870695
,,2.477,-0.000859564,2.477,0.039646,2.477,0.00794993,2.477,0.00844364,2.477,0.0242423,2.477,0.0247031,2.477,0.0259209,2.477,0.0261513,2.477,0.00897026,2.477,0.0092994
,,2.478,-0.000866153,2.478,0.0397777,2.478,0.00877278,2.478,0.00844364,2.478,0.0243082,2.478,0.0245056,2.478,0.0259538,2.478,0.0249335,2.478,0.00897026,2.478,0.00966145
,,2.479,-0.000852975,2.479,0.0399752,2.479,0.00880569,2.479,0.00877278,2.479,0.024374,2.479,0.023617,2.479,0.025888,2.479,0.0258551,2.479,0.009069,2.479,0.00939814
,,2.48,-0.000852975,2.48,0.0386915,2.48,0.00933231,2.48,0.00933231,2.48,0.0241765,2.48,0.0238144,2.48,0.0259538,2.48,0.0259538,2.48,0.00897026,2.48,0.00778536
,,2.481,-0.000833208,2.481,0.039646,2.481,0.00864112,2.481,0.00841072,2.481,0.0241765,2.481,0.0242094,2.481,0.0258551,2.481,0.0259868,2.481,0.00897026,2.481,0.00877278
,,2.482,-0.000859564,2.482,0.0398764,2.482,0.00880569,2.482,0.00847655,2.482,0.023979,2.482,0.023979,2.482,0.0257893,2.482,0.0261513,2.482,0.00893735,2.482,0.00933231
,,2.483,-0.000846386,2.483,0.0400081,2.483,0.00903609,2.483,0.00837781,2.483,0.0239132,2.483,0.0242423,2.483,0.0258222,2.483,0.0265134,2.483,0.00893735,2.483,0.0092994
,,2.484,-0.000833208,2.484,0.0387903,2.484,0.00890443,2.484,0.00844364,2.484,0.0241436,2.484,0.0242752,2.484,0.0258551,2.484,0.0256247,2.484,0.00893735,2.484,0.00936523
,,2.485,-0.000839797,2.485,0.0395473,2.485,0.00837781,2.485,0.00890443,2.485,0.0240778,2.485,0.0230903,2.485,0.0259538,2.485,0.0254601,2.485,0.00890443,2.485,0.00893735
,,2.486,-0.000852975,2.486,0.0402056,2.486,0.00867404,2.486,0.00867404,2.486,0.0241436,2.486,0.0237815,2.486,0.0259868,2.486,0.0259538,2.486,0.00890443,2.486,0.00847655
,,2.487,-0.000859564,2.487,0.0394815,2.487,0.00897026,2.487,0.00814741,2.487,0.0241107,2.487,0.0240119,2.487,0.0259538,2.487,0.0263488,2.487,0.00890443,2.487,0.00870695
,,2.488,-0.000852975,2.488,0.0391852,2.488,0.00824615,2.488,0.00850947,2.488,0.0241107,2.488,0.0243082,2.488,0.0259538,2.488,0.0263817,2.488,0.00887152,2.488,0.00916774
,,2.489,-0.000852975,2.489,0.0401397,2.489,0.00867404,2.489,0.00864112,2.489,0.0241765,2.489,0.0246044,2.489,0.0258222,2.489,0.0258222,2.489,0.00893735,2.489,0.00966145
,,2.49,-0.000846386,2.49,0.0398435,2.49,0.00847655,2.49,0.00873986,2.49,0.0241107,2.49,0.0243411,2.49,0.0257564,2.49,0.0254931,2.49,0.00900318,2.49,0.00926649
,,2.491,-0.000846386,2.491,0.038527,2.491,0.00916774,2.491,0.00841072,2.491,0.023979,2.491,0.0237157,2.491,0.0257564,2.491,0.0243082,2.491,0.00903609,2.491,0.00933231
,,2.492,-0.000846386,2.492,0.0395144,2.492,0.00821324,2.492,0.00778536,2.492,0.0240119,2.492,0.0235182,2.492,0.0258551,2.492,0.0256905,2.492,0.00900318,2.492,0.00801576
,,2.493,-0.000846386,2.493,0.039646,2.493,0.00887152,2.493,0.00821324,2.493,0.0240119,2.493,0.0237815,2.493,0.0258551,2.493,0.0260855,2.493,0.00897026,2.493,0.00890443
,,2.494,-0.000839797,2.494,0.0396131,2.494,0.00893735,2.494,0.00877278,2.494,0.0240119,2.494,0.0243082,2.494,0.025888,2.494,0.0263159,2.494,0.00900318,2.494,0.009069
,,2.495,-0.000846386,2.495,0.0383295,2.495,0.00873986,2.495,0.00850947,2.495,0.0241107,2.495,0.0243411,2.495,0.0258551,2.495,0.0263159,2.495,0.00900318,2.495,0.00913483
,,2.496,-0.000826619,2.496,0.0398764,2.496,0.00844364,2.496,0.00847655,2.496,0.0240778,2.496,0.0245715,2.496,0.0258551,2.496,0.0263488,2.496,0.00900318,2.496,0.00860821
,,2.497,-0.000852975,2.497,0.0401727,2.497,0.009069,2.497,0.00870695,2.497,0.0239132,2.497,0.0234853,2.497,0.0259209,2.497,0.025131,2.497,0.00897026,2.497,0.00860821
,,2.498,-0.000859564,2.498,0.0398435,2.498,0.00890443,2.498,0.00827907,2.498,0.0239461,2.498,0.0234524,2.498,0.025888,2.498,0.0250981,2.498,0.00893735,2.498,0.00920066
,,2.499,-0.000846386,2.499,0.0390865,2.499,0.00798284,2.499,0.00821324,2.499,0.0237815,2.499,0.0239461,2.499,0.0258551,2.499,0.0258222,2.499,0.00893735,2.499,0.0092994
,,2.5,-0.000839797,2.5,0.0397448,2.5,0.00857529,2.5,0.0083449,2.5,0.0238474,2.5,0.0238474,2.5,0.025888,2.5,0.0258551,2.5,0.00893735,2.5,0.00870695
,,2.501,-0.000852975,2.501,0.0397777,2.501,0.00877278,2.501,0.00890443,2.501,0.0238803,2.501,0.0242423,2.501,0.0259209,2.501,0.0256247,2.501,0.00883861,2.501,0.00887152
,,2.502,-0.000866153,2.502,0.0387574,2.502,0.00870695,2.502,0.00887152,2.502,0.023979,2.502,0.0244069,2.502,0.0259868,2.502,0.0262501,2.502,0.00893735,2.502,0.00946397
,,2.503,-0.000846386,2.503,0.0393827,2.503,0.0081145,2.503,0.00880569,2.503,0.0239132,2.503,0.0230245,2.503,0.0259868,2.503,0.0256247,2.503,0.00893735,2.503,0.00926649
,,2.504,-0.000833208,2.504,0.0402385,2.504,0.00867404,2.504,0.00824615,2.504,0.0240119,2.504,0.023979,2.504,0.0259538,2.504,0.0251639,2.504,0.00893735,2.504,0.00837781
,,2.505,-0.000859564,2.505,0.0402056,2.505,0.00943106,2.505,0.00864112,2.505,0.0239461,2.505,0.0242752,2.505,0.0259209,2.505,0.0260526,2.505,0.00893735,2.505,0.00920066
,,2.506,-0.000846386,2.506,0.0383624,2.506,0.00837781,2.506,0.00854238,2.506,0.023979,2.506,0.0241436,2.506,0.0258551,2.506,0.0262501,2.506,0.00893735,2.506,0.0092994
,,2.507,-0.000859564,2.507,0.039646,2.507,0.00890443,2.507,0.00854238,2.507,0.0238474,2.507,0.0245056,2.507,0.0257893,2.507,0.0259538,2.507,0.00900318,2.507,0.00943106
,,2.508,-0.000846386,2.508,0.0399093,2.508,0.00916774,2.508,0.00854238,2.508,0.0238474,2.508,0.0237815,2.508,0.0258222,2.508,0.0261842,2.508,0.00903609,2.508,0.00873986
,,2.509,-0.000852975,2.509,0.0402385,2.509,0.00897026,2.509,0.00847655,2.509,0.0239132,2.509,0.0227941,2.509,0.0258551,2.509,0.0249335,2.509,0.00900318,2.509,0.0092994
,,2.51,-0.000839797,2.51,0.0388232,2.51,0.009069,2.51,0.00857529,2.51,0.0239461,2.51,0.0244398,2.51,0.025888,2.51,0.0257893,2.51,0.00903609,2.51,0.00857529
,,2.511,-0.000846386,2.511,0.0396131,2.511,0.00804867,2.511,0.00870695,2.511,0.0239461,2.511,0.0243082,2.511,0.025888,2.511,0.0259209,2.511,0.00897026,2.511,0.00949688
,,2.512,-0.000839797,2.512,0.0403043,2.512,0.00880569,2.512,0.00877278,2.512,0.0240448,2.512,0.0243082,2.512,0.0259209,2.512,0.0260855,2.512,0.00897026,2.512,0.00880569
,,2.513,-0.000846386,2.513,0.0390536,2.513,0.00883861,2.513,0.00864112,2.513,0.0239132,2.513,0.0245385,2.513,0.0259209,2.513,0.026645,2.513,0.00893735,2.513,0.00877278
,,2.514,-0.000852975,2.514,0.0393169,2.514,0.00926649,2.514,0.0083449,2.514,0.0239461,2.514,0.0245715,2.514,0.025888,2.514,0.025131,2.514,0.00897026,2.514,0.0092994
,,2.515,-0.000846386,2.515,0.0399423,2.515,0.00867404,2.515,0.00880569,2.515,0.0239132,2.515,0.0229916,2.515,0.0257893,2.515,0.0257564,2.515,0.00897026,2.515,0.00893735
,,2.516,-0.000852975,2.516,0.0400739,2.516,0.00824615,2.516,0.00897026,2.516,0.0237815,2.516,0.023617,2.516,0.0258551,2.516,0.0257893,2.516,0.00890443,2.516,0.00847655
,,2.517,-0.000859564,2.517,0.0402056,2.517,0.0081145,2.517,0.00850947,2.517,0.0237486,2.517,0.0238474,2.517,0.025888,2.517,0.0261842,2.517,0.00887152,2.517,0.00923357
,,2.518,-0.000852975,2.518,0.0380003,2.518,0.00873986,2.518,0.00850947,2.518,0.0238803,2.518,0.023979,2.518,0.025888,2.518,0.0262501,2.518,0.00900318,2.518,0.00926649
,,2.519,-0.000839797,2.519,0.0393498,2.519,0.00890443,2.519,0.00854238,2.519,0.0238803,2.519,0.0245385,2.519,0.0259538,2.519,0.0263817,2.519,0.00887152,2.519,0.0092994
,,2.52,-0.000852975,2.52,0.0395473,2.52,0.00864112,2.52,0.0081145,2.52,0.0239461,2.52,0.0239132,2.52,0.0259868,2.52,0.0253943,2.52,0.00893735,2.52,0.00827907
,,2.521,-0.000859564,2.521,0.0400739,2.521,0.00897026,2.521,0.00873986,2.521,0.0256905,2.521,0.024736,2.521,0.0259209,2.521,0.0253614,2.521,0.00890443,2.521,0.00910192
,,2.522,-0.000826619,2.522,0.0401397,2.522,0.00867404,2.522,0.00887152,2.522,0.0240119,2.522,0.0233207,2.522,0.0259209,2.522,0.0255918,2.522,0.00890443,2.522,0.00910192
,,2.523,-0.000852975,2.523,0.0402056,2.523,0.00844364,2.523,0.00870695,2.523,0.0239461,2.523,0.0240778,2.523,0.0257893,2.523,0.025888,2.523,0.00897026,2.523,0.00939814
,,2.524,-0.000852975,2.524,0.037737,2.524,0.00893735,2.524,0.0083449,2.524,0.0237486,2.524,0.023979,2.524,0.0257564,2.524,0.026283,2.524,0.00897026,2.524,0.00860821
,,2.525,-0.000846386,2.525,0.0391194,2.525,0.00933231,2.525,0.00821324,2.525,0.0236499,2.525,0.0239461,2.525,0.0258551,2.525,0.0268096,2.525,0.00897026,2.525,0.00926649
,,2.526,-0.000852975,2.526,0.039284,2.526,0.00916774,2.526,0.00844364,2.526,0.0237157,2.526,0.0241436,2.526,0.0259209,2.526,0.0253943,2.526,0.00897026,2.526,0.00887152
,,2.527,-0.000879331,2.527,0.0399423,2.527,0.00808159,2.527,0.0083449,2.527,0.0237815,2.527,0.0233207,2.527,0.025888,2.527,0.0259868,2.527,0.00897026,2.527,0.00926649
,,2.528,-0.000846386,2.528,0.0403043,2.528,0.00831198,2.528,0.00873986,2.528,0.0237815,2.528,0.0230903,2.528,0.0258551,2.528,0.0262501,2.528,0.00897026,2.528,0.00873986
,,2.529,-0.000846386,2.529,0.0380333,2.529,0.009069,2.529,0.00837781,2.529,0.0237486,2.529,0.0240448,2.529,0.0259209,2.529,0.0261513,2.529,0.00900318,2.529,0.00920066
,,2.53,-0.000833208,2.53,0.0393498,2.53,0.00903609,2.53,0.00818033,2.53,0.0236499,2.53,0.0236828,2.53,0.025888,2.53,0.0264476,2.53,0.00900318,2.53,0.00936523
,,2.531,-0.000859564,2.531,0.0399423,2.531,0.00900318,2.531,0.00864112,2.531,0.0235182,2.531,0.0240778,2.531,0.025888,2.531,0.0254272,2.531,0.00900318,2.531,0.00939814
,,2.532,-0.000872742,2.532,0.0400739,2.532,0.00847655,2.532,0.00847655,2.532,0.0234195,2.532,0.0225966,2.532,0.0258222,2.532,0.0251639,2.532,0.00893735,2.532,0.00821324
,,2.533,-0.000846386,2.533,0.0398764,2.533,0.00870695,2.533,0.00893735,2.533,0.0234524,2.533,0.0233536,2.533,0.0259209,2.533,0.0259209,2.533,0.00893735,2.533,0.0092994
,,2.534,-0.000866153,2.534,0.0389548,2.534,0.00880569,2.534,0.00781827,2.534,0.0234195,2.534,0.0237815,2.534,0.0259538,2.534,0.0260197,2.534,0.00893735,2.534,0.00969437
,,2.535,-0.000852975,2.535,0.0386586,2.535,0.00890443,2.535,0.00847655,2.535,0.0234524,2.535,0.0240119,2.535,0.0259538,2.535,0.0268754,2.535,0.00890443,2.535,0.00923357
,,2.536,-0.000859564,2.536,0.039646,2.536,0.00890443,2.536,0.00857529,2.536,0.0234524,2.536,0.0238803,2.536,0.0260197,2.536,0.0255589,2.536,0.00890443,2.536,0.00844364
,,2.537,-0.000859564,2.537,0.0398435,2.537,0.00864112,2.537,0.00880569,2.537,0.0233866,2.537,0.0225308,2.537,0.0259538,2.537,0.0257893,2.537,0.00900318,2.537,0.00933231
,,2.538,-0.000852975,2.538,0.0397448,2.538,0.00910192,2.538,0.00916774,2.538,0.0233207,2.538,0.0228599,2.538,0.0259538,2.538,0.025888,2.538,0.00897026,2.538,0.00962854
,,2.539,-0.000846386,2.539,0.0398106,2.539,0.00860821,2.539,0.00818033,2.539,0.0233536,2.539,0.0232549,2.539,0.0257893,2.539,0.0256905,2.539,0.00897026,2.539,0.00913483
,,2.54,-0.000839797,2.54,0.038527,2.54,0.00808159,2.54,0.00864112,2.54,0.0233207,2.54,0.0235511,2.54,0.0257893,2.54,0.0263159,2.54,0.00900318,2.54,0.00798284
,,2.541,-0.000852975,2.541,0.0394815,2.541,0.00847655,2.541,0.0092994,2.541,0.0230903,2.541,0.0237486,2.541,0.0258222,2.541,0.0255918,2.541,0.00903609,2.541,0.00923357
,,2.542,-0.000852975,2.542,0.039646,2.542,0.00870695,2.542,0.00847655,2.542,0.0230903,2.542,0.0238803,2.542,0.025888,2.542,0.025131,2.542,0.00900318,2.542,0.00903609
,,2.543,-0.000839797,2.543,0.0397119,2.543,0.00867404,2.543,0.00791702,2.543,0.0230245,2.543,0.0227612,2.543,0.025888,2.543,0.0259868,2.543,0.00897026,2.543,0.00900318
,,2.544,-0.000833208,2.544,0.0382966,2.544,0.00824615,2.544,0.00883861,2.544,0.0230574,2.544,0.0223991,2.544,0.025888,2.544,0.0256247,2.544,0.00897026,2.544,0.00824615
,,2.545,-0.000866153,2.545,0.0394815,2.545,0.0092994,2.545,0.00854238,2.545,0.0228599,2.545,0.0232549,2.545,0.0259209,2.545,0.0263817,2.545,0.00903609,2.545,0.00887152
,,2.546,-0.000866153,2.546,0.0402056,2.546,0.00933231,2.546,0.00916774,2.546,0.0243411,2.546,0.0229258,2.546,0.0259209,2.546,0.0267109,2.546,0.00900318,2.546,0.00943106
,,2.547,-0.000846386,2.547,0.0402714,2.547,0.00910192,2.547,0.00860821,2.547,0.0226625,2.547,0.0228599,2.547,0.0259538,2.547,0.0253943,2.547,0.00900318,2.547,0.00949688
,,2.548,-0.000859564,2.548,0.0388561,2.548,0.00890443,2.548,0.00870695,2.548,0.0226295,2.548,0.0229587,2.548,0.0258222,2.548,0.0253943,2.548,0.00890443,2.548,0.00897026
,,2.549,-0.000852975,2.549,0.0396789,2.549,0.00880569,2.549,0.00837781,2.549,0.0223004,2.549,0.021675,2.549,0.0259209,2.549,0.0260197,2.549,0.00893735,2.549,0.0092994
,,2.55,-0.000846386,2.55,0.0399752,2.55,0.00890443,2.55,0.0083449,2.55,0.0221687,2.55,0.0219054,2.55,0.0259538,2.55,0.0265134,2.55,0.00893735,2.55,0.00903609
,,2.551,-0.000872742,2.551,0.0392511,2.551,0.00860821,2.551,0.00936523,2.551,0.0223004,2.551,0.0224321,2.551,0.0260197,2.551,0.0257893,2.551,0.00893735,2.551,0.00936523
,,2.552,-0.000852975,2.552,0.0393498,2.552,0.0081145,2.552,0.00903609,2.552,0.02207,2.552,0.0222346,2.552,0.0260855,2.552,0.0259868,2.552,0.00897026,2.552,0.00890443
,,2.553,-0.000859564,2.553,0.040041,2.553,0.00887152,2.553,0.00847655,2.553,0.0220371,2.553,0.0224979,2.553,0.0260526,2.553,0.0264146,2.553,0.00897026,2.553,0.00910192
,,2.554,-0.000839797,2.554,0.0402714,2.554,0.00933231,2.554,0.00877278,2.554,0.0219713,2.554,0.0212801,2.554,0.0260855,2.554,0.0264805,2.554,0.00900318,2.554,0.00883861
,,2.555,-0.000852975,2.555,0.0383953,2.555,0.00778536,2.555,0.00883861,2.555,0.0219054,2.555,0.0214446,2.555,0.0259538,2.555,0.0256576,2.555,0.00897026,2.555,0.0095298
,,2.556,-0.000852975,2.556,0.0394156,2.556,0.00867404,2.556,0.00880569,2.556,0.0217409,2.556,0.0219054,2.556,0.0258222,2.556,0.025888,2.556,0.00893735,2.556,0.00900318
,,2.557,-0.000846386,2.557,0.0397777,2.557,0.00893735,2.557,0.00837781,2.557,0.0216092,2.557,0.0222017,2.557,0.025888,2.557,0.0261184,2.557,0.00900318,2.557,0.00913483
,,2.558,-0.000872742,2.558,0.0403043,2.558,0.00923357,2.558,0.00850947,2.558,0.0214776,2.558,0.0221358,2.558,0.0258222,2.558,0.0265134,2.558,0.00900318,2.558,0.00887152
,,2.559,-0.000852975,2.559,0.0385928,2.559,0.00850947,2.559,0.00880569,2.559,0.0213788,2.559,0.0210497,2.559,0.0259209,2.559,0.0252956,2.559,0.009069,2.559,0.00916774
,,2.56,-0.000866153,2.56,0.0392182,2.56,0.00890443,2.56,0.00831198,2.56,0.021313,2.56,0.0210168,2.56,0.0260197,2.56,0.0257893,2.56,0.00900318,2.56,0.00877278
,,2.561,-0.000833208,2.561,0.0405018,2.561,0.00913483,2.561,0.00847655,2.561,0.0212801,2.561,0.021708,2.561,0.0259868,2.561,0.0261184,2.561,0.00900318,2.561,0.00890443
,,2.562,-0.000846386,2.562,0.0398435,2.562,0.00877278,2.562,0.00867404,2.562,0.0211813,2.562,0.0215763,2.562,0.0259209,2.562,0.0264146,2.562,0.00900318,2.562,0.0095298
,,2.563,-0.000866153,2.563,0.0392182,2.563,0.00877278,2.563,0.009069,2.563,0.0210168,2.563,0.0214776,2.563,0.0260197,2.563,0.0252627,2.563,0.00900318,2.563,0.00933231
,,2.564,-0.000846386,2.564,0.0399423,2.564,0.00887152,2.564,0.00841072,2.564,0.0209509,2.564,0.0200293,2.564,0.0259868,2.564,0.0257234,2.564,0.00897026,2.564,0.00877278
,,2.565,-0.000859564,2.565,0.0400739,2.565,0.00893735,2.565,0.00883861,2.565,0.0208193,2.565,0.020556,2.565,0.0259538,2.565,0.0261513,2.565,0.00893735,2.565,0.00923357
,,2.566,-0.000852975,2.566,0.0386257,2.566,0.00785119,2.566,0.00870695,2.566,0.020556,2.566,0.0210497,2.566,0.0259538,2.566,0.0265792,2.566,0.00890443,2.566,0.0092994
,,2.567,-0.000839797,2.567,0.0388561,2.567,0.00880569,2.567,0.00860821,2.567,0.0205231,2.567,0.0212472,2.567,0.0259538,2.567,0.0249664,2.567,0.00900318,2.567,0.00943106
,,2.568,-0.000852975,2.568,0.0398435,2.568,0.00880569,2.568,0.00818033,2.568,0.0205889,2.568,0.020918,2.568,0.0260197,2.568,0.0256576,2.568,0.00890443,2.568,0.00943106
,,2.569,-0.000859564,2.569,0.0400081,2.569,0.00864112,2.569,0.00850947,2.569,0.0214117,2.569,0.0227941,2.569,0.0260526,2.569,0.0263817,2.569,0.00897026,2.569,0.00850947
,,2.57,-0.000833208,2.57,0.0387574,2.57,0.00841072,2.57,0.00910192,2.57,0.0206876,2.57,0.0202927,2.57,0.0260855,2.57,0.0261842,2.57,0.00897026,2.57,0.00887152
,,2.571,-0.000839797,2.571,0.0393498,2.571,0.00883861,2.571,0.00850947,2.571,0.0204572,2.571,0.0209838,2.571,0.0260526,2.571,0.0252297,2.571,0.00897026,2.571,0.00962854
,,2.572,-0.000859564,2.572,0.0397777,2.572,0.00910192,2.572,0.00887152,2.572,0.0203585,2.572,0.0207534,2.572,0.0259538,2.572,0.0253614,2.572,0.00893735,2.572,0.00956271
,,2.573,-0.000866153,2.573,0.040436,2.573,0.00808159,2.573,0.00883861,2.573,0.0203914,2.573,0.0207534,2.573,0.025888,2.573,0.0257564,2.573,0.00900318,2.573,0.00920066
,,2.574,-0.000859564,2.574,0.0388232,2.574,0.00860821,2.574,0.00864112,2.574,0.020161,2.574,0.0198648,2.574,0.0258551,2.574,0.0259868,2.574,0.00903609,2.574,0.00883861
,,2.575,-0.000866153,2.575,0.0401727,2.575,0.00860821,2.575,0.00821324,2.575,0.0200623,2.575,0.0200952,2.575,0.0259209,2.575,0.0251968,2.575,0.00903609,2.575,0.0081145
,,2.576,-0.000846386,2.576,0.040041,2.576,0.009069,2.576,0.00824615,2.576,0.0200293,2.576,0.0202597,2.576,0.0259868,2.576,0.0255589,2.576,0.009069,2.576,0.00897026
,,2.577,-0.000846386,2.577,0.0386915,2.577,0.00775245,2.577,0.00877278,2.577,0.0200293,2.577,0.0199306,2.577,0.0259209,2.577,0.0263488,2.577,0.00900318,2.577,0.00913483
,,2.578,-0.000859564,2.578,0.0388232,2.578,0.00883861,2.578,0.00864112,2.578,0.0198648,2.578,0.0197002,2.578,0.0259868,2.578,0.0265134,2.578,0.00903609,2.578,0.00923357
,,2.579,-0.000839797,2.579,0.0399752,2.579,0.00873986,2.579,0.00785119,2.579,0.0198319,2.579,0.0198648,2.579,0.0259868,2.579,0.0250652,2.579,0.00893735,2.579,0.00910192
,,2.58,-0.000839797,2.58,0.0406664,2.58,0.00916774,2.58,0.00854238,2.58,0.0196673,2.58,0.0197331,2.58,0.0259868,2.58,0.025888,2.58,0.00900318,2.58,0.0095298
,,2.581,-0.000852975,2.581,0.0391852,2.581,0.0083449,2.581,0.00864112,2.581,0.0195356,2.581,0.0190419,2.581,0.0259868,2.581,0.0260197,2.581,0.00900318,2.581,0.00808159
,,2.582,-0.000846386,2.582,0.0395473,2.582,0.00933231,2.582,0.00890443,2.582,0.0193381,2.582,0.0191736,2.582,0.0259538,2.582,0.0262172,2.582,0.00890443,2.582,0.00873986
,,2.583,-0.000859564,2.583,0.0398435,2.583,0.00877278,2.583,0.00794993,2.583,0.0191736,2.583,0.0189761,2.583,0.0259538,2.583,0.0250652,2.583,0.00890443,2.583,0.00910192
,,2.584,-0.000852975,2.584,0.0396131,2.584,0.00801576,2.584,0.00821324,2.584,0.0191407,2.584,0.0192065,2.584,0.0260197,2.584,0.0256247,2.584,0.00897026,2.584,0.00916774
,,2.585,-0.000839797,2.585,0.0390865,2.585,0.00870695,2.585,0.00867404,2.585,0.0190419,2.585,0.018614,2.585,0.0260526,2.585,0.0266121,2.585,0.00893735,2.585,0.00926649
,,2.586,-0.000846386,2.586,0.0399093,2.586,0.00890443,2.586,0.00847655,2.586,0.0189432,2.586,0.0188444,2.586,0.0260526,2.586,0.0264805,2.586,0.00890443,2.586,0.00873986
,,2.587,-0.000852975,2.587,0.0401727,2.587,0.00920066,2.587,0.00837781,2.587,0.0187128,2.587,0.0191078,2.587,0.0260197,2.587,0.0252956,2.587,0.00897026,2.587,0.00818033
,,2.588,-0.000852975,2.588,0.0389548,2.588,0.00791702,2.588,0.00877278,2.588,0.0177583,2.588,0.0183507,2.588,0.0259868,2.588,0.0257234,2.588,0.00893735,2.588,0.00926649
,,2.589,-0.000866153,2.589,0.0394486,2.589,0.00887152,2.589,0.00873986,2.589,0.0182191,2.589,0.0176266,2.589,0.0259209,2.589,0.025888,2.589,0.00893735,2.589,0.00966145
,,2.59,-0.000852975,2.59,0.0398435,2.59,0.00860821,2.59,0.00854238,2.59,0.0179558,2.59,0.0179558,2.59,0.0258222,2.59,0.0260197,2.59,0.009069,2.59,0.00923357
,,2.591,-0.000859564,2.591,0.0406664,2.591,0.00873986,2.591,0.00804867,2.591,0.0176925,2.591,0.0177583,2.591,0.0258551,2.591,0.0253285,2.591,0.00900318,2.591,0.00808159
,,2.592,-0.000839797,2.592,0.0382636,2.592,0.00824615,2.592,0.00883861,2.592,0.0177254,2.592,0.0180874,2.592,0.0259538,2.592,0.0260197,2.592,0.00893735,2.592,0.00837781
,,2.593,-0.000859564,2.593,0.0397448,2.593,0.00887152,2.593,0.00893735,2.593,0.0177254,2.593,0.0174291,2.593,0.0259209,2.593,0.0264146,2.593,0.00903609,2.593,0.00913483
,,2.594,-0.000859564,2.594,0.0398106,2.594,0.00893735,2.594,0.00781827,2.594,0.0175937,2.594,0.0178899,2.594,0.0259868,2.594,0.0259868,2.594,0.00900318,2.594,0.00926649
,,2.595,-0.000846386,2.595,0.0402056,2.595,0.00900318,2.595,0.00877278,2.595,0.0193052,2.595,0.019766,2.595,0.0259538,2.595,0.0253943,2.595,0.00897026,2.595,0.00956271
,,2.596,-0.000846386,2.596,0.0394815,2.596,0.00804867,2.596,0.00897026,2.596,0.0172646,2.596,0.0172646,2.596,0.0259538,2.596,0.0261513,2.596,0.00893735,2.596,0.00959563
,,2.597,-0.000852975,2.597,0.0396789,2.597,0.00864112,2.597,0.00860821,2.597,0.0170671,2.597,0.0170342,2.597,0.0259868,2.597,0.0261513,2.597,0.00900318,2.597,0.00841072
,,2.598,-0.000846386,2.598,0.0397777,2.598,0.00923357,2.598,0.0083449,2.598,0.0169683,2.598,0.0168696,2.598,0.0259209,2.598,0.0263159,2.598,0.00900318,2.598,0.00883861
,,2.599,-0.000846386,2.599,0.0387903,2.599,0.00801576,2.599,0.00831198,2.599,0.0166721,2.599,0.0169683,2.599,0.025888,2.599,0.0257234,2.599,0.00893735,2.599,0.00890443
,,2.6,-0.000852975,2.6,0.0394815,2.6,0.00844364,2.6,0.00893735,2.6,0.0166392,2.6,0.016705,2.6,0.025888,2.6,0.0265792,2.6,0.00893735,2.6,0.00949688
,,2.601,-0.000846386,2.601,0.0393498,2.601,0.00864112,2.601,0.0081145,2.601,0.0166392,2.601,0.0163101,2.601,0.0260197,2.601,0.0265792,2.601,0.00897026,2.601,0.00900318
,,2.602,-0.000852975,2.602,0.0397777,2.602,0.00910192,2.602,0.00900318,2.602,0.0166063,2.602,0.0165076,2.602,0.0260197,2.602,0.0268096,2.602,0.00897026,2.602,0.00956271
,,2.603,-0.000833208,2.603,0.0389219,2.603,0.00841072,2.603,0.00897026,2.603,0.0164417,2.603,0.0166721,2.603,0.0260855,2.603,0.0251968,2.603,0.00893735,2.603,0.00873986
,,2.604,-0.000846386,2.604,0.0396131,2.604,0.00854238,2.604,0.00867404,2.604,0.016343,2.604,0.0159151,2.604,0.0260855,2.604,0.0265463,2.604,0.00893735,2.604,0.00883861
,,2.605,-0.000859564,2.605,0.0395802,2.605,0.00910192,2.605,0.00844364,2.605,0.0161784,2.605,0.0158822,2.605,0.0260197,2.605,0.026283,2.605,0.00897026,2.605,0.00893735
,,2.606,-0.000846386,2.606,0.0398764,2.606,0.00880569,2.606,0.00847655,2.606,0.0161784,2.606,0.0164746,2.606,0.0259209,2.606,0.0257564,2.606,0.00897026,2.606,0.00916774
,,2.607,-0.000852975,2.607,0.0388561,2.607,0.00867404,2.607,0.00844364,2.607,0.0160468,2.607,0.016343,2.607,0.0258551,2.607,0.0253614,2.607,0.00903609,2.607,0.00920066
,,2.608,-0.000846386,2.608,0.039646,2.608,0.00867404,2.608,0.00860821,2.608,0.0159809,2.608,0.0152897,2.608,0.0258222,2.608,0.0259538,2.608,0.00900318,2.608,0.0095298
,,2.609,-0.000852975,2.609,0.0405018,2.609,0.00890443,2.609,0.00854238,2.609,0.0159809,2.609,0.0158822,2.609,0.0259209,2.609,0.0264476,2.609,0.009069,2.609,0.00939814
,,2.61,-0.000859564,2.61,0.0390536,2.61,0.00897026,2.61,0.00883861,2.61,0.0159809,2.61,0.0164746,2.61,0.0259868,2.61,0.0263488,2.61,0.00903609,2.61,0.00814741
,,2.611,-0.000846386,2.611,0.0393827,2.611,0.00923357,2.611,0.00883861,2.611,0.0159809,2.611,0.016343,2.611,0.0259209,2.611,0.0251639,2.611,0.00903609,2.611,0.00916774
,,2.612,-0.00082003,2.612,0.0397777,2.612,0.00824615,2.612,0.0083449,2.612,0.0158822,2.612,0.015586,2.612,0.0259538,2.612,0.0251639,2.612,0.00903609,2.612,0.00923357
,,2.613,-0.000852975,2.613,0.0406664,2.613,0.00818033,2.613,0.00864112,2.613,0.0157176,2.613,0.015586,2.613,0.0259538,2.613,0.0258551,2.613,0.00897026,2.613,0.00897026
,,2.614,-0.000859564,2.614,0.0386257,2.614,0.00877278,2.614,0.00873986,2.614,0.015191,2.614,0.0154543,2.614,0.0258551,2.614,0.0260526,2.614,0.00903609,2.614,0.00877278
,,2.615,-0.000872742,2.615,0.0387244,2.615,0.00910192,2.615,0.00864112,2.615,0.0155201,2.615,0.0154872,2.615,0.0258551,2.615,0.0264805,2.615,0.00897026,2.615,0.00949688
,,2.616,-0.000839797,2.616,0.0397777,2.616,0.00916774,2.616,0.00864112,2.616,0.0152568,2.616,0.0146973,2.616,0.0258551,2.616,0.0264146,2.616,0.00893735,2.616,0.00870695
,,2.617,-0.000846386,2.617,0.0397777,2.617,0.00860821,2.617,0.00831198,2.617,0.015191,2.617,0.0151252,2.617,0.0259209,2.617,0.0248348,2.617,0.00897026,2.617,0.00910192
,,2.618,-0.000852975,2.618,0.039646,2.618,0.00798284,2.618,0.00837781,2.618,0.0152239,2.618,0.0156518,2.618,0.0259538,2.618,0.0252627,2.618,0.00897026,2.618,0.00870695
,,2.619,-0.000852975,2.619,0.0402385,2.619,0.00857529,2.619,0.00854238,2.619,0.0160468,2.619,0.0174291,2.619,0.0259868,2.619,0.0261184,2.619,0.00897026,2.619,0.00936523
,,2.62,-0.000859564,2.62,0.0380003,2.62,0.00890443,2.62,0.00900318,2.62,0.0153556,2.62,0.0146644,2.62,0.0259538,2.62,0.0258551,2.62,0.00893735,2.62,0.00926649
,,2.621,-0.000846386,2.621,0.0393169,2.621,0.00920066,2.621,0.00880569,2.621,0.0150264,2.621,0.0148619,2.621,0.0260197,2.621,0.0266121,2.621,0.00893735,2.621,0.00943106
,,2.622,-0.000859564,2.622,0.0395473,2.622,0.00910192,2.622,0.00883861,2.622,0.0150923,2.622,0.0150593,2.622,0.0259538,2.622,0.0261513,2.622,0.00900318,2.622,0.00854238
,,2.623,-0.000852975,2.623,0.0397777,2.623,0.00818033,2.623,0.00804867,2.623,0.0149606,2.623,0.0153227,2.623,0.0258222,2.623,0.0250652,2.623,0.00893735,2.623,0.00873986
,,2.624,-0.000859564,2.624,0.0395473,2.624,0.0081145,2.624,0.00877278,2.624,0.0148289,2.624,0.0147631,2.624,0.0257234,2.624,0.0254931,2.624,0.00903609,2.624,0.00890443
,,2.625,-0.000866153,2.625,0.0386586,2.625,0.00867404,2.625,0.00854238,2.625,0.0146644,2.625,0.0149606,2.625,0.0258551,2.625,0.0260526,2.625,0.00900318,2.625,0.00916774
,,2.626,-0.000839797,2.626,0.0386915,2.626,0.00897026,2.626,0.00880569,2.626,0.0148619,2.626,0.0145327,2.626,0.0258551,2.626,0.025526,2.626,0.00900318,2.626,0.0095298
,,2.627,-0.000839797,2.627,0.0390207,2.627,0.00890443,2.627,0.00890443,2.627,0.0148289,2.627,0.0145327,2.627,0.025888,2.627,0.0263488,2.627,0.00903609,2.627,0.00916774
,,2.628,-0.000872742,2.628,0.040041,2.628,0.00804867,2.628,0.0081145,2.628,0.014796,2.628,0.0143023,2.628,0.0259209,2.628,0.0263817,2.628,0.00903609,2.628,0.00926649
,,2.629,-0.000859564,2.629,0.0400739,2.629,0.00877278,2.629,0.00837781,2.629,0.0145985,2.629,0.0146315,2.629,0.0259538,2.629,0.0254272,2.629,0.00897026,2.629,0.00850947
,,2.63,-0.000879331,2.63,0.040041,2.63,0.00847655,2.63,0.00867404,2.63,0.0145327,2.63,0.014796,2.63,0.0259538,2.63,0.0254601,2.63,0.00903609,2.63,0.00854238
,,2.631,-0.000852975,2.631,0.038527,2.631,0.00903609,2.631,0.00867404,2.631,0.0144669,2.631,0.0135124,2.631,0.025888,2.631,0.0258551,2.631,0.00903609,2.631,0.00903609
,,2.632,-0.000866153,2.632,0.0386586,2.632,0.00844364,2.632,0.00867404,2.632,0.0142365,2.632,0.0139074,2.632,0.025888,2.632,0.0260526,2.632,0.00897026,2.632,0.00943106
,,2.633,-0.000859564,2.633,0.0397777,2.633,0.00794993,2.633,0.00841072,2.633,0.0141707,2.633,0.014434,2.633,0.0258222,2.633,0.0258551,2.633,0.00893735,2.633,0.0092994
,,2.634,-0.000859564,2.634,0.0398435,2.634,0.00794993,2.634,0.00794993,2.634,0.0141377,2.634,0.0145985,2.634,0.0259538,2.634,0.0266121,2.634,0.00893735,2.634,0.00995768
,,2.635,-0.000846386,2.635,0.0399752,2.635,0.009069,2.635,0.00837781,2.635,0.0142036,2.635,0.014796,2.635,0.0259538,2.635,0.0253285,2.635,0.00897026,2.635,0.00814741
,,2.636,-0.000852975,2.636,0.0386915,2.636,0.00910192,2.636,0.00847655,2.636,0.0141707,2.636,0.0133807,2.636,0.0260197,2.636,0.025888,2.636,0.00897026,2.636,0.0092994
,,2.637,-0.000846386,2.637,0.039284,2.637,0.00926649,2.637,0.00877278,2.637,0.0141048,2.637,0.0133807,2.637,0.0260197,2.637,0.0254931,2.637,0.00900318,2.637,0.00966145
,,2.638,-0.000846386,2.638,0.0395144,2.638,0.00844364,2.638,0.00870695,2.638,0.0139403,2.638,0.0135782,2.638,0.0259868,2.638,0.0264476,2.638,0.00897026,2.638,0.00949688
,,2.639,-0.000859564,2.639,0.040041,2.639,0.00877278,2.639,0.00814741,2.639,0.0139403,2.639,0.0142694,2.639,0.025888,2.639,0.0261513,2.639,0.00893735,2.639,0.00933231
,,2.64,-0.000852975,2.64,0.0403372,2.64,0.00890443,2.64,0.00850947,2.64,0.0138744,2.64,0.0142036,2.64,0.0258551,2.64,0.0252297,2.64,0.00897026,2.64,0.00943106
,,2.641,-0.000839797,2.641,0.0390207,2.641,0.00870695,2.641,0.00844364,2.641,0.0137099,2.641,0.0139732,2.641,0.025888,2.641,0.0260197,2.641,0.00893735,2.641,0.00883861
,,2.642,-0.000839797,2.642,0.0389219,2.642,0.00926649,2.642,0.00850947,2.642,0.0137099,2.642,0.0133478,2.642,0.025888,2.642,0.0258551,2.642,0.00903609,2.642,0.00854238
,,2.643,-0.000852975,2.643,0.0397777,2.643,0.0078841,2.643,0.00808159,2.643,0.0138086,2.643,0.0133478,2.643,0.0259209,2.643,0.0265792,2.643,0.00897026,2.643,0.00903609
,,2.644,-0.000852975,2.644,0.0402714,2.644,0.00831198,2.644,0.00841072,2.644,0.0137757,2.644,0.0139403,2.644,0.0259538,2.644,0.0260197,2.644,0.00903609,2.644,0.00923357
,,2.645,-0.000859564,2.645,0.0402056,2.645,0.00864112,2.645,0.00857529,2.645,0.0138415,2.645,0.0139403,2.645,0.0259538,2.645,0.0262172,2.645,0.00900318,2.645,0.0101222
,,2.646,-0.000852975,2.646,0.0381978,2.646,0.00933231,2.646,0.00831198,2.646,0.0135782,2.646,0.0141377,2.646,0.0259538,2.646,0.0264476,2.646,0.00890443,2.646,0.00926649
,,2.647,-0.000826619,2.647,0.0390865,2.647,0.00877278,2.647,0.00804867,2.647,0.0135124,2.647,0.0134795,2.647,0.0259868,2.647,0.0261842,2.647,0.00897026,2.647,0.00850947
,,2.648,-0.000852975,2.648,0.039646,2.648,0.00791702,2.648,0.00873986,2.648,0.0134136,2.648,0.0126237,2.648,0.0259209,2.648,0.0252627,2.648,0.00893735,2.648,0.00867404
,,2.649,-0.000872742,2.649,0.0402056,2.649,0.00794993,2.649,0.00900318,2.649,0.0133149,2.649,0.012887,2.649,0.025888,2.649,0.0262172,2.649,0.00890443,2.649,0.00883861
,,2.65,-0.000852975,2.65,0.0400081,2.65,0.00860821,2.65,0.00847655,2.65,0.0132491,2.65,0.013644,2.65,0.0259538,2.65,0.0259868,2.65,0.00897026,2.65,0.00926649
,,2.651,-0.000826619,2.651,0.039646,2.651,0.00880569,2.651,0.00867404,2.651,0.0133807,2.651,0.0135782,2.651,0.0259538,2.651,0.0261842,2.651,0.00900318,2.651,0.0092994
,,2.652,-0.000866153,2.652,0.0382307,2.652,0.00864112,2.652,0.00841072,2.652,0.0133478,2.652,0.0136111,2.652,0.0260526,2.652,0.0258551,2.652,0.00900318,2.652,0.00910192
,,2.653,-0.000852975,2.653,0.039284,2.653,0.00913483,2.653,0.00887152,2.653,0.013282,2.653,0.0134466,2.653,0.0260197,2.653,0.0262172,2.653,0.00897026,2.653,0.00897026
,,2.654,-0.000866153,2.654,0.0397448,2.654,0.00755496,2.654,0.00880569,2.654,0.013282,2.654,0.0127554,2.654,0.0260526,2.654,0.0260855,2.654,0.00893735,2.654,0.00824615
,,2.655,-0.000852975,2.655,0.0400739,2.655,0.00850947,2.655,0.0083449,2.655,0.0133478,2.655,0.0135453,2.655,0.0259538,2.655,0.0264146,2.655,0.00897026,2.655,0.00870695
,,2.656,-0.000833208,2.656,0.0404689,2.656,0.00890443,2.656,0.00900318,2.656,0.0132491,2.656,0.0133478,2.656,0.0258551,2.656,0.0254601,2.656,0.00893735,2.656,0.00943106
,,2.657,-0.000852975,2.657,0.0393169,2.657,0.00870695,2.657,0.00877278,2.657,0.0131503,2.657,0.0138086,2.657,0.0258222,2.657,0.0261842,2.657,0.00900318,2.657,0.00920066
,,2.658,-0.000846386,2.658,0.0386257,2.658,0.00877278,2.658,0.00854238,2.658,0.0130845,2.658,0.0137428,2.658,0.025888,2.658,0.0261184,2.658,0.009069,2.658,0.00926649
,,2.659,-0.000859564,2.659,0.0395473,2.659,0.00841072,2.659,0.00818033,2.659,0.0130845,2.659,0.0131832,2.659,0.0259538,2.659,0.0257893,2.659,0.00900318,2.659,0.00897026
,,2.66,-0.000879331,2.66,0.039646,2.66,0.00804867,2.66,0.00857529,2.66,0.0130516,2.66,0.0126237,2.66,0.0259209,2.66,0.0254601,2.66,0.00903609,2.66,0.00781827
,,2.661,-0.000852975,2.661,0.0400739,2.661,0.00854238,2.661,0.00844364,2.661,0.0131174,2.661,0.0131832,2.661,0.0259538,2.661,0.0260855,2.661,0.00900318,2.661,0.00893735
,,2.662,-0.000852975,2.662,0.0395473,2.662,0.00893735,2.662,0.00798284,2.662,0.0130516,2.662,0.0136111,2.662,0.025888,2.662,0.0264146,2.662,0.00903609,2.662,0.00913483
,,2.663,-0.000879331,2.663,0.038527,2.663,0.0095298,2.663,0.00873986,2.663,0.0129528,2.663,0.013644,2.663,0.0259538,2.663,0.0257234,2.663,0.00900318,2.663,0.00936523
,,2.664,-0.000859564,2.664,0.0384282,2.664,0.00897026,2.664,0.00857529,2.664,0.0128541,2.664,0.0124921,2.664,0.0259538,2.664,0.0255589,2.664,0.00900318,2.664,0.00959563
,,2.665,-0.000846386,2.665,0.0395473,2.665,0.00821324,2.665,0.00893735,2.665,0.0128541,2.665,0.0131503,2.665,0.025888,2.665,0.0261513,2.665,0.00893735,2.665,0.00946397
,,2.666,-0.000833208,2.666,0.0398106,2.666,0.00841072,2.666,0.0081145,2.666,0.0127224,2.666,0.0129199,2.666,0.0259538,2.666,0.026283,2.666,0.00897026,2.666,0.00831198
,,2.667,-0.000879331,2.667,0.0401397,2.667,0.00873986,2.667,0.00870695,2.667,0.0126895,2.667,0.012887,2.667,0.0259868,2.667,0.0260526,2.667,0.00893735,2.667,0.00844364
,,2.668,-0.000846386,2.668,0.0403701,2.668,0.00850947,2.668,0.00870695,2.668,0.0128212,2.668,0.0126237,2.668,0.0259868,2.668,0.0258222,2.668,0.00897026,2.668,0.00897026
,,2.669,-0.000879331,2.669,0.038527,2.669,0.00923357,2.669,0.00854238,2.669,0.0128212,2.669,0.0129858,2.669,0.0260197,2.669,0.0259538,2.669,0.00893735,2.669,0.00966145
,,2.67,-0.000846386,2.67,0.0394156,2.67,0.00831198,2.67,0.00827907,2.67,0.0127224,2.67,0.0131174,2.67,0.0260197,2.67,0.0261513,2.67,0.00893735,2.67,0.00943106
,,2.671,-0.000852975,2.671,0.0397448,2.671,0.00814741,2.671,0.00887152,2.671,0.0126895,2.671,0.0131503,2.671,0.0260526,2.671,0.025131,2.671,0.00897026,2.671,0.00933231
,,2.672,-0.000846386,2.672,0.0394486,2.672,0.0083449,2.672,0.0083449,2.672,0.0127554,2.672,0.0122617,2.672,0.0259538,2.672,0.0254601,2.672,0.00893735,2.672,0.0083449
,,2.673,-0.000846386,2.673,0.040041,2.673,0.00860821,2.673,0.00821324,2.673,0.0127224,2.673,0.0132491,2.673,0.0258551,2.673,0.0261842,2.673,0.00900318,2.673,0.00877278
,,2.674,-0.000852975,2.674,0.039284,2.674,0.00883861,2.674,0.00860821,2.674,0.0126237,2.674,0.0131832,2.674,0.025888,2.674,0.0259209,2.674,0.00900318,2.674,0.00920066
,,2.675,-0.000852975,2.675,0.0390865,2.675,0.009069,2.675,0.00867404,2.675,0.0124262,2.675,0.0120313,2.675,0.025888,2.675,0.0254272,2.675,0.00903609,2.675,0.00916774
,,2.676,-0.000839797,2.676,0.0394156,2.676,0.00798284,2.676,0.00873986,2.676,0.012525,2.676,0.0124262,2.676,0.0259209,2.676,0.025888,2.676,0.00900318,2.676,0.00900318
,,2.677,-0.000859564,2.677,0.0393498,2.677,0.00808159,2.677,0.00791702,2.677,0.012525,2.677,0.012525,2.677,0.0259538,2.677,0.0260197,2.677,0.00903609,2.677,0.00920066
,,2.678,-0.000866153,2.678,0.0401068,2.678,0.00903609,2.678,0.00897026,2.678,0.0126237,2.678,0.0129528,2.678,0.0259868,2.678,0.026283,2.678,0.00897026,2.678,0.00903609
,,2.679,-0.000872742,2.679,0.0398764,2.679,0.00893735,2.679,0.00883861,2.679,0.0126237,2.679,0.0118338,2.679,0.0259209,2.679,0.0253614,2.679,0.00903609,2.679,0.00854238
,,2.68,-0.000846386,2.68,0.0386915,2.68,0.009069,2.68,0.00850947,2.68,0.0123275,2.68,0.0123275,2.68,0.0259868,2.68,0.025888,2.68,0.00897026,2.68,0.00890443
,,2.681,-0.000833208,2.681,0.0395144,2.681,0.00939814,2.681,0.00857529,2.681,0.0124262,2.681,0.0126895,2.681,0.0260197,2.681,0.0259538,2.681,0.00900318,2.681,0.0092994
,,2.682,-0.000846386,2.682,0.0397777,2.682,0.00818033,2.682,0.00841072,2.682,0.0122617,2.682,0.0124262,2.682,0.025888,2.682,0.0268425,2.682,0.00900318,2.682,0.00913483
,,2.683,-0.000866153,2.683,0.0402714,2.683,0.00808159,2.683,0.00883861,2.683,0.0121629,2.683,0.0115375,2.683,0.0259538,2.683,0.0253943,2.683,0.00897026,2.683,0.00966145
,,2.684,-0.000852975,2.684,0.0401068,2.684,0.00854238,2.684,0.00844364,2.684,0.0122946,2.684,0.0124591,2.684,0.0260197,2.684,0.0257234,2.684,0.00897026,2.684,0.00923357
,,2.685,-0.000839797,2.685,0.0389878,2.685,0.00880569,2.685,0.00837781,2.685,0.0123275,2.685,0.0122946,2.685,0.0259868,2.685,0.026678,2.685,0.00890443,2.685,0.00775245
,,2.686,-0.000859564,2.686,0.0388561,2.686,0.00880569,2.686,0.00847655,2.686,0.0122287,2.686,0.0123604,2.686,0.0261184,2.686,0.0265134,2.686,0.00897026,2.686,0.00880569
,,2.687,-0.000872742,2.687,0.0393169,2.687,0.00847655,2.687,0.00897026,2.687,0.0121629,2.687,0.0114388,2.687,0.0259868,2.687,0.0253614,2.687,0.00897026,2.687,0.00943106
,,2.688,-0.000852975,2.688,0.0395473,2.688,0.00794993,2.688,0.00860821,2.688,0.0122946,2.688,0.0118667,2.688,0.0260197,2.688,0.0260197,2.688,0.00893735,2.688,0.00910192
,,2.689,-0.000852975,2.689,0.0403372,2.689,0.00857529,2.689,0.00860821,2.689,0.0122617,2.689,0.0125579,2.689,0.025888,2.689,0.0264805,2.689,0.00893735,2.689,0.00936523
,,2.69,-0.000846386,2.69,0.0400081,2.69,0.00864112,2.69,0.00877278,2.69,0.0122617,2.69,0.0126895,2.69,0.0258222,2.69,0.0257564,2.69,0.00900318,2.69,0.00933231
,,2.691,-0.000859564,2.691,0.038494,2.691,0.00897026,2.691,0.00890443,2.691,0.0120642,2.691,0.0116034,2.691,0.025888,2.691,0.0252297,2.691,0.00903609,2.691,0.00831198
,,2.692,-0.000866153,2.692,0.0394156,2.692,0.00883861,2.692,0.0081145,2.692,0.0120313,2.692,0.0121958,2.692,0.025888,2.692,0.0258222,2.692,0.00903609,2.692,0.0081145
,,2.693,-0.000839797,2.693,0.0399093,2.693,0.00818033,2.693,0.00864112,2.693,0.0121629,2.693,0.0127883,2.693,0.025888,2.693,0.0261513,2.693,0.00900318,2.693,0.00903609
,,2.694,-0.000852975,2.694,0.0395144,2.694,0.0083449,2.694,0.00880569,2.694,0.01213,2.694,0.0123604,2.694,0.0259538,2.694,0.0266121,2.694,0.00900318,2.694,0.00926649
,,2.695,-0.000833208,2.695,0.0401727,2.695,0.00870695,2.695,0.00920066,2.695,0.0121629,2.695,0.0115046,2.695,0.0259538,2.695,0.025526,2.695,0.00900318,2.695,0.00923357
,,2.696,-0.000872742,2.696,0.039646,2.696,0.00890443,2.696,0.00827907,2.696,0.0120313,2.696,0.01213,2.696,0.0259209,2.696,0.0260855,2.696,0.00897026,2.696,0.00933231
,,2.697,-0.000859564,2.697,0.0390207,2.697,0.00867404,2.697,0.00887152,2.697,0.0120313,2.697,0.01213,2.697,0.0259209,2.697,0.0266121,2.697,0.00900318,2.697,0.00877278
,,2.698,-0.000866153,2.698,0.0391194,2.698,0.00844364,2.698,0.00883861,2.698,0.0119325,2.698,0.0126895,2.698,0.0259538,2.698,0.0259868,2.698,0.00897026,2.698,0.00877278
,,2.699,-0.000846386,2.699,0.0398764,2.699,0.00827907,2.699,0.00864112,2.699,0.011735,2.699,0.0118667,2.699,0.025888,2.699,0.0254272,2.699,0.00890443,2.699,0.00893735
,,2.7,-0.000859564,2.7,0.0396789,2.7,0.00867404,2.7,0.00850947,2.7,0.0117679,2.7,0.0122287,2.7,0.0259538,2.7,0.026283,2.7,0.00897026,2.7,0.00936523
,,2.701,-0.000866153,2.701,0.0400081,2.701,0.00870695,2.701,0.00857529,2.701,0.0118667,2.701,0.0122287,2.701,0.0259868,2.701,0.0260526,2.701,0.00897026,2.701,0.00916774
,,2.702,-0.000852975,2.702,0.0391852,2.702,0.00897026,2.702,0.00860821,2.702,0.0119325,2.702,0.0120971,2.702,0.0259538,2.702,0.0264476,2.702,0.00893735,2.702,0.00818033
,,2.703,-0.000866153,2.703,0.0387244,2.703,0.00900318,2.703,0.00880569,2.703,0.0118996,2.703,0.0114717,2.703,0.0260526,2.703,0.0254601,2.703,0.00893735,2.703,0.00873986
,,2.704,-0.000859564,2.704,0.0392511,2.704,0.00791702,2.704,0.00864112,2.704,0.0117679,2.704,0.011735,2.704,0.0260197,2.704,0.0262172,2.704,0.00897026,2.704,0.00920066
,,2.705,-0.000866153,2.705,0.0398106,2.705,0.00854238,2.705,0.00887152,2.705,0.0118996,2.705,0.012525,2.705,0.0259538,2.705,0.0262501,2.705,0.00893735,2.705,0.00920066
,,2.706,-0.000859564,2.706,0.0398435,2.706,0.0092994,2.706,0.00854238,2.706,0.0119325,2.706,0.0118996,2.706,0.0257893,2.706,0.0260526,2.706,0.00900318,2.706,0.00959563
,,2.707,-0.000859564,2.707,0.0403372,2.707,0.00887152,2.707,0.0081145,2.707,0.0118009,2.707,0.0114717,2.707,0.0257893,2.707,0.0248019,2.707,0.00903609,2.707,0.00936523
,,2.708,-0.000859564,2.708,0.038889,2.708,0.00893735,2.708,0.0083449,2.708,0.0117679,2.708,0.0118338,2.708,0.0257893,2.708,0.0253614,2.708,0.00900318,2.708,0.00841072
,,2.709,-0.000846386,2.709,0.0389219,2.709,0.00841072,2.709,0.00841072,2.709,0.011735,2.709,0.0120313,2.709,0.0258222,2.709,0.0258222,2.709,0.00897026,2.709,0.00864112
,,2.71,-0.000852975,2.71,0.0391852,2.71,0.00821324,2.71,0.00913483,2.71,0.011735,2.71,0.011735,2.71,0.0258222,2.71,0.0257893,2.71,0.00903609,2.71,0.00883861
,,2.711,-0.000852975,2.711,0.0399423,2.711,0.00873986,2.711,0.00854238,2.711,0.0118338,2.711,0.0115375,2.711,0.025888,2.711,0.0263159,2.711,0.00893735,2.711,0.00916774
,,2.712,-0.000846386,2.712,0.0400739,2.712,0.00913483,2.712,0.00867404,2.712,0.0118009,2.712,0.0120642,2.712,0.0259209,2.712,0.0260855,2.712,0.00900318,2.712,0.00946397
,,2.713,-0.000846386,2.713,0.0407651,2.713,0.00910192,2.713,0.00890443,2.713,0.0117021,2.713,0.0119983,2.713,0.025888,2.713,0.0252627,2.713,0.009069,2.713,0.0092994
,,2.714,-0.000859564,2.714,0.0380991,2.714,0.00913483,2.714,0.00857529,2.714,0.0115705,2.714,0.010616,2.714,0.025888,2.714,0.0251968,2.714,0.00900318,2.714,0.00880569
,,2.715,-0.000866153,2.715,0.039284,2.715,0.00791702,2.715,0.00870695,2.715,0.0115046,2.715,0.0113401,2.715,0.0258222,2.715,0.0254272,2.715,0.00897026,2.715,0.00897026
,,2.716,-0.000872742,2.716,0.0397448,2.716,0.00818033,2.716,0.00831198,2.716,0.0112742,2.716,0.0110768,2.716,0.025888,2.716,0.0260855,2.716,0.00890443,2.716,0.00893735
,,2.717,-0.000852975,2.717,0.0401068,2.717,0.00877278,2.717,0.00850947,2.717,0.0113072,2.717,0.0113072,2.717,0.0258551,2.717,0.0263159,2.717,0.00890443,2.717,0.009069
,,2.718,-0.000866153,2.718,0.0398106,2.718,0.00893735,2.718,0.00867404,2.718,0.0114059,2.718,0.0109451,2.718,0.025888,2.718,0.0260526,2.718,0.00897026,2.718,0.00939814
,,2.719,-0.000846386,2.719,0.0382636,2.719,0.00864112,2.719,0.00887152,2.719,0.0114059,2.719,0.0110438,2.719,0.0259209,2.719,0.0260855,2.719,0.00897026,2.719,0.00883861
,,2.72,-0.000859564,2.72,0.038527,2.72,0.00791702,2.72,0.00873986,2.72,0.0113401,2.72,0.0116034,2.72,0.0259538,2.72,0.0250323,2.72,0.00897026,2.72,0.00831198
,,2.721,-0.000846386,2.721,0.039284,2.721,0.0083449,2.721,0.00821324,2.721,0.0112413,2.721,0.0114717,2.721,0.0259209,2.721,0.0256905,2.721,0.00893735,2.721,0.00920066
,,2.722,-0.00088592,2.722,0.0393169,2.722,0.00887152,2.722,0.00837781,2.722,0.0112413,2.722,0.010616,2.722,0.0259209,2.722,0.0256576,2.722,0.00897026,2.722,0.00939814
,,2.723,-0.000852975,2.723,0.0401727,2.723,0.00897026,2.723,0.00890443,2.723,0.0110438,2.723,0.0114059,2.723,0.0257564,2.723,0.0259538,2.723,0.00897026,2.723,0.00966145
,,2.724,-0.000859564,2.724,0.0402056,2.724,0.00913483,2.724,0.00877278,2.724,0.0108793,2.724,0.0111426,2.724,0.0257564,2.724,0.025888,2.724,0.00903609,2.724,0.00943106
,,2.725,-0.000866153,2.725,0.0382966,2.725,0.00890443,2.725,0.00860821,2.725,0.0124591,2.725,0.0131503,2.725,0.0257893,2.725,0.0263817,2.725,0.00900318,2.725,0.00867404
,,2.726,-0.000866153,2.726,0.038889,2.726,0.00785119,2.726,0.00850947,2.726,0.0108134,2.726,0.0107147,2.726,0.0258551,2.726,0.0250652,2.726,0.00903609,2.726,0.00880569
,,2.727,-0.000839797,2.727,0.0391194,2.727,0.00808159,2.727,0.00831198,2.727,0.0108134,2.727,0.0113072,2.727,0.025888,2.727,0.0259538,2.727,0.009069,2.727,0.0092994
,,2.728,-0.000866153,2.728,0.0397777,2.728,0.00870695,2.728,0.00860821,2.728,0.0108793,2.728,0.0109451,2.728,0.0258222,2.728,0.025888,2.728,0.00900318,2.728,0.0092994
,,2.729,-0.000879331,2.729,0.0395473,2.729,0.00890443,2.729,0.00933231,2.729,0.0106818,2.729,0.0111755,2.729,0.025888,2.729,0.0260855,2.729,0.00900318,2.729,0.00903609
,,2.73,-0.000846386,2.73,0.0397777,2.73,0.00877278,2.73,0.00864112,2.73,0.0107147,2.73,0.0102539,2.73,0.025888,2.73,0.0261842,2.73,0.00897026,2.73,0.00877278
,,2.731,-0.000852975,2.731,0.0380662,2.731,0.00890443,2.731,0.00897026,2.731,0.0107147,2.731,0.0103526,2.731,0.025888,2.731,0.0250323,2.731,0.00897026,2.731,0.009069
,,2.732,-0.000859564,2.732,0.0394486,2.732,0.00857529,2.732,0.00844364,2.732,0.0105172,2.732,0.0103197,2.732,0.0258222,2.732,0.0254931,2.732,0.00897026,2.732,0.00913483
,,2.733,-0.000852975,2.733,0.039284,2.733,0.00854238,2.733,0.00857529,2.733,0.0104185,2.733,0.0111097,2.733,0.0258551,2.733,0.0261184,2.733,0.00893735,2.733,0.00890443
,,2.734,-0.000852975,2.734,0.0399752,2.734,0.00864112,2.734,0.00864112,2.734,0.010583,2.734,0.0110438,2.734,0.025888,2.734,0.0264146,2.734,0.00900318,2.734,0.00933231
,,2.735,-0.000846386,2.735,0.0399423,2.735,0.00857529,2.735,0.00877278,2.735,0.010616,2.735,0.0109451,2.735,0.025888,2.735,0.0263488,2.735,0.00893735,2.735,0.00893735
,,2.736,-0.000839797,2.736,0.0392182,2.736,0.00897026,2.736,0.00755496,2.736,0.0106489,2.736,0.00999059,2.736,0.0259538,2.736,0.0249993,2.736,0.00893735,2.736,0.00887152
,,2.737,-0.000859564,2.737,0.038889,2.737,0.0078841,2.737,0.00841072,2.737,0.0105172,2.737,0.0105501,2.737,0.0259868,2.737,0.0260855,2.737,0.00887152,2.737,0.00893735
,,2.738,-0.000846386,2.738,0.0391852,2.738,0.00831198,2.738,0.00860821,2.738,0.0106489,2.738,0.0103856,2.738,0.0259538,2.738,0.0256576,2.738,0.00903609,2.738,0.0095298
,,2.739,-0.000859564,2.739,0.0399423,2.739,0.00857529,2.739,0.00857529,2.739,0.010583,2.739,0.0107805,2.739,0.025888,2.739,0.0259868,2.739,0.00900318,2.739,0.00956271
,,2.74,-0.000859564,2.74,0.0399752,2.74,0.0092994,2.74,0.00897026,2.74,0.010583,2.74,0.0111097,2.74,0.0257564,2.74,0.025888,2.74,0.00903609,2.74,0.00903609
,,2.741,-0.000866153,2.741,0.0399752,2.741,0.00778536,2.741,0.00831198,2.741,0.0104185,2.741,0.0110768,2.741,0.0257564,2.741,0.0258551,2.741,0.00903609,2.741,0.00949688
,,2.742,-0.000866153,2.742,0.0386586,2.742,0.00837781,2.742,0.00841072,2.742,0.0105172,2.742,0.0101222,2.742,0.0258222,2.742,0.0250323,2.742,0.00903609,2.742,0.00897026
,,2.743,-0.000852975,2.743,0.0388561,2.743,0.00893735,2.743,0.00870695,2.743,0.0105501,2.743,0.0101552,2.743,0.0258551,2.743,0.0258551,2.743,0.00903609,2.743,0.00943106
,,2.744,-0.000852975,2.744,0.0394815,2.744,0.00883861,2.744,0.00827907,2.744,0.010583,2.744,0.0106489,2.744,0.0258551,2.744,0.0262172,2.744,0.00900318,2.744,0.00857529
,,2.745,-0.000852975,2.745,0.0406005,2.745,0.00883861,2.745,0.00864112,2.745,0.0104185,2.745,0.0105172,2.745,0.0258222,2.745,0.026283,2.745,0.00903609,2.745,0.00936523
,,2.746,-0.000859564,2.746,0.0402385,2.746,0.00794993,2.746,0.0092994,2.746,0.0103526,2.746,0.0108134,2.746,0.025888,2.746,0.0264146,2.746,0.00900318,2.746,0.0095298
,,2.747,-0.000852975,2.747,0.0380662,2.747,0.00850947,2.747,0.00873986,2.747,0.0104514,2.747,0.0103526,2.747,0.0259209,2.747,0.0253943,2.747,0.009069,2.747,0.00962854
,,2.748,-0.00082003,2.748,0.039284,2.748,0.00850947,2.748,0.00847655,2.748,0.0103856,2.748,0.00916774,2.748,0.0258551,2.748,0.0249664,2.748,0.00900318,2.748,0.00808159
,,2.749,-0.000872742,2.749,0.0397119,2.749,0.00910192,2.749,0.00857529,2.749,0.0102868,2.749,0.00982602,2.749,0.0258551,2.749,0.0260526,2.749,0.00893735,2.749,0.00890443
,,2.75,-0.000852975,2.75,0.0403372,2.75,0.00903609,2.75,0.00857529,2.75,0.0104185,2.75,0.0121958,2.75,0.0258551,2.75,0.0258222,2.75,0.00897026,2.75,0.00982602
,,2.751,-0.000839797,2.751,0.040041,2.751,0.00804867,2.751,0.00903609,2.751,0.010583,2.751,0.0108793,2.751,0.0259538,2.751,0.026645,2.751,0.00897026,2.751,0.00926649
,,2.752,-0.000846386,2.752,0.0383953,2.752,0.00821324,2.752,0.00791702,2.752,0.0103856,2.752,0.0112084,2.752,0.0259209,2.752,0.026645,2.752,0.00890443,2.752,0.00837781
,,2.753,-0.000859564,2.753,0.0390536,2.753,0.00880569,2.753,0.00837781,2.753,0.0104514,2.753,0.00999059,2.753,0.0259868,2.753,0.0267109,2.753,0.00897026,2.753,0.00903609
,,2.754,-0.000852975,2.754,0.0399093,2.754,0.00897026,2.754,0.00860821,2.754,0.0104185,2.754,0.0103856,2.754,0.0259538,2.754,0.0251968,2.754,0.00900318,2.754,0.0095298
,,2.755,-0.000852975,2.755,0.0396789,2.755,0.00897026,2.755,0.00844364,2.755,0.0104843,2.755,0.0105172,2.755,0.025888,2.755,0.0253614,2.755,0.00897026,2.755,0.00969437
,,2.756,-0.000839797,2.756,0.0405018,2.756,0.00890443,2.756,0.00877278,2.756,0.0105172,2.756,0.0102868,2.756,0.0257893,2.756,0.0256247,2.756,0.00903609,2.756,0.00837781
,,2.757,-0.000852975,2.757,0.0383953,2.757,0.00844364,2.757,0.00920066,2.757,0.0104185,2.757,0.010583,2.757,0.0257564,2.757,0.0260197,2.757,0.00903609,2.757,0.00877278
,,2.758,-0.000872742,2.758,0.0392511,2.758,0.00897026,2.758,0.00771953,2.758,0.010221,2.758,0.00939814,2.758,0.0258222,2.758,0.0260526,2.758,0.00903609,2.758,0.00877278
,,2.759,-0.000839797,2.759,0.0399752,2.759,0.00880569,2.759,0.00854238,2.759,0.0104514,2.759,0.0101222,2.759,0.0258551,2.759,0.0259538,2.759,0.00900318,2.759,0.00926649
,,2.76,-0.000852975,2.76,0.0398435,2.76,0.00933231,2.76,0.00857529,2.76,0.0104185,2.76,0.0104514,2.76,0.0258551,2.76,0.0256905,2.76,0.009069,2.76,0.00841072
,,2.761,-0.000866153,2.761,0.0397119,2.761,0.00821324,2.761,0.00880569,2.761,0.0103197,2.761,0.010583,2.761,0.0258551,2.761,0.0249335,2.761,0.00903609,2.761,0.00860821
,,2.762,-0.000826619,2.762,0.0402056,2.762,0.00847655,2.762,0.00887152,2.762,0.0104514,2.762,0.0106489,2.762,0.025888,2.762,0.0259868,2.762,0.00897026,2.762,0.00860821
,,2.763,-0.000852975,2.763,0.0383295,2.763,0.00870695,2.763,0.00814741,2.763,0.0103856,2.763,0.0107476,2.763,0.0259868,2.763,0.0261184,2.763,0.009069,2.763,0.0092994
,,2.764,-0.000859564,2.764,0.0397777,2.764,0.00887152,2.764,0.00841072,2.764,0.0103526,2.764,0.00933231,2.764,0.025888,2.764,0.025888,2.764,0.00903609,2.764,0.00850947
,,2.765,-0.000852975,2.765,0.0397119,2.765,0.00903609,2.765,0.00873986,2.765,0.0103856,2.765,0.00962854,2.765,0.0258551,2.765,0.0265134,2.765,0.00900318,2.765,0.00867404
,,2.766,-0.000859564,2.766,0.0404689,2.766,0.00808159,2.766,0.00857529,2.766,0.0101222,2.766,0.0101552,2.766,0.0258551,2.766,0.0256247,2.766,0.00893735,2.766,0.00939814
,,2.767,-0.000859564,2.767,0.0380662,2.767,0.00847655,2.767,0.00880569,2.767,0.0101552,2.767,0.00999059,2.767,0.0258551,2.767,0.0254272,2.767,0.00893735,2.767,0.00916774
,,2.768,-0.000872742,2.768,0.0388232,2.768,0.00864112,2.768,0.00887152,2.768,0.0103197,2.768,0.0108793,2.768,0.0259868,2.768,0.0262172,2.768,0.00897026,2.768,0.0078841
,,2.769,-0.000859564,2.769,0.0394815,2.769,0.00890443,2.769,0.0081145,2.769,0.0103197,2.769,0.0107476,2.769,0.0259538,2.769,0.0258551,2.769,0.00903609,2.769,0.009069
,,2.77,-0.000846386,2.77,0.0397119,2.77,0.00864112,2.77,0.00791702,2.77,0.0103197,2.77,0.00946397,2.77,0.0260197,2.77,0.0261184,2.77,0.00897026,2.77,0.00923357
,,2.771,-0.000846386,2.771,0.0402714,2.771,0.00814741,2.771,0.00873986,2.771,0.0104185,2.771,0.0101881,2.771,0.0259868,2.771,0.0262501,2.771,0.00897026,2.771,0.0095298
,,2.772,-0.000846386,2.772,0.0387244,2.772,0.00893735,2.772,0.00913483,2.772,0.0103526,2.772,0.0104185,2.772,0.0258222,2.772,0.0260526,2.772,0.00900318,2.772,0.0081145
,,2.773,-0.000866153,2.773,0.0396131,2.773,0.00860821,2.773,0.009069,2.773,0.0103197,2.773,0.0108793,2.773,0.0257564,2.773,0.0252297,2.773,0.00900318,2.773,0.00893735
,,2.774,-0.000879331,2.774,0.0395802,2.774,0.00893735,2.774,0.00785119,2.774,0.010221,2.774,0.0107476,2.774,0.0257234,2.774,0.0253943,2.774,0.00910192,2.774,0.00910192
,,2.775,-0.000866153,2.775,0.0401397,2.775,0.0081145,2.775,0.00847655,2.775,0.0120313,2.775,0.0114717,2.775,0.0257893,2.775,0.025888,2.775,0.00903609,2.775,0.009069
,,2.776,-0.000852975,2.776,0.0395802,2.776,0.0083449,2.776,0.00847655,2.776,0.0103856,2.776,0.00985894,2.776,0.025888,2.776,0.0264476,2.776,0.00903609,2.776,0.00847655
,,2.777,-0.000852975,2.777,0.0388232,2.777,0.00850947,2.777,0.00864112,2.777,0.0103197,2.777,0.0103197,2.777,0.0258551,2.777,0.0260855,2.777,0.00903609,2.777,0.00897026
,,2.778,-0.000866153,2.778,0.0392182,2.778,0.00897026,2.778,0.00877278,2.778,0.0103526,2.778,0.0104514,2.778,0.0259209,2.778,0.0263488,2.778,0.009069,2.778,0.00946397
,,2.779,-0.000866153,2.779,0.0393827,2.779,0.00943106,2.779,0.00850947,2.779,0.0103197,2.779,0.0109122,2.779,0.025888,2.779,0.025131,2.779,0.00903609,2.779,0.00923357
,,2.78,-0.000852975,2.78,0.0401068,2.78,0.00827907,2.78,0.00821324,2.78,0.0102539,2.78,0.0103197,2.78,0.0259538,2.78,0.0251968,2.78,0.00903609,2.78,0.00814741
,,2.781,-0.000846386,2.781,0.0402714,2.781,0.00900318,2.781,0.00867404,2.781,0.0101881,2.781,0.0100564,2.781,0.0258551,2.781,0.0257234,2.781,0.00897026,2.781,0.00903609
,,2.782,-0.000866153,2.782,0.0383295,2.782,0.009069,2.782,0.00854238,2.782,0.0101552,2.782,0.0092994,2.782,0.0258551,2.782,0.0256576,2.782,0.00897026,2.782,0.00989185
,,2.783,-0.000839797,2.783,0.0396789,2.783,0.00916774,2.783,0.00837781,2.783,0.0100564,2.783,0.0101222,2.783,0.0258222,2.783,0.0263488,2.783,0.00897026,2.783,0.00913483
,,2.784,-0.000846386,2.784,0.0396789,2.784,0.00801576,2.784,0.00903609,2.784,0.0101552,2.784,0.010583,2.784,0.0258551,2.784,0.0263488,2.784,0.00903609,2.784,0.00818033
,,2.785,-0.000852975,2.785,0.0398106,2.785,0.00870695,2.785,0.00880569,2.785,0.0102539,2.785,0.0104843,2.785,0.0259868,2.785,0.026678,2.785,0.00893735,2.785,0.0092994
,,2.786,-0.000872742,2.786,0.0397777,2.786,0.00873986,2.786,0.00771953,2.786,0.0102868,2.786,0.010583,2.786,0.0259538,2.786,0.0248677,2.786,0.00900318,2.786,0.00926649
,,2.787,-0.000852975,2.787,0.0389219,2.787,0.00804867,2.787,0.00857529,2.787,0.0102539,2.787,0.00989185,2.787,0.0260197,2.787,0.0254601,2.787,0.00897026,2.787,0.00962854
,,2.788,-0.000852975,2.788,0.0401727,2.788,0.00883861,2.788,0.00897026,2.788,0.0103197,2.788,0.0097602,2.788,0.0259868,2.788,0.0254272,2.788,0.00893735,2.788,0.00824615
,,2.789,-0.000866153,2.789,0.0394156,2.789,0.00850947,2.789,0.00824615,2.789,0.0102539,2.789,0.0104843,2.789,0.0258222,2.789,0.0257893,2.789,0.00900318,2.789,0.00877278
,,2.79,-0.000852975,2.79,0.038889,2.79,0.00893735,2.79,0.00860821,2.79,0.010221,2.79,0.0105501,2.79,0.0257564,2.79,0.0257564,2.79,0.00897026,2.79,0.00903609
,,2.791,-0.000872742,2.791,0.0398435,2.791,0.0083449,2.791,0.00785119,2.791,0.0100564,2.791,0.0100235,2.791,0.0257893,2.791,0.0261184,2.791,0.00910192,2.791,0.00982602
,,2.792,-0.000866153,2.792,0.0398764,2.792,0.00903609,2.792,0.00860821,2.792,0.0101881,2.792,0.0104185,2.792,0.0258551,2.792,0.0250323,2.792,0.00903609,2.792,0.00877278
,,2.793,-0.000833208,2.793,0.0402056,2.793,0.00893735,2.793,0.00827907,2.793,0.010221,2.793,0.00949688,2.793,0.0258551,2.793,0.0256247,2.793,0.00910192,2.793,0.00883861
,,2.794,-0.000839797,2.794,0.0387903,2.794,0.00827907,2.794,0.00873986,2.794,0.0102539,2.794,0.0102539,2.794,0.025888,2.794,0.026283,2.794,0.00903609,2.794,0.00949688
,,2.795,-0.000866153,2.795,0.0391852,2.795,0.00841072,2.795,0.00870695,2.795,0.0102539,2.795,0.00999059,2.795,0.0259209,2.795,0.0264476,2.795,0.00903609,2.795,0.0092994
,,2.796,-0.000852975,2.796,0.0398764,2.796,0.00943106,2.796,0.00854238,2.796,0.010221,2.796,0.0101552,2.796,0.0259538,2.796,0.0261513,2.796,0.00903609,2.796,0.00847655
,,2.797,-0.000846386,2.797,0.0399423,2.797,0.00880569,2.797,0.00808159,2.797,0.0101881,2.797,0.0104514,2.797,0.0259538,2.797,0.0263488,2.797,0.00900318,2.797,0.00923357
,,2.798,-0.000826619,2.798,0.0393827,2.798,0.00794993,2.798,0.00785119,2.798,0.0100893,2.798,0.0104514,2.798,0.0258222,2.798,0.0250652,2.798,0.00903609,2.798,0.00903609
,,2.799,-0.000852975,2.799,0.0401727,2.799,0.00831198,2.799,0.00847655,2.799,0.00999059,2.799,0.00946397,2.799,0.0257893,2.799,0.0252627,2.799,0.00893735,2.799,0.00956271
,,2.8,-0.000852975,2.8,0.0400739,2.8,0.00883861,2.8,0.00880569,2.8,0.0107147,2.8,0.00923357,2.8,0.0258551,2.8,0.0254931,2.8,0.00897026,2.8,0.00824615
,,2.801,-0.000859564,2.801,0.0385599,2.801,0.00870695,2.801,0.0092994,2.801,0.0101222,2.801,0.00982602,2.801,0.0259209,2.801,0.0260526,2.801,0.00897026,2.801,0.00860821
,,2.802,-0.000859564,2.802,0.0395144,2.802,0.00791702,2.802,0.00824615,2.802,0.0101881,2.802,0.0100235,2.802,0.0259538,2.802,0.0262501,2.802,0.00897026,2.802,0.00870695
,,2.803,-0.000859564,2.803,0.0398106,2.803,0.00880569,2.803,0.00864112,2.803,0.0101222,2.803,0.0104514,2.803,0.0260197,2.803,0.026645,2.803,0.00897026,2.803,0.00920066
,,2.804,-0.000859564,2.804,0.0398435,2.804,0.00890443,2.804,0.00804867,2.804,0.0109451,2.804,0.0122287,2.804,0.0259538,2.804,0.0260855,2.804,0.00897026,2.804,0.00966145
,,2.805,-0.000852975,2.805,0.0386257,2.805,0.00893735,2.805,0.00870695,2.805,0.0101222,2.805,0.0111755,2.805,0.025888,2.805,0.0251639,2.805,0.00903609,2.805,0.00946397
,,2.806,-0.000866153,2.806,0.0394815,2.806,0.00827907,2.806,0.00864112,2.806,0.00985894,2.806,0.00916774,2.806,0.0257893,2.806,0.0252297,2.806,0.009069,2.806,0.00854238
,,2.807,-0.000846386,2.807,0.0401727,2.807,0.009069,2.807,0.00877278,2.807,0.0101881,2.807,0.0101552,2.807,0.0256905,2.807,0.0259538,2.807,0.009069,2.807,0.00831198
,,2.808,-0.000852975,2.808,0.0401727,2.808,0.00897026,2.808,0.00785119,2.808,0.0100235,2.808,0.0105172,2.808,0.0258222,2.808,0.0258222,2.808,0.009069,2.808,0.00883861
,,2.809,-0.000879331,2.809,0.0394156,2.809,0.00785119,2.809,0.00837781,2.809,0.0101552,2.809,0.010221,2.809,0.0258222,2.809,0.0259538,2.809,0.009069,2.809,0.00900318
,,2.81,-0.000846386,2.81,0.0394815,2.81,0.00844364,2.81,0.00880569,2.81,0.0101552,2.81,0.0107476,2.81,0.0258551,2.81,0.0258551,2.81,0.009069,2.81,0.00943106
,,2.811,-0.000872742,2.811,0.0410613,2.811,0.00916774,2.811,0.00864112,2.811,0.010221,2.811,0.0106818,2.811,0.0258551,2.811,0.0253614,2.811,0.009069,2.811,0.00926649
,,2.812,-0.000852975,2.812,0.0403701,2.812,0.00857529,2.812,0.00880569,2.812,0.0101881,2.812,0.00966145,2.812,0.0258551,2.812,0.025131,2.812,0.009069,2.812,0.00854238
,,2.813,-0.000859564,2.813,0.0393498,2.813,0.00837781,2.813,0.00913483,2.813,0.0101222,2.813,0.00966145,2.813,0.025888,2.813,0.0261513,2.813,0.00897026,2.813,0.00897026
,,2.814,-0.000859564,2.814,0.0398435,2.814,0.00841072,2.814,0.00821324,2.814,0.0100893,2.814,0.0101552,2.814,0.0259209,2.814,0.025888,2.814,0.00900318,2.814,0.0092994
,,2.815,-0.000859564,2.815,0.0402714,2.815,0.00903609,2.815,0.00821324,2.815,0.0100564,2.815,0.010221,2.815,0.025888,2.815,0.0261184,2.815,0.00897026,2.815,0.0095298
,,2.816,-0.000846386,2.816,0.0386915,2.816,0.00903609,2.816,0.00841072,2.816,0.00992477,2.816,0.0101222,2.816,0.0258551,2.816,0.0262172,2.816,0.00900318,2.816,0.00910192
,,2.817,-0.000846386,2.817,0.0392511,2.817,0.00827907,2.817,0.00850947,2.817,0.00992477,2.817,0.0103197,2.817,0.025888,2.817,0.0258222,2.817,0.00897026,2.817,0.0092994
,,2.818,-0.000859564,2.818,0.039646,2.818,0.00841072,2.818,0.00847655,2.818,0.00999059,2.818,0.00956271,2.818,0.0259209,2.818,0.0251968,2.818,0.00903609,2.818,0.0081145
,,2.819,-0.000839797,2.819,0.0394156,2.819,0.00897026,2.819,0.00808159,2.819,0.0100564,2.819,0.00989185,2.819,0.0259538,2.819,0.025888,2.819,0.00897026,2.819,0.00880569
,,2.82,-0.000866153,2.82,0.0386915,2.82,0.00808159,2.82,0.00841072,2.82,0.0100235,2.82,0.00995768,2.82,0.0260197,2.82,0.0260197,2.82,0.00903609,2.82,0.00903609
,,2.821,-0.000852975,2.821,0.0398435,2.821,0.00877278,2.821,0.00841072,2.821,0.0100893,2.821,0.0101552,2.821,0.0259538,2.821,0.0262172,2.821,0.00900318,2.821,0.009069
,,2.822,-0.000839797,2.822,0.0403372,2.822,0.00890443,2.822,0.00867404,2.822,0.0101222,2.822,0.0106489,2.822,0.0259209,2.822,0.0261184,2.822,0.00897026,2.822,0.00920066
,,2.823,-0.000852975,2.823,0.0403043,2.823,0.00923357,2.823,0.00847655,2.823,0.0101552,2.823,0.0102868,2.823,0.0257893,2.823,0.0259538,2.823,0.00900318,2.823,0.00926649
,,2.824,-0.000859564,2.824,0.0389219,2.824,0.00794993,2.824,0.00857529,2.824,0.0114059,2.824,0.0106818,2.824,0.0257564,2.824,0.0251639,2.824,0.009069,2.824,0.00877278
,,2.825,-0.000852975,2.825,0.0397119,2.825,0.00897026,2.825,0.00818033,2.825,0.0100235,2.825,0.00985894,2.825,0.0257893,2.825,0.0256576,2.825,0.00910192,2.825,0.00850947
,,2.826,-0.000826619,2.826,0.0400739,2.826,0.00870695,2.826,0.00775245,2.826,0.0100564,2.826,0.0101881,2.826,0.0258551,2.826,0.025888,2.826,0.00913483,2.826,0.00893735
,,2.827,-0.000852975,2.827,0.0393498,2.827,0.0092994,2.827,0.00890443,2.827,0.0100893,2.827,0.0110109,2.827,0.025888,2.827,0.0255918,2.827,0.009069,2.827,0.00972728
,,2.828,-0.000852975,2.828,0.0395802,2.828,0.00775245,2.828,0.00841072,2.828,0.0101222,2.828,0.010616,2.828,0.0258551,2.828,0.026283,2.828,0.00903609,2.828,0.00949688
,,2.829,-0.000846386,2.829,0.0405018,2.829,0.00870695,2.829,0.00887152,2.829,0.0101222,2.829,0.010583,2.829,0.0259209,2.829,0.0263817,2.829,0.00903609,2.829,0.00867404
,,2.83,-0.000852975,2.83,0.0398764,2.83,0.00893735,2.83,0.00916774,2.83,0.0100235,2.83,0.00939814,2.83,0.0259209,2.83,0.0254272,2.83,0.009069,2.83,0.00883861
,,2.831,-0.000852975,2.831,0.0387903,2.831,0.00841072,2.831,0.00801576,2.831,0.00992477,2.831,0.00959563,2.831,0.025888,2.831,0.0248348,2.831,0.00903609,2.831,0.00916774
,,2.832,-0.000852975,2.832,0.039646,2.832,0.00870695,2.832,0.00864112,2.832,0.00995768,2.832,0.00979311,2.832,0.0258551,2.832,0.0256247,2.832,0.00897026,2.832,0.00913483
,,2.833,-0.000866153,2.833,0.0403372,2.833,0.00864112,2.833,0.00873986,2.833,0.00982602,2.833,0.0102539,2.833,0.0258551,2.833,0.0261184,2.833,0.00903609,2.833,0.00887152
,,2.834,-0.000852975,2.834,0.0397119,2.834,0.00860821,2.834,0.00854238,2.834,0.00999059,2.834,0.0103526,2.834,0.0259209,2.834,0.0265134,2.834,0.00900318,2.834,0.00867404
,,2.835,-0.000852975,2.835,0.0392511,2.835,0.00831198,2.835,0.00844364,2.835,0.0100235,2.835,0.0101552,2.835,0.0259538,2.835,0.0264146,2.835,0.00903609,2.835,0.00850947
,,2.836,-0.000852975,2.836,0.0402714,2.836,0.00864112,2.836,0.00873986,2.836,0.0100235,2.836,0.00943106,2.836,0.0259538,2.836,0.0256576,2.836,0.00897026,2.836,0.00900318
,,2.837,-0.000839797,2.837,0.0399093,2.837,0.00903609,2.837,0.00814741,2.837,0.00999059,2.837,0.00985894,2.837,0.0260197,2.837,0.025888,2.837,0.00900318,2.837,0.00883861
,,2.838,-0.000833208,2.838,0.0394486,2.838,0.00916774,2.838,0.00877278,2.838,0.00999059,2.838,0.0100235,2.838,0.0259538,2.838,0.0261513,2.838,0.00897026,2.838,0.00913483
,,2.839,-0.000833208,2.839,0.0397448,2.839,0.0083449,2.839,0.00903609,2.839,0.00999059,2.839,0.0103856,2.839,0.025888,2.839,0.0260855,2.839,0.00897026,2.839,0.00959563
,,2.84,-0.000859564,2.84,0.0399752,2.84,0.00867404,2.84,0.00897026,2.84,0.0101222,2.84,0.0101552,2.84,0.0257564,2.84,0.0260526,2.84,0.009069,2.84,0.00903609
,,2.841,-0.000846386,2.841,0.0400739,2.841,0.00920066,2.841,0.00850947,2.841,0.00985894,2.841,0.0101881,2.841,0.0257564,2.841,0.025526,2.841,0.009069,2.841,0.00857529
,,2.842,-0.000866153,2.842,0.0383953,2.842,0.00880569,2.842,0.00818033,2.842,0.00982602,2.842,0.00943106,2.842,0.0258222,2.842,0.0250981,2.842,0.00910192,2.842,0.00873986
,,2.843,-0.000852975,2.843,0.0397448,2.843,0.00722582,2.843,0.00860821,2.843,0.0100564,2.843,0.00939814,2.843,0.0259209,2.843,0.0255918,2.843,0.00903609,2.843,0.00916774
,,2.844,-0.000839797,2.844,0.0398764,2.844,0.00844364,2.844,0.00887152,2.844,0.0100893,2.844,0.0102539,2.844,0.0259209,2.844,0.0262501,2.844,0.009069,2.844,0.00933231
,,2.845,-0.000846386,2.845,0.040041,2.845,0.00913483,2.845,0.00877278,2.845,0.00999059,2.845,0.0104185,2.845,0.0259209,2.845,0.0260855,2.845,0.00900318,2.845,0.00854238
,,2.846,-0.000859564,2.846,0.0391194,2.846,0.00910192,2.846,0.00791702,2.846,0.00995768,2.846,0.0104514,2.846,0.0258551,2.846,0.026283,2.846,0.00900318,2.846,0.00857529
,,2.847,-0.000859564,2.847,0.0396131,2.847,0.00933231,2.847,0.00804867,2.847,0.00995768,2.847,0.0101881,2.847,0.0259209,2.847,0.0249335,2.847,0.009069,2.847,0.00943106
,,2.848,-0.000852975,2.848,0.0402385,2.848,0.00742331,2.848,0.00870695,2.848,0.00992477,2.848,0.00966145,2.848,0.025888,2.848,0.0254601,2.848,0.00900318,2.848,0.00939814
,,2.849,-0.000859564,2.849,0.0393827,2.849,0.0083449,2.849,0.00916774,2.849,0.00979311,2.849,0.00870695,2.849,0.0257564,2.849,0.026283,2.849,0.00897026,2.849,0.00818033
,,2.85,-0.000859564,2.85,0.0391523,2.85,0.00860821,2.85,0.00837781,2.85,0.00979311,2.85,0.00972728,2.85,0.0258551,2.85,0.0260526,2.85,0.00893735,2.85,0.00860821
,,2.851,-0.000839797,2.851,0.0392511,2.851,0.00893735,2.851,0.00831198,2.851,0.00999059,2.851,0.0103197,2.851,0.0259538,2.851,0.0263159,2.851,0.00900318,2.851,0.00910192
,,2.852,-0.000846386,2.852,0.039646,2.852,0.00926649,2.852,0.0081145,2.852,0.00992477,2.852,0.0100564,2.852,0.0259868,2.852,0.0264146,2.852,0.00900318,2.852,0.00923357
,,2.853,-0.000846386,2.853,0.0394815,2.853,0.00870695,2.853,0.00854238,2.853,0.0100564,2.853,0.0106489,2.853,0.0259868,2.853,0.0244727,2.853,0.00897026,2.853,0.0083449
,,2.854,-0.000879331,2.854,0.0399752,2.854,0.0081145,2.854,0.00857529,2.854,0.0100235,2.854,0.0103856,2.854,0.0259538,2.854,0.0254931,2.854,0.00903609,2.854,0.00890443
,,2.855,-0.000839797,2.855,0.0384282,2.855,0.00887152,2.855,0.00854238,2.855,0.00999059,2.855,0.00883861,2.855,0.0259209,2.855,0.0259538,2.855,0.00900318,2.855,0.00943106
,,2.856,-0.000852975,2.856,0.0384282,2.856,0.00933231,2.856,0.00867404,2.856,0.0101222,2.856,0.0101222,2.856,0.0258551,2.856,0.0258222,2.856,0.00903609,2.856,0.00956271
,,2.857,-0.000852975,2.857,0.0397119,2.857,0.00916774,2.857,0.00768662,2.857,0.00995768,2.857,0.00959563,2.857,0.0257893,2.857,0.0263817,2.857,0.009069,2.857,0.00831198
,,2.858,-0.000859564,2.858,0.0398106,2.858,0.00923357,2.858,0.00847655,2.858,0.00985894,2.858,0.0103856,2.858,0.0257893,2.858,0.0261842,2.858,0.00910192,2.858,0.009069
,,2.859,-0.000852975,2.859,0.0398764,2.859,0.00808159,2.859,0.00877278,2.859,0.00999059,2.859,0.0102868,2.859,0.025888,2.859,0.0253614,2.859,0.00903609,2.859,0.00933231
,,2.86,-0.000839797,2.86,0.0398435,2.86,0.0081145,2.86,0.00873986,2.86,0.00999059,2.86,0.0100893,2.86,0.0258551,2.86,0.0254601,2.86,0.009069,2.86,0.00897026
,,2.861,-0.000852975,2.861,0.0390865,2.861,0.00880569,2.861,0.00867404,2.861,0.0100564,2.861,0.00910192,2.861,0.0258551,2.861,0.026645,2.861,0.00900318,2.861,0.00804867
,,2.862,-0.000852975,2.862,0.0400081,2.862,0.00883861,2.862,0.00778536,2.862,0.00995768,2.862,0.00999059,2.862,0.025888,2.862,0.0262501,2.862,0.00903609,2.862,0.00923357
,,2.863,-0.000839797,2.863,0.0403701,2.863,0.00897026,2.863,0.00873986,2.863,0.00999059,2.863,0.0107476,2.863,0.0259209,2.863,0.0265134,2.863,0.009069,2.863,0.0092994
,,2.864,-0.000859564,2.864,0.0403043,2.864,0.00729165,2.864,0.00864112,2.864,0.00982602,2.864,0.010616,2.864,0.0259209,2.864,0.0253614,2.864,0.00910192,2.864,0.00949688
,,2.865,-0.000872742,2.865,0.0398764,2.865,0.00794993,2.865,0.00890443,2.865,0.00989185,2.865,0.009069,2.865,0.0258551,2.865,0.0257893,2.865,0.00903609,2.865,0.00867404
,,2.866,-0.000872742,2.866,0.0382307,2.866,0.00860821,2.866,0.00824615,2.866,0.0097602,2.866,0.00972728,2.866,0.0258551,2.866,0.026283,2.866,0.00887152,2.866,0.00883861
,,2.867,-0.000852975,2.867,0.0393827,2.867,0.00873986,2.867,0.00831198,2.867,0.0097602,2.867,0.0101881,2.867,0.025888,2.867,0.0263488,2.867,0.00900318,2.867,0.00873986
,,2.868,-0.000866153,2.868,0.0393827,2.868,0.00877278,2.868,0.00841072,2.868,0.00982602,2.868,0.00969437,2.868,0.0259538,2.868,0.0263488,2.868,0.00900318,2.868,0.00943106
,,2.869,-0.000866153,2.869,0.0398435,2.869,0.00791702,2.869,0.00870695,2.869,0.00989185,2.869,0.0103526,2.869,0.0260197,2.869,0.0254272,2.869,0.00900318,2.869,0.00877278
,,2.87,-0.000852975,2.87,0.0402385,2.87,0.00870695,2.87,0.009069,2.87,0.00992477,2.87,0.0101222,2.87,0.0259538,2.87,0.0261513,2.87,0.00900318,2.87,0.00910192
,,2.871,-0.000846386,2.871,0.0391852,2.871,0.00883861,2.871,0.00887152,2.871,0.00992477,2.871,0.009069,2.871,0.0259868,2.871,0.025888,2.871,0.00903609,2.871,0.00920066
,,2.872,-0.000859564,2.872,0.038889,2.872,0.00847655,2.872,0.00850947,2.872,0.00992477,2.872,0.00943106,2.872,0.0259209,2.872,0.0260197,2.872,0.00897026,2.872,0.0095298
,,2.873,-0.000866153,2.873,0.0394486,2.873,0.0083449,2.873,0.00844364,2.873,0.00999059,2.873,0.0100893,2.873,0.0257893,2.873,0.0260526,2.873,0.00903609,2.873,0.00870695
,,2.874,-0.000866153,2.874,0.0395144,2.874,0.00854238,2.874,0.00870695,2.874,0.0097602,2.874,0.0101222,2.874,0.0257234,2.874,0.0264146,2.874,0.00910192,2.874,0.00900318
,,2.875,-0.000846386,2.875,0.040041,2.875,0.00864112,2.875,0.00860821,2.875,0.00982602,2.875,0.0104843,2.875,0.0258551,2.875,0.0249335,2.875,0.009069,2.875,0.00923357
,,2.876,-0.000872742,2.876,0.0389878,2.876,0.00900318,2.876,0.00735748,2.876,0.00985894,2.876,0.0101881,2.876,0.0258222,2.876,0.0257234,2.876,0.00903609,2.876,0.00923357
,,2.877,-0.000839797,2.877,0.0394156,2.877,0.00821324,2.877,0.00850947,2.877,0.00989185,2.877,0.00989185,2.877,0.025888,2.877,0.0261184,2.877,0.00900318,2.877,0.00897026
,,2.878,-0.000872742,2.878,0.040041,2.878,0.00890443,2.878,0.00870695,2.878,0.00989185,2.878,0.00966145,2.878,0.0259209,2.878,0.0260855,2.878,0.00897026,2.878,0.00916774
,,2.879,-0.000846386,2.879,0.0405018,2.879,0.00936523,2.879,0.00867404,2.879,0.00992477,2.879,0.00995768,2.879,0.0259538,2.879,0.0261842,2.879,0.00913483,2.879,0.0092994
,,2.88,-0.000852975,2.88,0.0390207,2.88,0.00827907,2.88,0.00847655,2.88,0.0097602,2.88,0.0103856,2.88,0.0259209,2.88,0.0261184,2.88,0.00903609,2.88,0.009069
,,2.881,-0.000846386,2.881,0.0394486,2.881,0.00867404,2.881,0.00791702,2.881,0.00979311,2.881,0.0104514,2.881,0.0259209,2.881,0.0257893,2.881,0.00903609,2.881,0.00837781
,,2.882,-0.000852975,2.882,0.0398106,2.882,0.00890443,2.882,0.00798284,2.882,0.00982602,2.882,0.00847655,2.882,0.0259209,2.882,0.0265134,2.882,0.00900318,2.882,0.00926649
,,2.883,-0.000859564,2.883,0.0403701,2.883,0.00893735,2.883,0.00841072,2.883,0.00966145,2.883,0.00903609,2.883,0.025888,2.883,0.0263817,2.883,0.00900318,2.883,0.00939814
,,2.884,-0.000859564,2.884,0.038132,2.884,0.00804867,2.884,0.00821324,2.884,0.00982602,2.884,0.00966145,2.884,0.0259538,2.884,0.0258222,2.884,0.00900318,2.884,0.00910192
,,2.885,-0.000859564,2.885,0.0396131,2.885,0.00818033,2.885,0.00821324,2.885,0.00982602,2.885,0.010221,2.885,0.0260197,2.885,0.0262172,2.885,0.00900318,2.885,0.00844364
,,2.886,-0.000852975,2.886,0.0399423,2.886,0.00893735,2.886,0.00860821,2.886,0.00982602,2.886,0.0100235,2.886,0.0260855,2.886,0.026283,2.886,0.00903609,2.886,0.00949688
,,2.887,-0.000839797,2.887,0.0403043,2.887,0.00926649,2.887,0.00897026,2.887,0.00982602,2.887,0.0105501,2.887,0.0260197,2.887,0.0265792,2.887,0.00900318,2.887,0.00903609
,,2.888,-0.000852975,2.888,0.0394156,2.888,0.00778536,2.888,0.00897026,2.888,0.00989185,2.888,0.0095298,2.888,0.0259209,2.888,0.0256247,2.888,0.00900318,2.888,0.00923357
,,2.889,-0.00082003,2.889,0.0398106,2.889,0.00913483,2.889,0.00794993,2.889,0.00999059,2.889,0.00969437,2.889,0.0258551,2.889,0.0260855,2.889,0.009069,2.889,0.00873986
,,2.89,-0.000839797,2.89,0.0401727,2.89,0.00920066,2.89,0.00827907,2.89,0.00979311,2.89,0.00989185,2.89,0.0257893,2.89,0.0260197,2.89,0.009069,2.89,0.009069
,,2.891,-0.000859564,2.891,0.0393827,2.891,0.00781827,2.891,0.00860821,2.891,0.00972728,2.891,0.0102868,2.891,0.0258222,2.891,0.0261184,2.891,0.00910192,2.891,0.00910192
,,2.892,-0.000826619,2.892,0.0394486,2.892,0.00844364,2.892,0.00870695,2.892,0.0097602,2.892,0.00936523,2.892,0.025888,2.892,0.0254601,2.892,0.009069,2.892,0.00794993
,,2.893,-0.000852975,2.893,0.0395144,2.893,0.00916774,2.893,0.00804867,2.893,0.00985894,2.893,0.00962854,2.893,0.0259209,2.893,0.0259538,2.893,0.009069,2.893,0.00873986
,,2.894,-0.000859564,2.894,0.0400739,2.894,0.00972728,2.894,0.00867404,2.894,0.00982602,2.894,0.00982602,2.894,0.0259209,2.894,0.0259209,2.894,0.00910192,2.894,0.00903609
,,2.895,-0.000846386,2.895,0.0390865,2.895,0.00847655,2.895,0.00854238,2.895,0.00992477,2.895,0.00989185,2.895,0.0259209,2.895,0.0265463,2.895,0.00900318,2.895,0.0092994
,,2.896,-0.000839797,2.896,0.0393827,2.896,0.00893735,2.896,0.00873986,2.896,0.00982602,2.896,0.0105501,2.896,0.0259209,2.896,0.0257234,2.896,0.00903609,2.896,0.00910192
,,2.897,-0.000852975,2.897,0.0401727,2.897,0.00916774,2.897,0.00887152,2.897,0.00972728,2.897,0.00989185,2.897,0.0259538,2.897,0.0261184,2.897,0.009069,2.897,0.00897026
,,2.898,-0.00082003,2.898,0.0402056,2.898,0.00887152,2.898,0.00883861,2.898,0.0097602,2.898,0.00913483,2.898,0.0259209,2.898,0.0262501,2.898,0.00900318,2.898,0.00923357
,,2.899,-0.000852975,2.899,0.0389219,2.899,0.00847655,2.899,0.00887152,2.899,0.00959563,2.899,0.00939814,2.899,0.0258551,2.899,0.0263488,2.899,0.00897026,2.899,0.00979311
,,2.9,-0.000859564,2.9,0.0399752,2.9,0.00873986,2.9,0.0076537,2.9,0.00959563,2.9,0.00943106,2.9,0.0259209,2.9,0.0262501,2.9,0.00900318,2.9,0.00939814
,,2.901,-0.000839797,2.901,0.0398435,2.901,0.00827907,2.901,0.00883861,2.901,0.0097602,2.901,0.0101222,2.901,0.0259538,2.901,0.0263817,2.901,0.00900318,2.901,0.00850947
,,2.902,-0.000852975,2.902,0.0396131,2.902,0.00854238,2.902,0.00870695,2.902,0.00985894,2.902,0.0103526,2.902,0.0259209,2.902,0.0262501,2.902,0.00900318,2.902,0.00880569
,,2.903,-0.000826619,2.903,0.0394815,2.903,0.00913483,2.903,0.00873986,2.903,0.00992477,2.903,0.00982602,2.903,0.0260197,2.903,0.0265463,2.903,0.009069,2.903,0.00926649
,,2.904,-0.000833208,2.904,0.0399093,2.904,0.00903609,2.904,0.0078841,2.904,0.00982602,2.904,0.00979311,2.904,0.0260197,2.904,0.0257893,2.904,0.00900318,2.904,0.00939814
,,2.905,-0.000859564,2.905,0.0403372,2.905,0.00903609,2.905,0.00870695,2.905,0.00985894,2.905,0.0101552,2.905,0.0259209,2.905,0.0257234,2.905,0.00900318,2.905,0.00972728
,,2.906,-0.000859564,2.906,0.0388232,2.906,0.00785119,2.906,0.00821324,2.906,0.00992477,2.906,0.0103197,2.906,0.0257893,2.906,0.0258551,2.906,0.00903609,2.906,0.00933231
,,2.907,-0.000859564,2.907,0.0392182,2.907,0.00870695,2.907,0.00867404,2.907,0.00979311,2.907,0.0095298,2.907,0.0257893,2.907,0.0261842,2.907,0.00903609,2.907,0.0081145
,,2.908,-0.000866153,2.908,0.0401397,2.908,0.009069,2.908,0.0083449,2.908,0.00972728,2.908,0.00995768,2.908,0.0258551,2.908,0.0256247,2.908,0.00903609,2.908,0.00860821
,,2.909,-0.000866153,2.909,0.0398435,2.909,0.00870695,2.909,0.00860821,2.909,0.00979311,2.909,0.0103856,2.909,0.025888,2.909,0.025888,2.909,0.00910192,2.909,0.00893735
,,2.91,-0.000846386,2.91,0.0382636,2.91,0.00841072,2.91,0.00883861,2.91,0.00989185,2.91,0.0100564,2.91,0.0259209,2.91,0.025888,2.91,0.00903609,2.91,0.00883861
,,2.911,-0.000846386,2.911,0.0396789,2.911,0.00887152,2.911,0.00910192,2.911,0.00989185,2.911,0.00887152,2.911,0.0259209,2.911,0.0259868,2.911,0.009069,2.911,0.00956271
,,2.912,-0.000839797,2.912,0.0399423,2.912,0.00870695,2.912,0.00824615,2.912,0.00989185,2.912,0.0101552,2.912,0.0259868,2.912,0.0253614,2.912,0.00903609,2.912,0.00933231
,,2.913,-0.000859564,2.913,0.0399093,2.913,0.00831198,2.913,0.00860821,2.913,0.00985894,2.913,0.00982602,2.913,0.0259209,2.913,0.0260197,2.913,0.009069,2.913,0.00841072
,,2.914,-0.000859564,2.914,0.0390865,2.914,0.00850947,2.914,0.00860821,2.914,0.00979311,2.914,0.0100893,2.914,0.025888,2.914,0.0260526,2.914,0.00903609,2.914,0.00844364
,,2.915,-0.000839797,2.915,0.0397448,2.915,0.00873986,2.915,0.00844364,2.915,0.0097602,2.915,0.0095298,2.915,0.0259209,2.915,0.0264146,2.915,0.00900318,2.915,0.00936523
,,2.916,-0.000859564,2.916,0.0401397,2.916,0.00893735,2.916,0.0083449,2.916,0.00969437,2.916,0.00949688,2.916,0.0258551,2.916,0.0254601,2.916,0.00897026,2.916,0.00910192
,,2.917,-0.000833208,2.917,0.0391194,2.917,0.00778536,2.917,0.00860821,2.917,0.00956271,2.917,0.00969437,2.917,0.0259538,2.917,0.0261184,2.917,0.00900318,2.917,0.00923357
,,2.918,-0.000846386,2.918,0.0389548,2.918,0.00873986,2.918,0.00847655,2.918,0.0097602,2.918,0.0101552,2.918,0.0259868,2.918,0.026645,2.918,0.00897026,2.918,0.00936523
,,2.919,-0.000846386,2.919,0.0400081,2.919,0.00867404,2.919,0.00771953,2.919,0.00979311,2.919,0.00969437,2.919,0.0259538,2.919,0.0263488,2.919,0.00900318,2.919,0.00890443
,,2.92,-0.000866153,2.92,0.0402385,2.92,0.00897026,2.92,0.00857529,2.92,0.00982602,2.92,0.00962854,2.92,0.0260526,2.92,0.0257234,2.92,0.00897026,2.92,0.00857529
,,2.921,-0.000846386,2.921,0.0384282,2.921,0.00818033,2.921,0.00887152,2.921,0.00979311,2.921,0.010583,2.921,0.0259868,2.921,0.0261184,2.921,0.00900318,2.921,0.00887152
,,2.922,-0.000846386,2.922,0.0398435,2.922,0.00897026,2.922,0.00847655,2.922,0.00979311,2.922,0.00972728,2.922,0.0259209,2.922,0.0259868,2.922,0.00903609,2.922,0.00900318
,,2.923,-0.000872742,2.923,0.0399423,2.923,0.00877278,2.923,0.00850947,2.923,0.00985894,2.923,0.00943106,2.923,0.0258551,2.923,0.0259538,2.923,0.00900318,2.923,0.00962854
,,2.924,-0.000866153,2.924,0.0404689,2.924,0.00847655,2.924,0.00860821,2.924,0.00969437,2.924,0.00949688,2.924,0.0258551,2.924,0.0251968,2.924,0.009069,2.924,0.00854238
,,2.925,-0.000852975,2.925,0.0393169,2.925,0.00870695,2.925,0.00841072,2.925,0.0097602,2.925,0.0108134,2.925,0.025888,2.925,0.025526,2.925,0.00903609,2.925,0.00850947
,,2.926,-0.000833208,2.926,0.0394156,2.926,0.00890443,2.926,0.00827907,2.926,0.00985894,2.926,0.00999059,2.926,0.0259209,2.926,0.0262172,2.926,0.009069,2.926,0.00890443
,,2.927,-0.000846386,2.927,0.0399423,2.927,0.00900318,2.927,0.00873986,2.927,0.00982602,2.927,0.00916774,2.927,0.0259538,2.927,0.0260855,2.927,0.00900318,2.927,0.00969437
,,2.928,-0.000852975,2.928,0.038527,2.928,0.00722582,2.928,0.00873986,2.928,0.00989185,2.928,0.0101552,2.928,0.025888,2.928,0.0247031,2.928,0.009069,2.928,0.009069
,,2.929,-0.000852975,2.929,0.0398106,2.929,0.00877278,2.929,0.0083449,2.929,0.00979311,2.929,0.0101222,2.929,0.0259209,2.929,0.0264146,2.929,0.00903609,2.929,0.00890443
,,2.93,-0.000859564,2.93,0.0397448,2.93,0.00897026,2.93,0.00824615,2.93,0.00979311,2.93,0.0095298,2.93,0.0259868,2.93,0.0263488,2.93,0.009069,2.93,0.00847655
,,2.931,-0.000872742,2.931,0.0401727,2.931,0.00890443,2.931,0.00877278,2.931,0.010221,2.931,0.00943106,2.931,0.0259868,2.931,0.0265792,2.931,0.00897026,2.931,0.00916774
,,2.932,-0.000846386,2.932,0.0386257,2.932,0.00877278,2.932,0.00873986,2.932,0.00959563,2.932,0.00943106,2.932,0.025888,2.932,0.0250652,2.932,0.00900318,2.932,0.0092994
,,2.933,-0.000859564,2.933,0.0399752,2.933,0.00867404,2.933,0.00857529,2.933,0.00956271,2.933,0.00972728,2.933,0.025888,2.933,0.0260526,2.933,0.00900318,2.933,0.00926649
,,2.934,-0.000852975,2.934,0.039646,2.934,0.00873986,2.934,0.00798284,2.934,0.00962854,2.934,0.0095298,2.934,0.0259538,2.934,0.0264146,2.934,0.00900318,2.934,0.009069
,,2.935,-0.000839797,2.935,0.0399093,2.935,0.0078841,2.935,0.00897026,2.935,0.00966145,2.935,0.00966145,2.935,0.0259868,2.935,0.026645,2.935,0.00900318,2.935,0.00962854
,,2.936,-0.000872742,2.936,0.0390536,2.936,0.00837781,2.936,0.00854238,2.936,0.00979311,2.936,0.0101552,2.936,0.0260855,2.936,0.0252627,2.936,0.00900318,2.936,0.00814741
,,2.937,-0.000846386,2.937,0.0398764,2.937,0.00890443,2.937,0.00873986,2.937,0.00982602,2.937,0.0100564,2.937,0.0259868,2.937,0.0259868,2.937,0.00893735,2.937,0.0095298
,,2.938,-0.000846386,2.938,0.0402056,2.938,0.00890443,2.938,0.00854238,2.938,0.00985894,2.938,0.00933231,2.938,0.0259538,2.938,0.0259868,2.938,0.00900318,2.938,0.00903609
,,2.939,-0.000866153,2.939,0.0384611,2.939,0.00913483,2.939,0.00847655,2.939,0.00985894,2.939,0.00982602,2.939,0.0258551,2.939,0.0261184,2.939,0.00903609,2.939,0.00913483
,,2.94,-0.000852975,2.94,0.0397448,2.94,0.00781827,2.94,0.00893735,2.94,0.00982602,2.94,0.00995768,2.94,0.0257893,2.94,0.0250981,2.94,0.00900318,2.94,0.00926649
,,2.941,-0.000872742,2.941,0.0403372,2.941,0.00808159,2.941,0.0081145,2.941,0.00969437,2.941,0.00985894,2.941,0.0257564,2.941,0.0257234,2.941,0.009069,2.941,0.00939814
,,2.942,-0.000872742,2.942,0.0404031,2.942,0.0083449,2.942,0.00808159,2.942,0.00966145,2.942,0.00887152,2.942,0.0257893,2.942,0.0260855,2.942,0.00903609,2.942,0.00864112
,,2.943,-0.000852975,2.943,0.0385928,2.943,0.00900318,2.943,0.00877278,2.943,0.00959563,2.943,0.00939814,2.943,0.0258551,2.943,0.0265134,2.943,0.009069,2.943,0.00877278
,,2.944,-0.000833208,2.944,0.0391852,2.944,0.00887152,2.944,0.00844364,2.944,0.00982602,2.944,0.00992477,2.944,0.0258222,2.944,0.0263488,2.944,0.00903609,2.944,0.00923357
,,2.945,-0.000872742,2.945,0.0399423,2.945,0.00794993,2.945,0.00794993,2.945,0.00985894,2.945,0.0103197,2.945,0.025888,2.945,0.0263159,2.945,0.00903609,2.945,0.00910192
,,2.946,-0.000859564,2.946,0.0405018,2.946,0.00791702,2.946,0.00831198,2.946,0.00979311,2.946,0.0092994,2.946,0.025888,2.946,0.0250323,2.946,0.009069,2.946,0.009069
,,2.947,-0.000859564,2.947,0.0404689,2.947,0.00857529,2.947,0.00910192,2.947,0.00969437,2.947,0.00946397,2.947,0.0259209,2.947,0.025888,2.947,0.00903609,2.947,0.00943106
,,2.948,-0.000859564,2.948,0.0387903,2.948,0.0083449,2.948,0.00890443,2.948,0.00966145,2.948,0.0100235,2.948,0.0258222,2.948,0.0258222,2.948,0.00900318,2.948,0.00841072
,,2.949,-0.000859564,2.949,0.0388561,2.949,0.00887152,2.949,0.00818033,2.949,0.00962854,2.949,0.0101552,2.949,0.0258222,2.949,0.0259538,2.949,0.00900318,2.949,0.00841072
,,2.95,-0.000859564,2.95,0.0396131,2.95,0.009069,2.95,0.00798284,2.95,0.00962854,2.95,0.00936523,2.95,0.0258222,2.95,0.0262172,2.95,0.00900318,2.95,0.009069
,,2.951,-0.000859564,2.951,0.0398764,2.951,0.00768662,2.951,0.00824615,2.951,0.00966145,2.951,0.00939814,2.951,0.025888,2.951,0.0267767,2.951,0.00900318,2.951,0.00949688
,,2.952,-0.000852975,2.952,0.0398764,2.952,0.00808159,2.952,0.00864112,2.952,0.00982602,2.952,0.00989185,2.952,0.0259538,2.952,0.0254272,2.952,0.00903609,2.952,0.00890443
,,2.953,-0.000852975,2.953,0.040041,2.953,0.00827907,2.953,0.00850947,2.953,0.00972728,2.953,0.00985894,2.953,0.0259868,2.953,0.0265463,2.953,0.00903609,2.953,0.00877278
,,2.954,-0.000852975,2.954,0.0380662,2.954,0.00900318,2.954,0.00893735,2.954,0.00985894,2.954,0.00903609,2.954,0.0259538,2.954,0.0257234,2.954,0.00900318,2.954,0.00890443
,,2.955,-0.000859564,2.955,0.038889,2.955,0.00883861,2.955,0.00794993,2.955,0.0097602,2.955,0.00966145,2.955,0.025888,2.955,0.0266121,2.955,0.00900318,2.955,0.00903609
,,2.956,-0.000852975,2.956,0.0395473,2.956,0.00814741,2.956,0.00791702,2.956,0.00985894,2.956,0.0104843,2.956,0.0257564,2.956,0.026283,2.956,0.00900318,2.956,0.00890443
,,2.957,-0.000833208,2.957,0.0399752,2.957,0.00801576,2.957,0.00870695,2.957,0.00972728,2.957,0.010221,2.957,0.0257234,2.957,0.0260197,2.957,0.00903609,2.957,0.00893735
,,2.958,-0.000866153,2.958,0.0400739,2.958,0.00847655,2.958,0.00854238,2.958,0.00966145,2.958,0.0092994,2.958,0.0257564,2.958,0.0248677,2.958,0.009069,2.958,0.00962854
,,2.959,-0.000839797,2.959,0.0391194,2.959,0.00916774,2.959,0.00890443,2.959,0.00979311,2.959,0.00999059,2.959,0.0257893,2.959,0.0252956,2.959,0.00913483,2.959,0.0092994
,,2.96,-0.000872742,2.96,0.0392182,2.96,0.00873986,2.96,0.00804867,2.96,0.0097602,2.96,0.0101222,2.96,0.0258551,2.96,0.0260526,2.96,0.00903609,2.96,0.00910192
,,2.961,-0.000852975,2.961,0.0396789,2.961,0.00794993,2.961,0.00801576,2.961,0.00985894,2.961,0.0101222,2.961,0.0258551,2.961,0.0265134,2.961,0.00903609,2.961,0.00854238
,,2.962,-0.000839797,2.962,0.0398435,2.962,0.0083449,2.962,0.00824615,2.962,0.00989185,2.962,0.00910192,2.962,0.0258222,2.962,0.0264805,2.962,0.009069,2.962,0.00893735
,,2.963,-0.000859564,2.963,0.0400739,2.963,0.00910192,2.963,0.00831198,2.963,0.00966145,2.963,0.00949688,2.963,0.0259209,2.963,0.026645,2.963,0.009069,2.963,0.00943106
,,2.964,-0.000859564,2.964,0.0400739,2.964,0.00880569,2.964,0.00860821,2.964,0.00969437,2.964,0.00972728,2.964,0.0259209,2.964,0.0251968,2.964,0.00900318,2.964,0.00910192
,,2.965,-0.000859564,2.965,0.038527,2.965,0.00933231,2.965,0.00890443,2.965,0.00962854,2.965,0.010221,2.965,0.0258551,2.965,0.0255918,2.965,0.00900318,2.965,0.00969437
,,2.966,-0.000846386,2.966,0.0391523,2.966,0.00844364,2.966,0.00801576,2.966,0.0095298,2.966,0.00969437,2.966,0.0257893,2.966,0.0259868,2.966,0.00900318,2.966,0.00979311
,,2.967,-0.000866153,2.967,0.0398764,2.967,0.00847655,2.967,0.00824615,2.967,0.00946397,2.967,0.00864112,2.967,0.025888,2.967,0.0263159,2.967,0.00900318,2.967,0.0081145
,,2.968,-0.000872742,2.968,0.0394815,2.968,0.00850947,2.968,0.00867404,2.968,0.00966145,2.968,0.009069,2.968,0.0259868,2.968,0.0262501,2.968,0.00900318,2.968,0.00873986
,,2.969,-0.000846386,2.969,0.0383624,2.969,0.00877278,2.969,0.00873986,2.969,0.00969437,2.969,0.00985894,2.969,0.0259538,2.969,0.0256247,2.969,0.00900318,2.969,0.009069
,,2.97,-0.000852975,2.97,0.0387574,2.97,0.00873986,2.97,0.00857529,2.97,0.00966145,2.97,0.00972728,2.97,0.0260526,2.97,0.0261513,2.97,0.00900318,2.97,0.00962854
,,2.971,-0.000859564,2.971,0.039646,2.971,0.00739039,2.971,0.0081145,2.971,0.0097602,2.971,0.0101552,2.971,0.0260197,2.971,0.0260197,2.971,0.00900318,2.971,0.00979311
,,2.972,-0.000866153,2.972,0.0399752,2.972,0.00870695,2.972,0.00818033,2.972,0.0097602,2.972,0.00985894,2.972,0.0259538,2.972,0.0259209,2.972,0.00897026,2.972,0.00936523
,,2.973,-0.000839797,2.973,0.0402056,2.973,0.00877278,2.973,0.00847655,2.973,0.00972728,2.973,0.00979311,2.973,0.0258222,2.973,0.0253614,2.973,0.00900318,2.973,0.00860821
,,2.974,-0.000833208,2.974,0.0393498,2.974,0.00890443,2.974,0.00860821,2.974,0.00966145,2.974,0.00893735,2.974,0.0257893,2.974,0.0259538,2.974,0.009069,2.974,0.009069
,,2.975,-0.000846386,2.975,0.0386915,2.975,0.00877278,2.975,0.00890443,2.975,0.00972728,2.975,0.0100235,2.975,0.025888,2.975,0.0261184,2.975,0.009069,2.975,0.00939814
,,2.976,-0.000859564,2.976,0.0395144,2.976,0.00762079,2.976,0.00798284,2.976,0.00972728,2.976,0.00999059,2.976,0.0258551,2.976,0.0261513,2.976,0.009069,2.976,0.00923357
,,2.977,-0.000852975,2.977,0.039646,2.977,0.00827907,2.977,0.00854238,2.977,0.00972728,2.977,0.00999059,2.977,0.0259868,2.977,0.0260526,2.977,0.00903609,2.977,0.00883861
,,2.978,-0.000852975,2.978,0.0400081,2.978,0.00860821,2.978,0.00857529,2.978,0.0097602,2.978,0.00982602,2.978,0.0258551,2.978,0.0256905,2.978,0.00900318,2.978,0.00923357
,,2.979,-0.000866153,2.979,0.0402056,2.979,0.00814741,2.979,0.00870695,2.979,0.0097602,2.979,0.00883861,2.979,0.0259538,2.979,0.0264146,2.979,0.00903609,2.979,0.00824615
,,2.98,-0.000852975,2.98,0.0387574,2.98,0.00857529,2.98,0.00778536,2.98,0.00966145,2.98,0.00943106,2.98,0.0259538,2.98,0.026283,2.98,0.00900318,2.98,0.00883861
,,2.981,-0.000852975,2.981,0.0395802,2.981,0.00943106,2.981,0.00883861,2.981,0.00966145,2.981,0.00959563,2.981,0.025888,2.981,0.0249335,2.981,0.00897026,2.981,0.00877278
,,2.982,-0.000852975,2.982,0.039646,2.982,0.00801576,2.982,0.00844364,2.982,0.00956271,2.982,0.0101552,2.982,0.0259209,2.982,0.025526,2.982,0.00897026,2.982,0.00910192
,,2.983,-0.000872742,2.983,0.0399093,2.983,0.00860821,2.983,0.00847655,2.983,0.00956271,2.983,0.00972728,2.983,0.0258551,2.983,0.0262501,2.983,0.00893735,2.983,0.00956271
,,2.984,-0.000846386,2.984,0.0402385,2.984,0.00837781,2.984,0.00831198,2.984,0.0095298,2.984,0.00992477,2.984,0.0259209,2.984,0.0264476,2.984,0.00903609,2.984,0.00887152
,,2.985,-0.000859564,2.985,0.0385928,2.985,0.00883861,2.985,0.00877278,2.985,0.00972728,2.985,0.00903609,2.985,0.0259868,2.985,0.0256247,2.985,0.00897026,2.985,0.00864112
,,2.986,-0.000833208,2.986,0.0389548,2.986,0.00890443,2.986,0.00867404,2.986,0.00966145,2.986,0.00936523,2.986,0.0260197,2.986,0.0252627,2.986,0.00897026,2.986,0.0083449
,,2.987,-0.000872742,2.987,0.0398435,2.987,0.00804867,2.987,0.00831198,2.987,0.00972728,2.987,0.00985894,2.987,0.0260197,2.987,0.0259538,2.987,0.00900318,2.987,0.00910192
,,2.988,-0.000852975,2.988,0.0399423,2.988,0.00814741,2.988,0.0083449,2.988,0.00972728,2.988,0.00985894,2.988,0.0259538,2.988,0.0262501,2.988,0.00893735,2.988,0.0092994
,,2.989,-0.000839797,2.989,0.0402056,2.989,0.00880569,2.989,0.00870695,2.989,0.00982602,2.989,0.00979311,2.989,0.0258551,2.989,0.0253614,2.989,0.00900318,2.989,0.00916774
,,2.99,-0.000852975,2.99,0.0395802,2.99,0.00900318,2.99,0.00870695,2.99,0.00969437,2.99,0.0100235,2.99,0.0257893,2.99,0.0253943,2.99,0.00903609,2.99,0.009069
,,2.991,-0.000852975,2.991,0.0387574,2.991,0.00880569,2.991,0.00801576,2.991,0.00966145,2.991,0.009069,2.991,0.0258222,2.991,0.0258551,2.991,0.00903609,2.991,0.0083449
,,2.992,-0.000852975,2.992,0.039284,2.992,0.00844364,2.992,0.00824615,2.992,0.00969437,2.992,0.00969437,2.992,0.0258551,2.992,0.0256576,2.992,0.009069,2.992,0.0083449
,,2.993,-0.000833208,2.993,0.0396131,2.993,0.00762079,2.993,0.00890443,2.993,0.00969437,2.993,0.0103197,2.993,0.0258222,2.993,0.0252297,2.993,0.009069,2.993,0.00864112
,,2.994,-0.000846386,2.994,0.0400739,2.994,0.00893735,2.994,0.00893735,2.994,0.00982602,2.994,0.0100235,2.994,0.0259209,2.994,0.0258222,2.994,0.009069,2.994,0.00936523
,,2.995,-0.000852975,2.995,0.0402056,2.995,0.00841072,2.995,0.00844364,2.995,0.00972728,2.995,0.00867404,2.995,0.0259209,2.995,0.0261513,2.995,0.00903609,2.995,0.0092994
,,2.996,-0.000852975,2.996,0.0380991,2.996,0.00847655,2.996,0.00890443,2.996,0.00972728,2.996,0.00969437,2.996,0.0259538,2.996,0.0264146,2.996,0.00903609,2.996,0.00946397
,,2.997,-0.000859564,2.997,0.0387903,2.997,0.00824615,2.997,0.00903609,2.997,0.0097602,2.997,0.00999059,2.997,0.0259538,2.997,0.026678,2.997,0.00897026,2.997,0.00887152
,,2.998,-0.000859564,2.998,0.0394486,2.998,0.00791702,2.998,0.00883861,2.998,0.00969437,2.998,0.00969437,2.998,0.0258551,2.998,0.0253285,2.998,0.00900318,2.998,0.00831198
,,2.999,-0.000859564,2.999,0.0399093,2.999,0.00824615,2.999,0.00824615,2.999,0.0095298,2.999,0.00880569,2.999,0.0258222,2.999,0.0259868,2.999,0.00897026,2.999,0.00870695
