Time - Voltage,Amplitude - Voltage,Time - Voltage (FFT - (Peak)),Amplitude - Voltage (FFT - (Peak)),Time - Voltage,Amplitude - Voltage,Time - Voltage (FFT - (Peak)),Amplitude - Voltage (FFT - (Peak)),Time - Voltage,Amplitude - Voltage,Time - Voltage (FFT - (Peak)),Amplitude - Voltage (FFT - (Peak)),Time - Voltage,Amplitude - Voltage,Time - Voltage (FFT - (Peak)),Amplitude - Voltage (FFT - (Peak))
0,-0.00303712,0,0.0036591,0,-0.00303712,0,0.00380653,0,-0.00402418,0,0.00412772,0,-0.00369516,0,0.00391427
0.001,-0.0027081,0.25,0.00248926,0.001,-0.0027081,0.25,0.00277308,0.001,-0.00369516,0.25,0.00301049,0.001,-0.00336614,0.25,0.00284933
0.002,-0.00303712,0.5,5.37E-05,0.002,-0.00303712,0.5,0.00014633,0.002,-0.00369516,0.5,0.000124944,0.002,-0.00303712,0.5,0.000129389
0.003,-0.0027081,0.75,6.04E-05,0.003,-0.0027081,0.75,9.78E-05,0.003,-0.00369516,0.75,8.87E-05,0.003,-0.00303712,0.75,8.74E-05
0.004,-0.00303712,1,5.42E-05,0.004,-0.00336614,1,5.02E-05,0.004,-0.00402418,1,8.95E-05,0.004,-0.00303712,1,5.12E-05
0.005,-0.00336614,1.25,8.98E-05,0.005,-0.00303712,1.25,7.68E-05,0.005,-0.00369516,1.25,0.00010309,0.005,-0.0027081,1.25,6.36E-05
0.006,-0.00336614,1.5,8.12E-05,0.006,-0.00303712,1.5,0.000103245,0.006,-0.00402418,1.5,7.50E-05,0.006,-0.00303712,1.5,6.22E-05
0.007,-0.00303712,1.75,7.06E-05,0.007,-0.00303712,1.75,9.72E-05,0.007,-0.00336614,1.75,4.06E-05,0.007,-0.00237908,1.75,5.47E-05
0.008,-0.00303712,2,2.75E-05,0.008,-0.00303712,2,7.15E-05,0.008,-0.00336614,2,2.94E-05,0.008,-0.0027081,2,3.45E-05
0.009,-0.0027081,2.25,3.85E-05,0.009,-0.00303712,2.25,7.91E-05,0.009,-0.00369516,2.25,2.80E-05,0.009,-0.0027081,2.25,4.13E-05
0.01,-0.00369516,2.5,6.16E-05,0.01,-0.00336614,2.5,9.11E-05,0.01,-0.00336614,2.5,2.99E-05,0.01,-0.00303712,2.5,2.87E-05
0.011,-0.00336614,2.75,8.76E-05,0.011,-0.0027081,2.75,7.73E-05,0.011,-0.00369516,2.75,7.90E-05,0.011,-0.00303712,2.75,2.49E-05
0.012,-0.0027081,3,7.37E-05,0.012,-0.00303712,3,1.89E-05,0.012,-0.0027081,3,0.00014628,0.012,-0.00303712,3,4.44E-05
0.013,-0.00237908,3.25,5.40E-05,0.013,-0.0027081,3.25,9.17E-05,0.013,-0.00369516,3.25,0.000154708,0.013,-0.00303712,3.25,2.45E-05
0.014,-0.0027081,3.5,4.64E-05,0.014,-0.00303712,3.5,0.00016486,0.014,-0.00369516,3.5,0.000133559,0.014,-0.0027081,3.5,3.28E-05
0.015,-0.00205007,3.75,2.42E-05,0.015,-0.0027081,3.75,0.000218557,0.015,-0.00402418,3.75,9.86E-05,0.015,-0.00336614,3.75,4.05E-05
0.016,-0.0027081,4,7.40E-05,0.016,-0.0027081,4,0.000244892,0.016,-0.00369516,4,7.93E-05,0.016,-0.00336614,4,4.12E-05
0.017,-0.00237908,4.25,9.32E-05,0.017,-0.0027081,4.25,0.000160373,0.017,-0.0043532,4.25,0.000102066,0.017,-0.00336614,4.25,2.33E-05
0.018,-0.0027081,4.5,8.72E-05,0.018,-0.00336614,4.5,0.000107437,0.018,-0.00369516,4.5,0.000118966,0.018,-0.00237908,4.5,0.00010735
0.019,-0.00237908,4.75,6.11E-05,0.019,-0.00303712,4.75,7.70E-05,0.019,-0.00402418,4.75,4.34E-05,0.019,-0.00303712,4.75,0.000108794
0.02,-0.00237908,5,7.25E-05,0.02,-0.0027081,5,0.000119277,0.02,-0.00402418,5,9.41E-05,0.02,-0.00237908,5,5.72E-05
0.021,-0.00237908,5.25,7.54E-05,0.021,-0.00336614,5.25,0.000162392,0.021,-0.00369516,5.25,0.000111262,0.021,-0.00303712,5.25,8.84E-05
0.022,-0.00237908,5.5,4.56E-05,0.022,-0.00237908,5.5,0.000199863,0.022,-0.00336614,5.5,0.00013665,0.022,-0.00237908,5.5,6.41E-05
0.023,-0.0027081,5.75,2.02E-05,0.023,-0.00303712,5.75,0.000241977,0.023,-0.00369516,5.75,0.000122104,0.023,-0.0027081,5.75,8.03E-05
0.024,-0.0027081,6,5.51E-05,0.024,-0.00336614,6,0.000297166,0.024,-0.00303712,6,7.13E-05,0.024,-0.0027081,6,7.34E-05
0.025,-0.00237908,6.25,5.36E-05,0.025,-0.0027081,6.25,0.000334877,0.025,-0.00336614,6.25,4.37E-05,0.025,-0.00237908,6.25,8.57E-05
0.026,-0.0027081,6.5,3.58E-05,0.026,-0.0027081,6.5,0.00031724,0.026,-0.00369516,6.5,0.000100808,0.026,-0.0027081,6.5,8.84E-05
0.027,-0.0027081,6.75,9.21E-06,0.027,-0.0027081,6.75,0.000307871,0.027,-0.00336614,6.75,0.000140508,0.027,-0.00237908,6.75,9.25E-05
0.028,-0.0027081,7,3.47E-05,0.028,-0.0027081,7,0.000324715,0.028,-0.00303712,7,0.000185231,0.028,-0.00237908,7,9.11E-05
0.029,-0.0027081,7.25,2.25E-05,0.029,-0.0027081,7.25,0.000316944,0.029,-0.00336614,7.25,0.000190343,0.029,-0.00303712,7.25,0.000100971
0.03,-0.0027081,7.5,5.03E-05,0.03,-0.00303712,7.5,0.000208322,0.03,-0.00336614,7.5,0.000195496,0.03,-0.00303712,7.5,0.000105228
0.031,-0.00237908,7.75,0.000117775,0.031,-0.0027081,7.75,0.000133859,0.031,-0.0027081,7.75,0.000198712,0.031,-0.00303712,7.75,0.000103697
0.032,-0.00237908,8,9.96E-05,0.032,-0.00303712,8,0.000216284,0.032,-0.00336614,8,0.000175667,0.032,-0.00336614,8,0.000139138
0.033,-0.00205007,8.25,3.30E-05,0.033,-0.0027081,8.25,0.00028523,0.033,-0.00369516,8.25,0.000152617,0.033,-0.0027081,8.25,0.000117691
0.034,-0.00205007,8.5,1.03E-04,0.034,-0.00237908,8.5,0.000275734,0.034,-0.00303712,8.5,0.000114612,0.034,-0.00303712,8.5,0.000129202
0.035,-0.00205007,8.75,1.73E-04,0.035,-0.00303712,8.75,0.000242862,0.035,-0.00402418,8.75,0.000107586,0.035,-0.00303712,8.75,9.98E-05
0.036,-0.00205007,9,1.72E-04,0.036,-0.00303712,9,0.000220964,0.036,-0.00336614,9,0.000165078,0.036,-0.00303712,9,0.000146217
0.037,-0.00237908,9.25,8.27E-05,0.037,-0.00303712,9.25,0.000270735,0.037,-0.00336614,9.25,0.000210447,0.037,-0.00303712,9.25,0.000123262
0.038,-0.0027081,9.5,8.19E-05,0.038,-0.00303712,9.5,0.000270241,0.038,-0.00336614,9.5,0.000187525,0.038,-0.00303712,9.5,0.000120825
0.039,-0.00303712,9.75,9.90E-05,0.039,-0.00303712,9.75,0.000184202,0.039,-0.00336614,9.75,0.00015857,0.039,-0.00303712,9.75,0.000145854
0.04,-0.00237908,10,9.48E-05,0.04,-0.00336614,10,0.00016003,0.04,-0.00303712,10,0.000166066,0.04,-0.0027081,10,0.000130558
0.041,-0.0027081,10.25,4.18E-05,0.041,-0.00303712,10.25,0.00011361,0.041,-0.00336614,10.25,0.000165609,0.041,-0.0027081,10.25,0.000149371
0.042,-0.00336614,10.5,4.97E-05,0.042,-0.00303712,10.5,0.00015567,0.042,-0.00336614,10.5,0.000206689,0.042,-0.00205007,10.5,0.000132997
0.043,-0.00303712,10.75,8.61E-05,0.043,-0.00303712,10.75,0.000273337,0.043,-0.00303712,10.75,0.000191707,0.043,-0.00205007,10.75,0.000148542
0.044,-0.0027081,11,1.18E-04,0.044,-0.00237908,11,0.000280831,0.044,-0.00369516,11,0.000147005,0.044,-0.00205007,11,0.00013551
0.045,-0.00237908,11.25,9.36E-05,0.045,-0.00237908,11.25,0.000171383,0.045,-0.00303712,11.25,0.000131304,0.045,-0.00237908,11.25,0.000180446
0.046,-0.0027081,11.5,6.09E-05,0.046,-0.00237908,11.5,0.000184167,0.046,-0.0027081,11.5,0.000185322,0.046,-0.0027081,11.5,0.00015753
0.047,-0.0027081,11.75,4.09E-05,0.047,-0.00237908,11.75,0.000290143,0.047,-0.00303712,11.75,0.00025731,0.047,-0.0027081,11.75,0.000135159
0.048,-0.0027081,12,4.87E-05,0.048,-0.00237908,12,0.000274273,0.048,-0.00303712,12,0.00031129,0.048,-0.0027081,12,0.000176445
0.049,-0.0027081,12.25,4.57E-06,0.049,-0.00237908,12.25,0.000238622,0.049,-0.00336614,12.25,0.000337464,0.049,-0.0027081,12.25,0.000220766
0.05,-0.00237908,12.5,0.00011495,0.05,-0.0027081,12.5,0.000438738,0.05,-0.00369516,12.5,0.000349988,0.05,-0.0027081,12.5,0.000266061
0.051,-0.0027081,12.75,0.000320984,0.051,-0.0027081,12.75,0.000642578,0.051,-0.00303712,12.75,0.000356803,0.051,-0.0027081,12.75,0.000312066
0.052,-0.00205007,13,0.000546214,0.052,-0.00237908,13,0.000820686,0.052,-0.00336614,13,0.000342361,0.052,-0.0027081,13,0.000363394
0.053,-0.00303712,13.25,0.000674207,0.053,-0.00237908,13.25,0.000899462,0.053,-0.00402418,13.25,0.000327114,0.053,-0.00237908,13.25,0.000391139
0.054,-0.00237908,13.5,0.000662865,0.054,-0.00303712,13.5,0.000718803,0.054,-0.00369516,13.5,0.000302442,0.054,-0.0027081,13.5,0.000282186
0.055,-0.0027081,13.75,0.000476141,0.055,-0.0027081,13.75,0.000319219,0.055,-0.00369516,13.75,0.000256701,0.055,-0.00303712,13.75,0.000137912
0.056,-0.0027081,14,0.000270668,0.056,-0.00303712,14,0.000271387,0.056,-0.00369516,14,0.000204785,0.056,-0.00237908,14,7.11E-05
0.057,-0.00336614,14.25,0.00013659,0.057,-0.00237908,14.25,0.000413091,0.057,-0.00369516,14.25,0.00014997,0.057,-0.00205007,14.25,0.00013562
0.058,-0.00336614,14.5,4.47E-05,0.058,-0.0027081,14.5,0.000428124,0.058,-0.00336614,14.5,0.000193115,0.058,-0.00237908,14.5,0.000157642
0.059,-0.00336614,14.75,9.53E-05,0.059,-0.00303712,14.75,0.000423966,0.059,-0.00303712,14.75,0.000280288,0.059,-0.00237908,14.75,0.000179363
0.06,-0.00303712,15,8.46E-05,0.06,-0.00237908,15,0.000450841,0.06,-0.00369516,15,0.000343679,0.06,-0.00205007,15,0.00020999
0.061,-0.00336614,15.25,0.000100831,0.061,-0.0027081,15.25,0.000449113,0.061,-0.00336614,15.25,0.000356542,0.061,-0.00205007,15.25,0.000191827
0.062,-0.0027081,15.5,0.00020294,0.062,-0.00237908,15.5,0.000574129,0.062,-0.00303712,15.5,0.000314325,0.062,-0.00237908,15.5,0.000231065
0.063,-0.00303712,15.75,0.00016109,0.063,-0.00205007,15.75,0.00070483,0.063,-0.00303712,15.75,0.000282787,0.063,-0.0027081,15.75,0.000233212
0.064,-0.0027081,16,8.36E-05,0.064,-0.0027081,16,0.00070885,0.064,-0.00303712,16,0.000298993,0.064,-0.0027081,16,0.000270025
0.065,-0.00237908,16.25,7.95E-05,0.065,-0.0027081,16.25,0.000581307,0.065,-0.00303712,16.25,0.000313409,0.065,-0.00237908,16.25,0.000262299
0.066,-0.00303712,16.5,0.00015437,0.066,-0.00237908,16.5,0.000582123,0.066,-0.00336614,16.5,0.000329074,0.066,-0.0027081,16.5,0.000280153
0.067,-0.00237908,16.75,0.000126411,0.067,-0.0027081,16.75,0.000626614,0.067,-0.00369516,16.75,0.000322803,0.067,-0.00237908,16.75,0.000281693
0.068,-0.00303712,17,5.19E-05,0.068,-0.0027081,17,0.000614688,0.068,-0.00369516,17,0.000304138,0.068,-0.0027081,17,0.000305446
0.069,-0.00336614,17.25,7.69E-05,0.069,-0.0027081,17.25,0.000629503,0.069,-0.00303712,17.25,0.000339953,0.069,-0.0027081,17.25,0.000293996
0.07,-0.00303712,17.5,0.000139002,0.07,-0.0027081,17.5,0.000688222,0.07,-0.00336614,17.5,0.000415859,0.07,-0.00303712,17.5,0.000313507
0.071,-0.00303712,17.75,0.000154889,0.071,-0.00336614,17.75,0.000646261,0.071,-0.00369516,17.75,0.000424666,0.071,-0.00237908,17.75,0.000321518
0.072,-0.00369516,18,0.000100237,0.072,-0.0027081,18,0.000690477,0.072,-0.00369516,18,0.00039489,0.072,-0.00237908,18,0.000333708
0.073,-0.00369516,18.25,5.54E-05,0.073,-0.00303712,18.25,0.000831952,0.073,-0.00369516,18.25,0.000370648,0.073,-0.00336614,18.25,0.000349216
0.074,-0.00369516,18.5,7.41E-05,0.074,-0.00303712,18.5,0.000911332,0.074,-0.00336614,18.5,0.000342527,0.074,-0.00237908,18.5,0.000357472
0.075,-0.00336614,18.75,0.000126662,0.075,-0.00336614,18.75,0.000861129,0.075,-0.00336614,18.75,0.000411094,0.075,-0.00205007,18.75,0.000373283
0.076,-0.00402418,19,0.000214536,0.076,-0.00303712,19,0.000783358,0.076,-0.00303712,19,0.000456918,0.076,-0.00205007,19,0.000384769
0.077,-0.00402418,19.25,0.000188998,0.077,-0.0027081,19.25,0.000768255,0.077,-0.0027081,19.25,0.000500711,0.077,-0.0027081,19.25,0.0004119
0.078,-0.00336614,19.5,6.22E-05,0.078,-0.00205007,19.5,0.000773325,0.078,-0.0027081,19.5,0.000540995,0.078,-0.00237908,19.5,0.000436905
0.079,-0.00369516,19.75,0.000153569,0.079,-0.00303712,19.75,0.000812364,0.079,-0.0027081,19.75,0.000563178,0.079,-0.00237908,19.75,0.000447546
0.08,-0.00369516,20,0.000207927,0.08,-0.00237908,20,0.00077597,0.08,-0.00303712,20,0.000570304,0.08,-0.0027081,20,0.000483567
0.081,-0.00369516,20.25,0.000182853,0.081,-0.00205007,20.25,0.000820002,0.081,-0.00336614,20.25,0.000569193,0.081,-0.00303712,20.25,0.00050424
0.082,-0.00303712,20.5,0.000168924,0.082,-0.00303712,20.5,0.000957081,0.082,-0.00336614,20.5,0.000544351,0.082,-0.00303712,20.5,0.000545235
0.083,-0.00369516,20.75,0.000131859,0.083,-0.0027081,20.75,0.000970604,0.083,-0.0027081,20.75,0.000514779,0.083,-0.0027081,20.75,0.000579573
0.084,-0.00303712,21,0.00012597,0.084,-0.00237908,21,0.00100227,0.084,-0.00336614,21,0.000536459,0.084,-0.00303712,21,0.000622425
0.085,-0.00336614,21.25,0.000215652,0.085,-0.00237908,21.25,0.00103339,0.085,-0.00402418,21.25,0.00064031,0.085,-0.0027081,21.25,0.000651198
0.086,-0.00369516,21.5,0.000236691,0.086,-0.00205007,21.5,0.00105985,0.086,-0.00369516,21.5,0.00071365,0.086,-0.00237908,21.5,0.000700516
0.087,-0.00369516,21.75,0.000169987,0.087,-0.0027081,21.75,0.00103161,0.087,-0.00303712,21.75,0.000758613,0.087,-0.0027081,21.75,0.000741157
0.088,-0.00336614,22,0.00015791,0.088,-0.0027081,22,0.00103459,0.088,-0.00303712,22,0.000793874,0.088,-0.0027081,22,0.000794568
0.089,-0.00369516,22.25,0.000265474,0.089,-0.0027081,22.25,0.00117671,0.089,-0.00303712,22.25,0.000824562,0.089,-0.00205007,22.25,0.000844941
0.09,-0.00402418,22.5,0.000249542,0.09,-0.00237908,22.5,0.00141166,0.09,-0.00303712,22.5,0.00091035,0.09,-0.00205007,22.5,0.000908509
0.091,-0.00402418,22.75,0.000213556,0.091,-0.0027081,22.75,0.0015861,0.091,-0.0027081,22.75,0.000939701,0.091,-0.00205007,22.75,0.000967942
0.092,-0.00402418,23,0.000316017,0.092,-0.0027081,23,0.00167616,0.092,-0.0027081,23,0.000964589,0.092,-0.00237908,23,0.00104833
0.093,-0.00402418,23.25,0.000386966,0.093,-0.00237908,23.25,0.00179337,0.093,-0.00336614,23.25,0.00101428,0.093,-0.00237908,23.25,0.00115013
0.094,-0.0043532,23.5,0.00043474,0.094,-0.00205007,23.5,0.00199685,0.094,-0.00303712,23.5,0.00118402,0.094,-0.0027081,23.5,0.00124579
0.095,-0.00402418,23.75,0.000437549,0.095,-0.00303712,23.75,0.00225583,0.095,-0.00303712,23.75,0.00137955,0.095,-0.0027081,23.75,0.00135757
0.096,-0.00369516,24,0.000470414,0.096,-0.00303712,24,0.00253565,0.096,-0.00303712,24,0.00154413,0.096,-0.00336614,24,0.00153311
0.097,-0.0043532,24.25,0.000584015,0.097,-0.00237908,24.25,0.00278012,0.097,-0.0027081,24.25,0.00168579,0.097,-0.00336614,24.25,0.00173142
0.098,-0.00369516,24.5,0.000709852,0.098,-0.00205007,24.5,0.00310383,0.098,-0.0027081,24.5,0.00186711,0.098,-0.00303712,24.5,0.0020124
0.099,-0.00369516,24.75,0.000835487,0.099,-0.00237908,24.75,0.00385396,0.099,-0.00303712,24.75,0.00218726,0.099,-0.00303712,24.75,0.00236381
0.1,-0.00369516,25,0.00118062,0.1,-0.00237908,25,0.00482555,0.1,-0.00336614,25,0.00257529,0.1,-0.00237908,25,0.00283651
0.101,-0.00369516,25.25,0.00181288,0.101,-0.00205007,25.25,0.00586512,0.101,-0.00336614,25.25,0.00308789,0.101,-0.0027081,25.25,0.00354913
0.102,-0.00369516,25.5,0.00293137,0.102,-0.00237908,25.5,0.00796,0.102,-0.00303712,25.5,0.00386261,0.102,-0.00237908,25.5,0.00501141
0.103,-0.00369516,25.75,0.00620491,0.103,-0.00205007,25.75,0.0123175,0.103,-0.00303712,25.75,0.00491838,0.103,-0.0027081,25.75,0.00762469
0.104,-0.0043532,26,0.0127047,0.104,-0.00237908,26,0.0192892,0.104,-0.00303712,26,0.00659381,0.104,-0.00237908,26,0.0115925
0.105,-0.00369516,26.25,0.022518,0.105,-0.00303712,26.25,0.0284446,0.105,-0.00336614,26.25,0.00929585,0.105,-0.00205007,26.25,0.0171938
0.106,-0.0043532,26.5,0.0350914,0.106,-0.00237908,26.5,0.040452,0.106,-0.00303712,26.5,0.0147737,0.106,-0.00205007,26.5,0.0257465
0.107,-0.00369516,26.75,0.0405662,0.107,-0.0027081,26.75,0.0453411,0.107,-0.00303712,26.75,0.0213787,0.107,-0.00237908,26.75,0.032164
0.108,-0.00336614,27,0.0243628,0.108,-0.0027081,27,0.0274703,0.108,-0.00303712,27,0.0225974,0.108,-0.00237908,27,0.0234747
0.109,-0.00369516,27.25,0.00578437,0.109,-0.00303712,27.25,0.00236612,0.109,-0.00237908,27.25,0.013399,0.109,-0.00237908,27.25,0.00384642
0.11,-0.00468222,27.5,0.00283579,0.11,-0.00336614,27.5,0.00591374,0.11,-0.00303712,27.5,0.00388095,0.11,-0.00237908,27.5,0.00395009
0.111,-0.0043532,27.75,0.000997711,0.111,-0.0027081,27.75,0.00444915,0.111,-0.00303712,27.75,0.00353979,0.111,-0.0027081,27.75,0.00301313
0.112,-0.00369516,28,0.000767153,0.112,-0.0027081,28,0.00352848,0.112,-0.00237908,28,0.00280343,0.112,-0.0027081,28,0.00235809
0.113,-0.00369516,28.25,0.000600582,0.113,-0.00237908,28.25,0.00313704,0.113,-0.00303712,28.25,0.00242928,0.113,-0.00237908,28.25,0.00198384
0.114,-0.0043532,28.5,0.000532317,0.114,-0.0027081,28.5,0.00286675,0.114,-0.00303712,28.5,0.00213833,0.114,-0.0027081,28.5,0.00181076
0.115,-0.00369516,28.75,0.000525043,0.115,-0.0027081,28.75,0.00246969,0.115,-0.00237908,28.75,0.00183618,0.115,-0.0027081,28.75,0.00161572
0.116,-0.0043532,29,0.00040658,0.116,-0.00237908,29,0.00213142,0.116,-0.00303712,29,0.00161382,0.116,-0.00336614,29,0.00146364
0.117,-0.0043532,29.25,0.000329854,0.117,-0.00237908,29.25,0.00210511,0.117,-0.00336614,29.25,0.00148845,0.117,-0.00303712,29.25,0.00134651
0.118,-0.00402418,29.5,0.000383142,0.118,-0.0027081,29.5,0.00204139,0.118,-0.00303712,29.5,0.00132894,0.118,-0.00303712,29.5,0.00126149
0.119,-0.00369516,29.75,0.000386928,0.119,-0.00237908,29.75,0.00181141,0.119,-0.0027081,29.75,0.00118445,0.119,-0.00205007,29.75,0.00117228
0.12,-0.00369516,30,0.000266924,0.12,-0.00303712,30,0.00160707,0.12,-0.00303712,30,0.0010754,0.12,-0.00237908,30,0.00109753
0.121,-0.0043532,30.25,0.000170345,0.121,-0.00303712,30.25,0.00151584,0.121,-0.00303712,30.25,0.00103995,0.121,-0.0027081,30.25,0.00103989
0.122,-0.0043532,30.5,0.000248529,0.122,-0.0027081,30.5,0.00139241,0.122,-0.00303712,30.5,0.00104121,0.122,-0.00303712,30.5,0.000972902
0.123,-0.00402418,30.75,0.000301238,0.123,-0.0027081,30.75,0.00134203,0.123,-0.00303712,30.75,0.000999764,0.123,-0.00237908,30.75,0.000931615
0.124,-0.00402418,31,0.000282723,0.124,-0.0027081,31,0.00134916,0.124,-0.00303712,31,0.000891361,0.124,-0.00205007,31,0.000881051
0.125,-0.00369516,31.25,0.00024629,0.125,-0.0027081,31.25,0.00128603,0.125,-0.0027081,31.25,0.000800587,0.125,-0.00237908,31.25,0.000826093
0.126,-0.00369516,31.5,0.000223014,0.126,-0.0027081,31.5,0.00122337,0.126,-0.0027081,31.5,0.000805559,0.126,-0.0027081,31.5,0.000800746
0.127,-0.00402418,31.75,0.000271134,0.127,-0.00303712,31.75,0.00127636,0.127,-0.0027081,31.75,0.000778251,0.127,-0.0027081,31.75,0.000744493
0.128,-0.0043532,32,0.000242669,0.128,-0.0027081,32,0.00126349,0.128,-0.0027081,32,0.000766697,0.128,-0.0027081,32,0.000703233
0.129,-0.00402418,32.25,0.000279909,0.129,-0.0027081,32.25,0.00115704,0.129,-0.00303712,32.25,0.000694347,0.129,-0.00303712,32.25,0.000681222
0.13,-0.00402418,32.5,0.000220029,0.13,-0.0027081,32.5,0.00106569,0.13,-0.0027081,32.5,0.000638271,0.13,-0.00303712,32.5,0.000636927
0.131,-0.0043532,32.75,0.000190228,0.131,-0.00237908,32.75,0.00101426,0.131,-0.00369516,32.75,0.000640085,0.131,-0.00303712,32.75,0.000617035
0.132,-0.00402418,33,0.000250095,0.132,-0.00237908,33,0.000980762,0.132,-0.00369516,33,0.000657948,0.132,-0.0027081,33,0.000605446
0.133,-0.00369516,33.25,0.000207908,0.133,-0.0027081,33.25,0.00101688,0.133,-0.00369516,33.25,0.000669465,0.133,-0.00303712,33.25,0.000579577
0.134,-0.00369516,33.5,0.000208273,0.134,-0.0027081,33.5,0.00102418,0.134,-0.00369516,33.5,0.00058995,0.134,-0.0027081,33.5,0.00057944
0.135,-0.00336614,33.75,0.000219699,0.135,-0.00237908,33.75,0.00106969,0.135,-0.00402418,33.75,0.000513278,0.135,-0.00336614,33.75,0.000570617
0.136,-0.00336614,34,0.00020426,0.136,-0.0027081,34,0.00110819,0.136,-0.00336614,34,0.000464623,0.136,-0.00303712,34,0.000547216
0.137,-0.00369516,34.25,0.000137269,0.137,-0.00303712,34.25,0.000998409,0.137,-0.00369516,34.25,0.000462441,0.137,-0.0027081,34.25,0.000534733
0.138,-0.00369516,34.5,0.000204258,0.138,-0.00369516,34.5,0.000887027,0.138,-0.00369516,34.5,0.000462473,0.138,-0.00303712,34.5,0.000539367
0.139,-0.00336614,34.75,0.000192483,0.139,-0.00303712,34.75,0.000842691,0.139,-0.00369516,34.75,0.000431166,0.139,-0.0027081,34.75,0.000526651
0.14,-0.00336614,35,9.36E-05,0.14,-0.00303712,35,0.000808927,0.14,-0.00336614,35,0.000435515,0.14,-0.0027081,35,0.00050186
0.141,-0.00303712,35.25,0.000118273,0.141,-0.00237908,35.25,0.000734238,0.141,-0.00336614,35.25,0.000471747,0.141,-0.00237908,35.25,0.000501695
0.142,-0.00336614,35.5,0.000210441,0.142,-0.00336614,35.5,0.0006899,0.142,-0.00336614,35.5,0.000453133,0.142,-0.00303712,35.5,0.000498219
0.143,-0.0027081,35.75,0.000169702,0.143,-0.00237908,35.75,0.000701355,0.143,-0.0027081,35.75,0.000423432,0.143,-0.00303712,35.75,0.000484037
0.144,-0.00336614,36,2.22E-05,0.144,-0.00237908,36,0.000764584,0.144,-0.00237908,36,0.000368583,0.144,-0.00303712,36,0.000454356
0.145,-0.00237908,36.25,9.33E-05,0.145,-0.0027081,36.25,0.000836941,0.145,-0.00303712,36.25,0.000345335,0.145,-0.00303712,36.25,0.000459074
0.146,-0.00237908,36.5,9.25E-05,0.146,-0.0027081,36.5,0.000845857,0.146,-0.00336614,36.5,0.000355439,0.146,-0.00303712,36.5,0.000445422
0.147,-0.00237908,36.75,0.000125253,0.147,-0.00237908,36.75,0.000699877,0.147,-0.00336614,36.75,0.000363678,0.147,-0.0027081,36.75,0.000424675
0.148,-0.00237908,37,0.000111113,0.148,-0.0027081,37,0.000618795,0.148,-0.0027081,37,0.000346265,0.148,-0.0027081,37,0.000412849
0.149,-0.00205007,37.25,9.24E-05,0.149,-0.00237908,37.25,0.000623726,0.149,-0.00303712,37.25,0.000376184,0.149,-0.0027081,37.25,0.000404234
0.15,-0.00172105,37.5,9.84E-05,0.15,-0.00237908,37.5,0.000655192,0.15,-0.00336614,37.5,0.000426538,0.15,-0.0027081,37.5,0.000366784
0.151,-0.00172105,37.75,0.000179855,0.151,-0.0027081,37.75,0.00062391,0.151,-0.00369516,37.75,0.000472861,0.151,-0.00303712,37.75,0.000385402
0.152,-0.00139203,38,0.000169154,0.152,-0.00237908,38,0.000525009,0.152,-0.00369516,38,0.000465472,0.152,-0.0027081,38,0.00036494
0.153,-0.00172105,38.25,3.79E-05,0.153,-0.0027081,38.25,0.000563872,0.153,-0.00369516,38.25,0.000408575,0.153,-0.0027081,38.25,0.00033297
0.154,-0.00073399,38.5,0.00011908,0.154,-0.0027081,38.5,0.00062031,0.154,-0.00336614,38.5,0.000302626,0.154,-0.00237908,38.5,0.000282793
0.155,-0.00106301,38.75,0.000160297,0.155,-0.00303712,38.75,0.000626422,0.155,-0.00402418,38.75,0.000199188,0.155,-0.0027081,38.75,0.000271477
0.156,-0.000404971,39,0.000129396,0.156,-0.00336614,39,0.000489179,0.156,-0.00402418,39,0.000162791,0.156,-0.00237908,39,0.000230445
0.157,-0.000404971,39.25,0.000106692,0.157,-0.00303712,39.25,0.000491637,0.157,-0.00336614,39.25,0.000214143,0.157,-0.00237908,39.25,0.00025218
0.158,-7.60E-05,39.5,0.000217568,0.158,-0.00303712,39.5,0.000667836,0.158,-0.0043532,39.5,0.000280749,0.158,-0.0027081,39.5,0.000319506
0.159,0.000253067,39.75,0.00031329,0.159,-0.0027081,39.75,0.000771899,0.159,-0.00369516,39.75,0.000311206,0.159,-0.00237908,39.75,0.000338737
0.16,-7.60E-05,40,0.000304577,0.16,-0.0027081,40,0.000767885,0.16,-0.00402418,40,0.000324264,0.16,-0.0027081,40,0.000354853
0.161,0.000253067,,0.000511837,0.161,-0.00237908,40.25,0.000641638,0.161,-0.00336614,40.25,0.000328067,0.161,-0.0027081,40.25,0.000321866
0.162,0.000253067,,0.000464268,0.162,-0.00303712,40.5,0.00057914,0.162,-0.00336614,40.5,0.00035025,0.162,-0.00303712,40.5,0.000326308
0.163,0.00124012,,0.000447623,0.163,-0.00237908,40.75,0.000533615,0.163,-0.00336614,40.75,0.000383124,0.163,-0.0027081,40.75,0.000298648
0.164,0.00156914,,0.000300856,0.164,-0.00237908,41,0.000542372,0.164,-0.00336614,41,0.000399204,0.164,-0.00303712,41,0.000277488
0.165,0.00222718,,0.000258162,0.165,-0.0027081,41.25,0.000601619,0.165,-0.00369516,41.25,0.000329687,0.165,-0.00303712,41.25,0.000296596
0.166,0.00222718,,0.000257615,0.166,-0.0027081,41.5,0.000562676,0.166,-0.00402418,41.5,0.00024126,0.166,-0.0027081,41.5,0.00029486
0.167,0.0025562,,0.000288397,0.167,-0.0027081,41.75,0.00051806,0.167,-0.00303712,41.75,0.000243406,0.167,-0.0027081,41.75,0.000314294
0.168,0.0025562,,0.000283896,0.168,-0.00237908,42,0.000495414,0.168,-0.00336614,42,0.000327794,0.168,-0.00336614,42,0.000297941
0.169,0.00222718,,0.000308103,0.169,-0.00237908,42.25,0.0004519,0.169,-0.00369516,42.25,0.000384349,0.169,-0.00237908,42.25,0.000302433
0.17,0.00189816,,0.000287166,0.17,-0.00303712,42.5,0.000502618,0.17,-0.00369516,42.5,0.000366009,0.17,-0.0027081,42.5,0.000276384
0.171,0.00222718,,0.000313467,0.171,-0.00303712,42.75,0.000500594,0.171,-0.00303712,42.75,0.000292291,0.171,-0.00336614,42.75,0.000265595
0.172,0.000582086,,0.000307605,0.172,-0.00303712,43,0.000407053,0.172,-0.00369516,43,0.000250227,0.172,-0.0027081,43,0.000239953
0.173,0.000582086,,0.00031705,0.173,-0.0027081,43.25,0.000306844,0.173,-0.00303712,43.25,0.00025437,0.173,-0.0027081,43.25,0.000227515
0.174,-7.60E-05,,0.000256162,0.174,-0.00237908,43.5,0.000409801,0.174,-0.00303712,43.5,0.000264529,0.174,-0.0027081,43.5,0.000222673
0.175,0.000253067,,0.000311893,0.175,-0.00237908,43.75,0.000490559,0.175,-0.00369516,43.75,0.000230789,0.175,-0.00336614,43.75,0.000192805
0.176,-7.60E-05,,0.000283391,0.176,-0.00303712,44,0.000467629,0.176,-0.00336614,44,0.000168215,0.176,-0.0027081,44,0.000187689
0.177,-7.60E-05,,0.000292172,0.177,-0.00237908,44.25,0.000428356,0.177,-0.00303712,44.25,0.000147029,0.177,-0.0027081,44.25,0.000188637
0.178,-7.60E-05,,0.000330726,0.178,-0.00172105,44.5,0.000331744,0.178,-0.0027081,44.5,0.000226424,0.178,-0.0027081,44.5,0.000187229
0.179,0.00288522,,0.000336664,0.179,-0.0027081,44.75,0.00027849,0.179,-0.00303712,44.75,0.000312249,0.179,-0.00336614,44.75,0.000181127
0.18,-0.00106301,,0.000407515,0.18,-0.00303712,45,0.000365657,0.18,-0.00303712,45,0.000371179,0.18,-0.00336614,45,0.000186824
0.181,-0.00172105,,0.000359232,0.181,-0.00303712,45.25,0.000420825,0.181,-0.00336614,45.25,0.000354093,0.181,-0.00336614,45.25,0.000192529
0.182,-7.60E-05,,0.000277173,0.182,-0.00237908,45.5,0.000364428,0.182,-0.0027081,45.5,0.000287962,0.182,-0.0027081,45.5,0.000216477
0.183,-0.00073399,,0.000349093,0.183,-0.0027081,45.75,0.000341272,0.183,-0.00336614,45.75,0.000243934,0.183,-0.00303712,45.75,0.000224354
0.184,0.000253067,,0.000380894,0.184,-0.00303712,46,0.000358502,0.184,-0.00336614,46,0.000220908,0.184,-0.0027081,46,0.000214897
0.185,-0.00172105,,0.00043166,0.185,-0.00237908,46.25,0.000373582,0.185,-0.00303712,46.25,0.000227654,0.185,-0.0027081,46.25,0.000219863
0.186,-0.00106301,,0.000414849,0.186,-0.00303712,46.5,0.000422035,0.186,-0.00336614,46.5,0.000206231,0.186,-0.0027081,46.5,0.000234569
0.187,-0.00073399,,0.00027639,0.187,-0.0027081,46.75,0.000404148,0.187,-0.00336614,46.75,0.000161392,0.187,-0.00303712,46.75,0.000260711
0.188,0.00156914,,0.000216936,0.188,-0.0027081,47,0.000232335,0.188,-0.00336614,47,0.000226109,0.188,-0.00336614,47,0.000222954
0.189,0.00222718,,0.000157875,0.189,-0.0027081,47.25,0.000208472,0.189,-0.0027081,47.25,0.000299559,0.189,-0.00303712,47.25,0.000240507
0.19,0.00124012,,4.30E-05,0.19,-0.00237908,47.5,0.00028603,0.19,-0.00303712,47.5,0.000346357,0.19,-0.0027081,47.5,0.000228536
0.191,-7.60E-05,,0.000104224,0.191,-0.00237908,47.75,0.000263448,0.191,-0.0027081,47.75,0.000300313,0.191,-0.0027081,47.75,0.000234296
0.192,0.000911104,,0.000136026,0.192,-0.00336614,48,0.000358332,0.192,-0.00303712,48,0.000224335,0.192,-0.0027081,48,0.000229063
0.193,0.000582086,,0.000132,0.193,-0.0027081,48.25,0.000487945,0.193,-0.00303712,48.25,0.000174643,0.193,-0.0027081,48.25,0.000208317
0.194,0.00288522,,9.51E-05,0.194,-0.0027081,48.5,0.000438585,0.194,-0.0027081,48.5,0.000174363,0.194,-0.00237908,48.5,0.000200701
0.195,0.00222718,,0.000115368,0.195,-0.0027081,48.75,0.000357983,0.195,-0.00336614,48.75,0.000166401,0.195,-0.00303712,48.75,0.000185271
0.196,0.00156914,,0.000170452,0.196,-0.00237908,49,0.000358686,0.196,-0.00336614,49,0.000120977,0.196,-0.00303712,49,0.000176705
0.197,0.000911104,,0.000172642,0.197,-0.00205007,49.25,0.0003375,0.197,-0.00303712,49.25,0.000128237,0.197,-0.0027081,49.25,0.000149948
0.198,0.00156914,,0.000126446,0.198,-0.00205007,49.5,0.000293206,0.198,-0.00303712,49.5,0.00018788,0.198,-0.00303712,49.5,0.000170715
0.199,0.0025562,,7.56E-05,0.199,-0.0027081,49.75,0.000315288,0.199,-0.00369516,49.75,0.000240137,0.199,-0.00303712,49.75,0.000143225
0.2,0.00288522,,,0.2,-0.0027081,50,0.000325767,0.2,-0.00336614,50,0.000255237,0.2,-0.00336614,50,0.000155586
0.201,0.00551737,,,0.201,-0.00237908,50.25,0.000372584,0.201,-0.00369516,50.25,0.000228248,0.201,-0.00303712,50.25,0.000125403
0.202,0.00387227,,,0.202,-0.0027081,50.5,0.000430613,0.202,-0.00369516,50.5,0.000160624,0.202,-0.00336614,50.5,0.000144788
0.203,0.0078205,,,0.203,-0.0027081,50.75,0.000417056,0.203,-0.00336614,50.75,0.00013783,0.203,-0.00303712,50.75,0.000134445
0.204,0.0130848,,,0.204,-0.0027081,51,0.000366594,0.204,-0.00303712,51,0.000159091,0.204,-0.0027081,51,0.00013596
0.205,0.0315099,,,0.205,-0.0027081,51.25,0.000266609,0.205,-0.00336614,51.25,0.000187988,0.205,-0.0027081,51.25,0.000121038
0.206,0.0311808,,,0.206,-0.00303712,51.5,0.000202275,0.206,-0.00303712,51.5,0.000170578,0.206,-0.0027081,51.5,0.00012696
0.207,0.0818497,,,0.207,-0.00237908,51.75,0.000281564,0.207,-0.00303712,51.75,0.00013617,0.207,-0.00237908,51.75,0.00014045
0.208,0.342761,,,0.208,-0.00303712,52,0.000279968,0.208,-0.00336614,52,0.000106969,0.208,-0.00237908,52,0.000150518
0.209,0.515167,,,0.209,-0.00336614,52.25,0.000118653,0.209,-0.00336614,52.25,0.000136575,0.209,-0.00237908,52.25,0.000173401
0.21,0.258862,,,0.21,-0.0027081,52.5,0.000150179,0.21,-0.00303712,52.5,0.000139781,0.21,-0.0027081,52.5,0.000117312
0.211,0.194374,,,0.211,-0.00237908,52.75,0.000338786,0.211,-0.00303712,52.75,0.000118532,0.211,-0.00237908,52.75,9.19E-05
0.212,0.409552,,,0.212,-0.00237908,53,0.000445176,0.212,-0.00303712,53,6.50E-05,0.212,-0.00237908,53,0.000134275
0.213,0.456602,,,0.213,-0.0027081,53.25,0.00055197,0.213,-0.00336614,53.25,5.37E-05,0.213,-0.00303712,53.25,0.000256379
0.214,0.258862,,,0.214,-0.0027081,53.5,0.000639441,0.214,-0.00303712,53.5,0.000153045,0.214,-0.0027081,53.5,0.000345092
0.215,-0.0198171,,,0.215,-0.00237908,53.75,0.000524598,0.215,-0.00336614,53.75,0.000216566,0.215,-0.00336614,53.75,0.00033862
0.216,-0.242563,,,0.216,-0.0027081,54,0.000351582,0.216,-0.00369516,54,0.000262773,0.216,-0.00303712,54,0.000270501
0.217,-0.132342,,,0.217,-0.0027081,54.25,0.000353319,0.217,-0.00336614,54.25,0.00026812,0.217,-0.0027081,54.25,0.000222617
0.218,-0.0313328,,,0.218,-0.00303712,54.5,0.000373883,0.218,-0.00336614,54.5,0.000269589,0.218,-0.0027081,54.5,0.000215031
0.219,-0.0402163,,,0.219,-0.00303712,54.75,0.000299885,0.219,-0.00336614,54.75,0.000239875,0.219,-0.00237908,54.75,0.000168887
0.22,-0.294548,,,0.22,-0.00303712,55,0.000224691,0.22,-0.00336614,55,0.000190248,0.22,-0.00303712,55,0.000149911
0.221,-4.92E-01,,,0.221,-0.00336614,55.25,0.000151068,0.221,-0.00369516,55.25,0.000169871,0.221,-0.0027081,55.25,0.000116608
0.222,-0.571583,,,0.222,-0.00303712,55.5,0.000126038,0.222,-0.00369516,55.5,0.000144786,0.222,-0.00237908,55.5,0.000117091
0.223,-0.408389,,,0.223,-0.0027081,55.75,0.000230957,0.223,-0.00303712,55.75,0.000156913,0.223,-0.0027081,55.75,0.000106159
0.224,-0.302774,,,0.224,-0.0027081,56,0.000221308,0.224,-0.00336614,56,0.000156365,0.224,-0.00237908,56,0.000101434
0.225,-0.303103,,,0.225,-0.00336614,56.25,8.19E-05,0.225,-0.00336614,56.25,0.000129966,0.225,-0.00237908,56.25,0.000110884
0.226,-0.474522,,,0.226,-0.00303712,56.5,9.73E-05,0.226,-0.00336614,56.5,6.16E-05,0.226,-0.00237908,56.5,0.000125947
0.227,-0.589021,,,0.227,-0.0027081,56.75,0.000165275,0.227,-0.00303712,56.75,5.57E-05,0.227,-0.0027081,56.75,0.000132479
0.228,-0.566976,,,0.228,-0.0027081,57,0.000117036,0.228,-0.00336614,57,0.000115662,0.228,-0.0027081,57,0.000137279
0.229,-0.35081,,,0.229,-0.00369516,57.25,0.000141349,0.229,-0.00303712,57.25,0.000116644,0.229,-0.0027081,57.25,0.000146351
0.23,-0.19321,,,0.23,-0.0027081,57.5,0.000201448,0.23,-0.00336614,57.5,0.000108989,0.23,-0.00303712,57.5,0.000169079
0.231,-0.161953,,,0.231,-0.0027081,57.75,0.000178036,0.231,-0.00303712,57.75,0.000100394,0.231,-0.00303712,57.75,0.000147713
0.232,-0.282374,,,0.232,-0.00237908,58,0.000204151,0.232,-0.00336614,58,0.000129413,0.232,-0.0027081,58,0.000164034
0.233,-0.325476,,,0.233,-0.0027081,58.25,0.000254541,0.233,-0.00303712,58.25,0.000164382,0.233,-0.00336614,58.25,0.000146472
0.234,-0.226441,,,0.234,-0.00237908,58.5,0.000209359,0.234,-0.00369516,58.5,0.000184161,0.234,-0.00303712,58.5,0.000146016
0.235,0.0930364,,,0.235,-0.00303712,58.75,0.000200411,0.235,-0.00336614,58.75,0.00016427,0.235,-0.0027081,58.75,0.000135688
0.236,0.164433,,,0.236,-0.0027081,59,0.000232426,0.236,-0.00369516,59,0.000152847,0.236,-0.0027081,59,0.000131189
0.237,0.257546,,,0.237,-0.00336614,59.25,0.000246386,0.237,-0.00336614,59.25,0.000143559,0.237,-0.0027081,59.25,0.000129772
0.238,0.124293,,,0.238,-0.00303712,59.5,0.000265209,0.238,-0.00336614,59.5,0.0001486,0.238,-0.00237908,59.5,0.000100817
0.239,0.128241,,,0.239,-0.0027081,59.75,0.000324078,0.239,-0.00369516,59.75,0.000237614,0.239,-0.00336614,59.75,0.000189659
0.24,0.341116,,,0.24,-0.00303712,60,0.000148789,0.24,-0.00336614,60,0.000320904,0.24,-0.00237908,60,0.00010774
0.241,0.617821,,,0.241,-0.00237908,60.25,0.000434228,0.241,-0.00303712,60.25,5.59E-05,0.241,-0.0027081,60.25,0.000136177
0.242,0.539514,,,0.242,-0.0027081,60.5,0.000439985,0.242,-0.00303712,60.5,7.01E-05,0.242,-0.0027081,60.5,8.22E-05
0.243,0.47404,,,0.243,-0.00303712,60.75,0.000365799,0.243,-0.00303712,60.75,7.63E-05,0.243,-0.0027081,60.75,6.87E-05
0.244,0.295054,,,0.244,-0.0027081,61,0.000289036,0.244,-0.00336614,61,9.21E-05,0.244,-0.0027081,61,7.98E-05
0.245,0.40034,,,0.245,-0.0027081,61.25,0.000309146,0.245,-0.00303712,61.25,0.000129706,0.245,-0.0027081,61.25,8.23E-05
0.246,0.503651,,,0.246,-0.00303712,61.5,0.000301911,0.246,-0.00303712,61.5,0.000161898,0.246,-0.0027081,61.5,8.55E-05
0.247,0.605647,,,0.247,-0.00237908,61.75,0.000319227,0.247,-0.00336614,61.75,0.000191693,0.247,-0.00303712,61.75,8.64E-05
0.248,3.98E-01,,,0.248,-0.00237908,62,0.000354548,0.248,-0.00336614,62,0.000197405,0.248,-0.00336614,62,0.000120742
0.249,0.184833,,,0.249,-0.00237908,62.25,0.000473969,0.249,-0.00303712,62.25,0.000155595,0.249,-0.00303712,62.25,0.000121164
0.25,0.154563,,,0.25,-0.0027081,62.5,0.000501971,0.25,-0.00336614,62.5,0.000119683,0.25,-0.00303712,62.5,0.000114283
0.251,0.210825,,,0.251,-0.0027081,62.75,0.000486159,0.251,-0.0043532,62.75,0.000106922,0.251,-0.0027081,62.75,0.000137961
0.252,0.221025,,,0.252,-0.0027081,63,0.00037294,0.252,-0.00369516,63,0.000145871,0.252,-0.0027081,63,0.000125726
0.253,0.168382,,,0.253,-0.0027081,63.25,0.000294255,0.253,-0.00369516,63.25,0.000152524,0.253,-0.0027081,63.25,0.000140478
0.254,-0.0599574,,,0.254,-0.0027081,63.5,0.000304953,0.254,-0.00369516,63.5,0.000142477,0.254,-0.00303712,63.5,0.000148483
0.255,-0.245853,,,0.255,-0.00303712,63.75,0.000345575,0.255,-0.00369516,63.75,0.000151017,0.255,-0.0027081,63.75,0.000152186
0.256,-0.249801,,,0.256,-0.00303712,64,0.000274334,0.256,-0.00303712,64,0.000179174,0.256,-0.00237908,64,0.000134148
0.257,-0.175443,,,0.257,-0.00237908,64.25,0.000222901,0.257,-0.00336614,64.25,0.000213399,0.257,-0.0027081,64.25,0.000150078
0.258,-0.154715,,,0.258,-0.0027081,64.5,0.00025442,0.258,-0.00336614,64.5,0.000204307,0.258,-0.0027081,64.5,0.000120703
0.259,-0.277439,,,0.259,-0.00303712,64.75,0.000272778,0.259,-0.00369516,64.75,0.000175713,0.259,-0.00237908,64.75,0.000128016
0.26,-0.431091,,,0.26,-0.0027081,65,0.000230774,0.26,-0.0027081,65,0.000127088,0.26,-0.00237908,65,0.00010916
0.261,-0.519597,,,0.261,-0.00303712,65.25,0.000122563,0.261,-0.00303712,65.25,4.15E-05,0.261,-0.00237908,65.25,8.43E-05
0.262,-0.464651,,,0.262,-0.00237908,65.5,0.000208698,0.262,-0.0027081,65.5,5.31E-05,0.262,-0.00303712,65.5,8.21E-05
0.263,-0.359036,,,0.263,-0.0027081,65.75,0.000336582,0.263,-0.00303712,65.75,0.000102191,0.263,-0.0027081,65.75,0.000136443
0.264,-0.314947,,,0.264,-0.00237908,66,0.000382891,0.264,-0.00336614,66,0.000137639,0.264,-0.0027081,66,0.000157212
0.265,-0.386345,,,0.265,-0.00237908,66.25,0.000313341,0.265,-0.00336614,66.25,0.000142739,0.265,-0.0027081,66.25,0.000151495
0.266,-4.78E-01,,,0.266,-0.0027081,66.5,0.000157464,0.266,-0.00303712,66.5,0.000157674,0.266,-0.00303712,66.5,0.000163381
0.267,-0.473206,,,0.267,-0.00303712,66.75,0.000215089,0.267,-0.00303712,66.75,0.00013802,0.267,-0.00303712,66.75,0.000122929
0.268,-0.342256,,,0.268,-0.00237908,67,0.000256937,0.268,-0.00369516,67,0.000128965,0.268,-0.0027081,67,0.000137382
0.269,-0.178075,,,0.269,-0.0027081,67.25,0.000253134,0.269,-0.00336614,67.25,0.000150078,0.269,-0.0027081,67.25,8.45E-05
0.27,-0.103717,,,0.27,-0.0027081,67.5,0.000237167,0.27,-0.00336614,67.5,0.000156382,0.27,-0.00303712,67.5,0.000122251
0.271,-0.132342,,,0.271,-0.00303712,67.75,0.000185508,0.271,-0.0027081,67.75,0.000152688,0.271,-0.00303712,67.75,0.000100726
0.272,-0.168863,,,0.272,-0.00303712,68,0.00012155,0.272,-0.0027081,68,0.000101549,0.272,-0.0027081,68,0.000123883
0.273,-0.104375,,,0.273,-0.0027081,68.25,0.000258147,0.273,-0.00336614,68.25,5.73E-05,0.273,-0.00237908,68.25,0.000142006
0.274,0.0775725,,,0.274,-0.0027081,68.5,0.000379346,0.274,-0.00303712,68.5,0.000101834,0.274,-0.00303712,68.5,0.000138518
0.275,0.277616,,,0.275,-0.00303712,68.75,0.000349862,0.275,-0.00237908,68.75,0.000172041,0.275,-0.0027081,68.75,0.00014975
0.276,0.285841,,,0.276,-0.0027081,69,0.00025593,0.276,-0.00303712,69,0.000207003,0.276,-0.00303712,69,0.000144258
0.277,2.16E-01,,,0.277,-0.00237908,69.25,0.000269621,0.277,-0.00303712,69.25,0.000191398,0.277,-0.00303712,69.25,0.000146731
0.278,0.257875,,,0.278,-0.0027081,69.5,0.000290388,0.278,-0.00237908,69.5,0.000131316,0.278,-0.00336614,69.5,0.000144031
0.279,0.293738,,,0.279,-0.00303712,69.75,0.000345759,0.279,-0.0027081,69.75,4.75E-05,0.279,-0.00336614,69.75,0.000146555
0.28,0.479304,,,0.28,-0.0027081,70,0.000414424,0.28,-0.0027081,70,2.28E-05,0.28,-0.00369516,70,0.000150256
0.281,0.511548,,,0.281,-0.0027081,70.25,0.000373105,0.281,-0.0027081,70.25,3.82E-05,0.281,-0.00369516,70.25,0.000129869
0.282,0.476672,,,0.282,-0.00237908,70.5,0.000256632,0.282,-0.00303712,70.5,4.40E-05,0.282,-0.00336614,70.5,0.000121202
0.283,0.319072,,,0.283,-0.0027081,70.75,0.000318211,0.283,-0.00303712,70.75,3.45E-05,0.283,-0.00369516,70.75,0.000121421
0.284,3.34E-01,,,0.284,-0.0027081,71,0.000330811,0.284,-0.0027081,71,8.99E-05,0.284,-0.00303712,71,0.000101372
0.285,0.367767,,,0.285,-0.00237908,71.25,0.000310944,0.285,-0.00369516,71.25,0.000160581,0.285,-0.00336614,71.25,0.000113381
0.286,0.458247,,,0.286,-0.00237908,71.5,0.000345793,0.286,-0.00303712,71.5,0.000198323,0.286,-0.00303712,71.5,8.89E-05
0.287,0.34671,,,0.287,-0.0027081,71.75,0.000352599,0.287,-0.0027081,71.75,0.000166599,0.287,-0.00303712,71.75,0.000107636
0.288,0.21247,,,0.288,-0.0027081,72,0.000296245,0.288,-0.00336614,72,0.000142134,0.288,-0.0027081,72,9.51E-05
0.289,0.0137428,,,0.289,-0.00237908,72.25,0.000344406,0.289,-0.0027081,72.25,9.17E-05,0.289,-0.0027081,72.25,9.23E-05
0.29,0.115081,,,0.29,-0.00303712,72.5,0.000443773,0.29,-0.00303712,72.5,4.99E-05,0.29,-0.00237908,72.5,8.05E-05
0.291,0.120016,,,0.291,-0.00336614,72.75,0.000432441,0.291,-0.00303712,72.75,5.97E-05,0.291,-0.00237908,72.75,9.79E-05
0.292,0.0897462,,,0.292,-0.00303712,73,0.000376195,0.292,-0.00303712,73,6.74E-05,0.292,-0.00303712,73,9.70E-05
0.293,-0.170179,,,0.293,-0.00303712,73.25,0.000276385,0.293,-0.0027081,73.25,5.69E-05,0.293,-0.0027081,73.25,7.93E-05
0.294,-0.258685,,,0.294,-0.0027081,73.5,0.000257011,0.294,-0.00303712,73.5,7.24E-05,0.294,-0.00237908,73.5,7.94E-05
0.295,-2.88E-01,,,0.295,-0.00303712,73.75,0.000324113,0.295,-0.00303712,73.75,0.000128033,0.295,-0.00303712,73.75,8.62E-05
0.296,-0.279413,,,0.296,-0.0027081,74,0.000367106,0.296,-0.00303712,74,0.000163514,0.296,-0.00336614,74,8.53E-05
0.297,-0.217229,,,0.297,-0.0027081,74.25,0.000328139,0.297,-0.00303712,74.25,0.000162576,0.297,-0.00303712,74.25,8.76E-05
0.298,-0.255066,,,0.298,-0.00237908,74.5,0.000376938,0.298,-0.00303712,74.5,0.000119123,0.298,-0.00303712,74.5,8.79E-05
0.299,-0.497553,,,0.299,-0.00237908,74.75,0.000456233,0.299,-0.0027081,74.75,6.91E-05,0.299,-0.00336614,74.75,9.80E-05
0.3,-0.409376,,,0.3,-0.00237908,75,0.000430658,0.3,-0.0027081,75,3.48E-05,0.3,-0.00303712,75,9.76E-05
0.301,-0.470574,,,0.301,-0.00237908,75.25,0.000285151,0.301,-0.00336614,75.25,5.64E-05,0.301,-0.00303712,75.25,0.000108613
0.302,-3.96E-01,,,0.302,-0.0027081,75.5,0.000261548,0.302,-0.00402418,75.5,6.96E-05,0.302,-0.0027081,75.5,8.41E-05
0.303,-0.281387,,,0.303,-0.0027081,75.75,0.000248889,0.303,-0.00336614,75.75,8.42E-05,0.303,-0.00336614,75.75,0.000101237
0.304,-0.292903,,,0.304,-0.00336614,76,0.000172396,0.304,-0.00303712,76,0.00013172,0.304,-0.00303712,76,0.000108508
0.305,-0.362326,,,0.305,-0.00303712,76.25,0.000148202,0.305,-0.00369516,76.25,0.000184627,0.305,-0.00336614,76.25,0.000114787
0.306,-0.371868,,,0.306,-0.00303712,76.5,0.000232893,0.306,-0.00336614,76.5,0.000212961,0.306,-0.00336614,76.5,7.70E-05
0.307,-0.303432,,,0.307,-0.00303712,76.75,0.000272848,0.307,-0.00303712,76.75,0.000187754,0.307,-0.0027081,76.75,9.93E-05
0.308,-0.151754,,,0.308,-0.00303712,77,0.000264799,0.308,-0.00303712,77,0.000115327,0.308,-0.0027081,77,8.62E-05
0.309,-0.071144,,,0.309,-0.0027081,77.25,0.000184024,0.309,-0.0027081,77.25,3.36E-05,0.309,-0.00303712,77.25,8.84E-05
0.31,0.000582086,,,0.31,-0.00303712,77.5,0.000185365,0.31,-0.00303712,77.5,4.41E-05,0.31,-0.00303712,77.5,6.50E-05
0.311,0.0440126,,,0.311,-0.00237908,77.75,0.000227148,0.311,-0.00303712,77.75,0.000130253,0.311,-0.00336614,77.75,5.00E-05
0.312,-0.0234363,,,0.312,-0.00303712,78,0.00020986,0.312,-0.00336614,78,0.000153026,0.312,-0.00303712,78,5.05E-05
0.313,0.11541,,,0.313,-0.0027081,78.25,0.000153971,0.313,-0.00303712,78.25,0.000156161,0.313,-0.00369516,78.25,6.42E-05
0.314,0.280906,,,0.314,-0.00303712,78.5,0.000178904,0.314,-0.00369516,78.5,0.000196965,0.314,-0.00336614,78.5,8.37E-05
0.315,0.371057,,,0.315,-0.0027081,78.75,0.000246251,0.315,-0.00336614,78.75,0.000224766,0.315,-0.00402418,78.75,0.000117133
0.316,0.280906,,,0.316,-0.00237908,79,0.000340288,0.316,-0.00336614,79,0.000235542,0.316,-0.00303712,79,0.000130818
0.317,0.231882,,,0.317,-0.0027081,79.25,0.000425276,0.317,-0.00369516,79.25,0.000225162,0.317,-0.00369516,79.25,0.000156782
0.318,0.311176,,,0.318,-0.0027081,79.5,0.000350841,0.318,-0.00336614,79.5,0.000178714,0.318,-0.0027081,79.5,0.000135837
0.319,0.483252,,,0.319,-0.0027081,79.75,0.000167057,0.319,-0.00303712,79.75,0.000109004,0.319,-0.00237908,79.75,0.000105438
0.32,0.2661,,,0.32,-0.0027081,80,3.35E-05,0.32,-0.00336614,80,3.97E-05,0.32,-0.00237908,80,4.55E-05
0.321,0.38356,,,0.321,-0.00303712,80.25,0.000100245,0.321,-0.0027081,80.25,2.14E-05,0.321,-0.0027081,80.25,1.62E-05
0.322,0.331575,,,0.322,-0.00303712,80.5,0.000112802,0.322,-0.00237908,80.5,6.91E-05,0.322,-0.0027081,80.5,7.00E-05
0.323,0.28288,,,0.323,-0.00303712,80.75,0.000176217,0.323,-0.00303712,80.75,9.03E-05,0.323,-0.00205007,80.75,7.45E-05
0.324,0.205561,,,0.324,-0.00303712,81,0.000224945,0.324,-0.0027081,81,0.000103825,0.324,-0.0027081,81,9.51E-05
0.325,0.386521,,,0.325,-0.00303712,81.25,0.000130368,0.325,-0.0027081,81.25,0.000102803,0.325,-0.00237908,81.25,9.71E-05
0.326,0.295712,,,0.326,-0.00303712,81.5,0.00016075,0.326,-0.0027081,81.5,9.87E-05,0.326,-0.0027081,81.5,8.72E-05
0.327,0.127583,,,0.327,-0.00205007,81.75,0.000184844,0.327,-0.0027081,81.75,8.68E-05,0.327,-0.0027081,81.75,9.69E-05
0.328,0.00485933,,,0.328,-0.0027081,82,0.000192939,0.328,-0.0027081,82,5.75E-05,0.328,-0.0027081,82,9.31E-05
0.329,-0.0293586,,,0.329,-0.0027081,82.25,0.000191261,0.329,-0.0027081,82.25,7.35E-05,0.329,-0.00303712,82.25,8.23E-05
0.33,0.00189816,,,0.33,-0.0027081,82.5,0.000176781,0.33,-0.0027081,82.5,9.25E-05,0.33,-0.00369516,82.5,7.72E-05
0.331,0.0190071,,,0.331,-0.0027081,82.75,0.000102494,0.331,-0.00303712,82.75,5.37E-05,0.331,-0.00303712,82.75,8.23E-05
0.332,-0.0737762,,,0.332,-0.00237908,83,0.000101659,0.332,-0.00336614,83,3.60E-05,0.332,-0.00303712,83,7.46E-05
0.333,-0.2067,,,0.333,-0.00237908,83.25,0.000150775,0.333,-0.00336614,83.25,4.82E-05,0.333,-0.00303712,83.25,5.08E-05
0.334,-0.290929,,,0.334,-0.0027081,83.5,9.32E-05,0.334,-0.00336614,83.5,0.000105108,0.334,-0.00303712,83.5,7.69E-05
0.335,-0.526507,,,0.335,-0.0027081,83.75,4.85E-05,0.335,-0.00303712,83.75,0.000124251,0.335,-0.00303712,83.75,4.19E-05
0.336,-0.152412,,,0.336,-0.00237908,84,9.44E-05,0.336,-0.0027081,84,0.000126452,0.336,-0.00303712,84,2.83E-05
0.337,-0.258027,,,0.337,-0.0027081,84.25,7.81E-05,0.337,-0.00303712,84.25,8.84E-05,0.337,-0.00303712,84.25,2.35E-05
0.338,-0.388648,,,0.338,-0.0027081,84.5,2.75E-05,0.338,-0.00303712,84.5,3.74E-05,0.338,-0.00336614,84.5,2.95E-05
0.339,-0.418588,,,0.339,-0.00336614,84.75,2.96E-05,0.339,-0.00336614,84.75,3.29E-05,0.339,-0.00336614,84.75,3.82E-05
0.34,-0.437014,,,0.34,-0.00336614,85,4.18E-06,0.34,-0.00336614,85,7.44E-05,0.34,-0.0027081,85,3.11E-05
0.341,-0.367261,,,0.341,-0.0027081,85.25,6.19E-05,0.341,-0.0027081,85.25,0.000107746,0.341,-0.0027081,85.25,5.09E-05
0.342,-0.261646,,,0.342,-0.0027081,85.5,0.000114716,0.342,-0.0027081,85.5,0.000118435,0.342,-0.0027081,85.5,5.38E-05
0.343,-0.24355,,,0.343,-0.0027081,85.75,0.00012108,0.343,-0.00237908,85.75,9.43E-05,0.343,-0.00303712,85.75,4.90E-05
0.344,-0.340611,,,0.344,-0.00237908,86,0.000109608,0.344,-0.0027081,86,0.000112591,0.344,-0.00303712,86,6.31E-05
0.345,-0.309025,,,0.345,-0.00237908,86.25,0.000162902,0.345,-0.0027081,86.25,0.000117562,0.345,-0.00303712,86.25,6.86E-05
0.346,-0.212951,,,0.346,-0.0027081,86.5,0.000224284,0.346,-0.0027081,86.5,0.000111606,0.346,-0.0027081,86.5,8.36E-05
0.347,-0.0767374,,,0.347,-0.00237908,86.75,0.000232273,0.347,-0.00237908,86.75,0.000103714,0.347,-0.00303712,86.75,8.41E-05
0.348,-0.128722,,,0.348,-0.0027081,87,0.000169859,0.348,-0.0027081,87,4.73E-05,0.348,-0.00303712,87,7.97E-05
0.349,0.0660568,,,0.349,-0.0027081,87.25,4.64E-05,0.349,-0.0027081,87.25,1.13E-05,0.349,-0.0027081,87.25,7.94E-05
0.35,-0.0392292,,,0.35,-0.0027081,87.5,6.19E-05,0.35,-0.00303712,87.5,4.37E-05,0.35,-0.00303712,87.5,7.44E-05
0.351,0.0795466,,,0.351,-0.00303712,87.75,0.00011294,0.351,-0.00336614,87.75,9.14E-05,0.351,-0.00303712,87.75,8.76E-05
0.352,0.178581,,,0.352,-0.0027081,88,7.32E-05,0.352,-0.00303712,88,0.00011401,0.352,-0.0027081,88,9.21E-05
0.353,0.290448,,,0.353,-0.00303712,88.25,0.00019216,0.353,-0.00336614,88.25,0.000162664,0.353,-0.00303712,88.25,9.26E-05
0.354,0.354935,,,0.354,-0.00303712,88.5,0.000306886,0.354,-0.00303712,88.5,0.000174374,0.354,-0.00303712,88.5,6.66E-05
0.355,0.34671,,,0.355,-0.00303712,88.75,0.000368295,0.355,-0.00303712,88.75,0.000150782,0.355,-0.00237908,88.75,7.21E-05
0.356,0.27959,,,0.356,-0.00303712,89,0.000283324,0.356,-0.00237908,89,0.000108294,0.356,-0.00336614,89,4.69E-05
0.357,0.300976,,,0.357,-0.00303712,89.25,0.000196294,0.357,-0.0027081,89.25,8.40E-05,0.357,-0.0027081,89.25,3.31E-05
0.358,0.399353,,,0.358,-0.00303712,89.5,0.000203686,0.358,-0.0027081,89.5,4.80E-05,0.358,-0.0027081,89.5,3.64E-05
0.359,0.446402,,,0.359,-0.00303712,89.75,0.000208086,0.359,-0.0027081,89.75,1.22E-05,0.359,-0.0027081,89.75,4.16E-05
0.36,0.394088,,,0.36,-0.00303712,90,0.000185482,0.36,-0.0027081,90,1.93E-05,0.36,-0.00303712,90,2.24E-05
0.361,0.287157,,,0.361,-0.0027081,90.25,0.000185159,0.361,-0.00237908,90.25,6.24E-06,0.361,-0.00303712,90.25,4.55E-05
0.362,0.218722,,,0.362,-0.0027081,90.5,0.000233211,0.362,-0.00237908,90.5,5.56E-05,0.362,-0.00303712,90.5,5.83E-05
0.363,0.231553,,,0.363,-0.00237908,90.75,0.000303295,0.363,-0.00237908,90.75,9.21E-05,0.363,-0.00369516,90.75,6.68E-05
0.364,0.259849,,,0.364,-0.00205007,91,0.000333587,0.364,-0.0027081,91,0.000121613,0.364,-0.00336614,91,6.19E-05
0.365,0.229579,,,0.365,-0.00205007,91.25,0.000318289,0.365,-0.0027081,91.25,0.000137436,0.365,-0.00336614,91.25,7.11E-05
0.366,0.0742823,,,0.366,-0.00237908,91.5,0.000247425,0.366,-0.0027081,91.5,0.000104332,0.366,-0.00336614,91.5,5.53E-05
0.367,-0.126748,,,0.367,-0.0027081,91.75,0.000212677,0.367,-0.0027081,91.75,5.77E-05,0.367,-0.0027081,91.75,6.02E-05
0.368,-0.0477837,,,0.368,-0.00237908,92,0.000237802,0.368,-0.0027081,92,1.96E-05,0.368,-0.00303712,92,6.89E-05
0.369,0.0927074,,,0.369,-0.00303712,92.25,0.000212393,0.369,-0.00369516,92.25,2.12E-05,0.369,-0.00303712,92.25,6.67E-05
0.37,-0.146818,,,0.37,-0.00205007,92.5,0.000159074,0.37,-0.00237908,92.5,2.34E-05,0.37,-0.0027081,92.5,9.58E-05
0.371,-0.114575,,,0.371,-0.0027081,92.75,0.000178569,0.371,-0.00303712,92.75,3.22E-05,0.371,-0.0027081,92.75,0.000101316
0.372,-0.243879,,,0.372,-0.0027081,93,0.000259394,0.372,-0.0027081,93,5.74E-05,0.372,-0.00237908,93,0.00010003
0.373,-0.366274,,,0.373,-0.0027081,93.25,0.000325825,0.373,-0.00303712,93.25,6.96E-05,0.373,-0.00303712,93.25,0.000108536
0.374,-0.327121,,,0.374,-0.00237908,93.5,0.00031498,0.374,-0.00303712,93.5,7.00E-05,0.374,-0.0027081,93.5,0.000117197
0.375,-0.291587,,,0.375,-0.00303712,93.75,0.000225194,0.375,-0.0027081,93.75,7.74E-05,0.375,-0.00303712,93.75,8.58E-05
0.376,-0.282374,,,0.376,-0.0027081,94,0.000163951,0.376,-0.00237908,94,8.03E-05,0.376,-0.00237908,94,7.43E-05
0.377,-0.336663,,,0.377,-0.0027081,94.25,0.00010276,0.377,-0.0027081,94.25,5.57E-05,0.377,-0.0027081,94.25,7.21E-05
0.378,-0.384699,,,0.378,-0.00303712,94.5,8.51E-05,0.378,-0.0027081,94.5,2.25E-05,0.378,-0.00303712,94.5,4.17E-05
0.379,-0.403124,,,0.379,-0.00237908,94.75,0.000150376,0.379,-0.0027081,94.75,3.42E-05,0.379,-0.00303712,94.75,3.67E-05
0.38,-0.325805,,,0.38,-0.0027081,95,0.000179079,0.38,-0.00237908,95,7.61E-05,0.38,-0.0027081,95,2.17E-05
0.381,-0.240918,,,0.381,-0.00205007,95.25,0.00013448,0.381,-0.00237908,95.25,0.000135898,0.381,-0.00336614,95.25,3.77E-05
0.382,-0.200778,,,0.382,-0.00237908,95.5,0.000123985,0.382,-0.00237908,95.5,0.000134673,0.382,-0.00369516,95.5,4.88E-05
0.383,-0.207358,,,0.383,-0.00237908,95.75,0.000192132,0.383,-0.00237908,95.75,0.000110565,0.383,-0.00303712,95.75,4.40E-05
0.384,-0.213938,,,0.384,-0.00237908,96,0.000179794,0.384,-0.0027081,96,7.46E-05,0.384,-0.00369516,96,7.98E-05
0.385,-0.195842,,,0.385,-0.00237908,96.25,0.000123732,0.385,-0.00237908,96.25,8.82E-06,0.385,-0.00303712,96.25,9.05E-05
0.386,-0.0254104,,,0.386,-0.0027081,96.5,0.000179533,0.386,-0.0027081,96.5,6.52E-05,0.386,-0.00336614,96.5,9.20E-05
0.387,0.0545412,,,0.387,-0.00205007,96.75,0.000182112,0.387,-0.00336614,96.75,0.00010418,0.387,-0.00336614,96.75,9.71E-05
0.388,0.0782305,,,0.388,-0.0027081,97,0.000166508,0.388,-0.00336614,97,0.000107677,0.388,-0.00336614,97,0.000127065
0.389,0.0933654,,,0.389,-0.0027081,97.25,0.000196202,0.389,-0.00303712,97.25,7.36E-05,0.389,-0.00303712,97.25,0.00013303
0.39,0.131532,,,0.39,-0.0027081,97.5,0.000140891,0.39,-0.00303712,97.5,2.33E-05,0.39,-0.0027081,97.5,0.000144661
0.391,0.199967,,,0.391,-0.00303712,97.75,0.000237488,0.391,-0.00336614,97.75,6.86E-05,0.391,-0.0027081,97.75,0.000138048
0.392,0.305253,,,0.392,-0.00303712,98,0.000335621,0.392,-0.0027081,98,0.000112899,0.392,-0.0027081,98,0.000142095
0.393,0.404617,,,0.393,-0.0027081,98.25,0.000309358,0.393,-0.0027081,98.25,0.000123504,0.393,-0.0027081,98.25,0.000145242
0.394,0.361186,,,0.394,-0.00237908,98.5,0.000241415,0.394,-0.00303712,98.5,0.000110908,0.394,-0.00303712,98.5,0.000132181
0.395,0.390798,,,0.395,-0.0027081,98.75,0.000329741,0.395,-0.00336614,98.75,7.06E-05,0.395,-0.00237908,98.75,0.000122327
0.396,0.0739533,,,0.396,-0.00237908,99,0.000340807,0.396,-0.00303712,99,6.76E-05,0.396,-0.0027081,99,0.000113187
0.397,0.433571,,,0.397,-0.0027081,99.25,0.000200958,0.397,-0.00303712,99.25,8.03E-05,0.397,-0.00237908,99.25,0.000121518
0.398,0.47075,,,0.398,-0.00237908,99.5,0.000216771,0.398,-0.00303712,99.5,9.52E-05,0.398,-0.00303712,99.5,0.000102546
0.399,0.253926,,,0.399,-0.00205007,99.75,0.000277198,0.399,-0.00369516,99.75,8.64E-05,0.399,-0.00336614,99.75,9.25E-05
0.4,0.278603,,,0.4,-0.00237908,100,0.000235482,0.4,-0.00336614,100,6.06E-05,0.4,-0.00303712,100,7.44E-05
0.401,0.219709,,,0.401,-0.00303712,100.25,0.000217104,0.401,-0.00303712,100.25,9.02E-05,0.401,-0.00336614,100.25,8.36E-05
0.402,0.160485,,,0.402,-0.0027081,100.5,0.000310847,0.402,-0.00336614,100.5,0.000123832,0.402,-0.00336614,100.5,3.94E-05
0.403,0.186807,,,0.403,-0.00303712,100.75,0.000384522,0.403,-0.00336614,100.75,0.000177081,0.403,-0.00303712,100.75,1.90E-05
0.404,0.130545,,,0.404,-0.00303712,101,0.000452385,0.404,-0.00303712,101,0.000156075,0.404,-0.00336614,101,3.95E-05
0.405,0.0255875,,,0.405,-0.0027081,101.25,0.000464089,0.405,-0.0027081,101.25,0.000140908,0.405,-0.0027081,101.25,1.14E-05
0.406,-0.0622605,,,0.406,-0.00303712,101.5,0.000381707,0.406,-0.00303712,101.5,8.35E-05,0.406,-0.0027081,101.5,2.94E-05
0.407,-0.11622,,,0.407,-0.00303712,101.75,0.000293038,0.407,-0.0027081,101.75,4.60E-05,0.407,-0.00237908,101.75,4.47E-05
0.408,-0.124774,,,0.408,-0.00303712,102,0.000319165,0.408,-0.0027081,102,3.10E-05,0.408,-0.00303712,102,3.61E-05
0.409,-0.138922,,,0.409,-0.00303712,102.25,0.00026133,0.409,-0.00205007,102.25,3.79E-05,0.409,-0.0027081,102.25,6.76E-05
0.41,-0.16985,,,0.41,-0.0027081,102.5,0.000210398,0.41,-0.00303712,102.5,5.37E-05,0.41,-0.00237908,102.5,7.15E-05
0.411,-0.28731,,,0.411,-0.00237908,102.75,0.000309143,0.411,-0.00303712,102.75,8.56E-05,0.411,-0.0027081,102.75,8.40E-05
0.412,-0.319225,,,0.412,-0.00237908,103,0.000411407,0.412,-0.00303712,103,0.000111091,0.412,-0.00336614,103,9.35E-05
0.413,-0.326134,,,0.413,-0.00237908,103.25,0.000360925,0.413,-0.00303712,103.25,0.000127934,0.413,-0.00303712,103.25,9.82E-05
0.414,-0.305077,,,0.414,-0.00237908,103.5,0.000314306,0.414,-0.00336614,103.5,0.000129189,0.414,-0.00303712,103.5,0.000111689
0.415,-0.270859,,,0.415,-0.00237908,103.75,0.000364556,0.415,-0.00303712,103.75,6.77E-05,0.415,-0.00303712,103.75,0.00011893
0.416,-0.298167,,,0.416,-0.00237908,104,0.000448668,0.416,-0.00336614,104,3.04E-05,0.416,-0.00303712,104,0.000110764
0.417,-0.327779,,,0.417,-0.0027081,104.25,0.000401416,0.417,-0.00402418,104.25,6.59E-05,0.417,-0.0027081,104.25,0.000116277
0.418,-0.291258,,,0.418,-0.00237908,104.5,0.000234937,0.418,-0.00336614,104.5,0.000108276,0.418,-0.00237908,104.5,8.40E-05
0.419,-0.390951,,,0.419,-0.0027081,104.75,0.000119069,0.419,-0.00369516,104.75,0.000106073,0.419,-0.0027081,104.75,8.38E-05
0.42,-0.176101,,,0.42,-0.00303712,105,0.000196172,0.42,-0.00369516,105,0.00010013,0.42,-0.00237908,105,5.81E-05
0.421,-0.157018,,,0.421,-0.0027081,105.25,0.000255043,0.421,-0.00369516,105.25,9.76E-05,0.421,-0.00303712,105.25,6.31E-05
0.422,-0.155044,,,0.422,-0.00303712,105.5,0.000272981,0.422,-0.00369516,105.5,7.33E-05,0.422,-0.00237908,105.5,6.58E-05
0.423,-0.105033,,,0.423,-0.0027081,105.75,0.00027206,0.423,-0.00303712,105.75,7.82E-05,0.423,-0.00237908,105.75,5.43E-05
0.424,-0.0843048,,,0.424,-0.00336614,106,0.000256916,0.424,-0.00336614,106,5.97E-05,0.424,-0.00205007,106,5.03E-05
0.425,-0.00402418,,,0.425,-0.0027081,106.25,0.000182646,0.425,-0.00336614,106.25,2.71E-05,0.425,-0.0027081,106.25,4.73E-05
0.426,0.112778,,,0.426,-0.0027081,106.5,0.000200614,0.426,-0.00369516,106.5,1.47E-05,0.426,-0.0027081,106.5,2.83E-05
0.427,0.145679,,,0.427,-0.00303712,106.75,0.000230209,0.427,-0.00336614,106.75,3.64E-05,0.427,-0.00205007,106.75,3.19E-05
0.428,0.165091,,,0.428,-0.00237908,107,0.000174712,0.428,-0.00336614,107,6.76E-05,0.428,-0.00205007,107,3.20E-05
0.429,0.173975,,,0.429,-0.00205007,107.25,8.80E-05,0.429,-0.00303712,107.25,7.93E-05,0.429,-0.00139203,107.25,3.47E-05
0.43,0.226947,,,0.43,-0.00237908,107.5,8.12E-05,0.43,-0.00303712,107.5,7.15E-05,0.43,-0.00172105,107.5,3.63E-05
0.431,0.28979,,,0.431,-0.00237908,107.75,8.40E-05,0.431,-0.00336614,107.75,5.23E-05,0.431,-0.00237908,107.75,3.51E-05
0.432,0.377966,,,0.432,-0.00237908,108,6.35E-05,0.432,-0.00336614,108,5.54E-05,0.432,-0.00205007,108,3.97E-05
0.433,0.351645,,,0.433,-0.00303712,108.25,2.16E-05,0.433,-0.00303712,108.25,3.14E-05,0.433,-0.00237908,108.25,5.29E-05
0.434,0.29637,,,0.434,-0.00336614,108.5,9.09E-05,0.434,-0.00336614,108.5,2.93E-05,0.434,-0.00237908,108.5,4.36E-05
0.435,0.277945,,,0.435,-0.0027081,108.75,0.000164872,0.435,-0.00369516,108.75,1.58E-05,0.435,-0.00205007,108.75,6.71E-05
0.436,0.326311,,,0.436,-0.00237908,109,0.000169232,0.436,-0.00336614,109,3.82E-05,0.436,-0.00172105,109,6.08E-05
0.437,0.320388,,,0.437,-0.0027081,109.25,0.000115734,0.437,-0.00303712,109.25,5.20E-05,0.437,-0.00172105,109.25,6.61E-05
0.438,0.281893,,,0.438,-0.00303712,109.5,8.06E-05,0.438,-0.00369516,109.5,4.53E-05,0.438,-0.00205007,109.5,6.17E-05
0.439,0.211812,,,0.439,-0.0027081,109.75,9.07E-05,0.439,-0.00336614,109.75,6.24E-05,0.439,-0.00106301,109.75,5.92E-05
0.44,0.143376,,,0.44,-0.00336614,110,5.59E-05,0.44,-0.00336614,110,7.28E-05,0.44,-0.00139203,110,5.28E-05
0.441,0.0936944,,,0.441,-0.00303712,110.25,0.000125252,0.441,-0.00336614,110.25,7.97E-05,0.441,-0.00172105,110.25,6.54E-05
0.442,0.0900752,,,0.442,-0.00237908,110.5,0.000159379,0.442,-0.00303712,110.5,9.30E-05,0.442,-0.00205007,110.5,3.90E-05
0.443,0.0551992,,,0.443,-0.00303712,110.75,0.000145851,0.443,-0.00336614,110.75,1.00E-04,0.443,-0.00205007,110.75,4.70E-05
0.444,-0.0250814,,,0.444,-0.00237908,111,8.82E-05,0.444,-0.00303712,111,0.000102474,0.444,-0.00139203,111,4.91E-05
0.445,-0.110626,,,0.445,-0.0027081,111.25,8.94E-05,0.445,-0.00303712,111.25,0.000109854,0.445,-0.00205007,111.25,3.72E-05
0.446,-0.173469,,,0.446,-0.00303712,111.5,9.26E-05,0.446,-0.0027081,111.5,0.000125419,0.446,-0.00205007,111.5,4.17E-05
0.447,-0.128393,,,0.447,-0.00303712,111.75,6.09E-05,0.447,-0.00303712,111.75,0.000132403,0.447,-0.00205007,111.75,3.82E-05
0.448,-0.222164,,,0.448,-0.00205007,112,3.04E-05,0.448,-0.00336614,112,0.000132665,0.448,-0.00205007,112,4.53E-05
0.449,-0.225454,,,0.449,-0.00237908,112.25,3.43E-05,0.449,-0.00369516,112.25,0.000103863,0.449,-0.00205007,112.25,3.16E-05
0.45,-0.245195,,,0.45,-0.00303712,112.5,7.08E-05,0.45,-0.00369516,112.5,7.33E-05,0.45,-0.00205007,112.5,5.76E-05
0.451,-0.306722,,,0.451,-0.0027081,112.75,0.000161509,0.451,-0.00402418,112.75,7.09E-05,0.451,-0.00303712,112.75,5.34E-05
0.452,-0.353443,,,0.452,-0.0027081,113,0.000217187,0.452,-0.00402418,113,5.90E-05,0.452,-0.00237908,113,6.61E-05
0.453,-0.293232,,,0.453,-0.0027081,113.25,0.000175548,0.453,-0.00402418,113.25,5.11E-05,0.453,-0.00237908,113.25,7.12E-05
0.454,-0.283361,,,0.454,-0.0027081,113.5,9.82E-05,0.454,-0.00369516,113.5,3.53E-05,0.454,-0.00205007,113.5,6.83E-05
0.455,-0.268227,,,0.455,-0.00303712,113.75,6.15E-05,0.455,-0.00369516,113.75,4.02E-05,0.455,-0.00172105,113.75,8.32E-05
0.456,-0.281387,,,0.456,-0.0027081,114,7.91E-05,0.456,-0.00336614,114,4.73E-05,0.456,-0.00139203,114,7.98E-05
0.457,-0.280729,,,0.457,-0.0027081,114.25,6.98E-05,0.457,-0.00303712,114.25,7.16E-05,0.457,-0.00139203,114.25,7.58E-05
0.458,-0.258685,,,0.458,-0.00303712,114.5,5.92E-05,0.458,-0.00303712,114.5,8.60E-05,0.458,-0.00205007,114.5,8.53E-05
0.459,-0.143199,,,0.459,-0.0027081,114.75,0.00018889,0.459,-0.00303712,114.75,8.38E-05,0.459,-0.00139203,114.75,9.22E-05
0.46,-0.122142,,,0.46,-0.00237908,115,0.000275049,0.46,-0.00336614,115,7.57E-05,0.46,-0.00139203,115,7.50E-05
0.461,-0.0586413,,,0.461,-0.00237908,115.25,0.000275113,0.461,-0.00336614,115.25,4.72E-05,0.461,-0.00139203,115.25,7.61E-05
0.462,-0.0810146,,,0.462,-0.0027081,115.5,0.000157565,0.462,-0.0027081,115.5,2.17E-05,0.462,-0.00139203,115.5,6.83E-05
0.463,-0.0208041,,,0.463,-0.0027081,115.75,8.02E-05,0.463,-0.00237908,115.75,5.69E-06,0.463,-0.00139203,115.75,5.66E-05
0.464,0.0479608,,,0.464,-0.0027081,116,8.84E-05,0.464,-0.00303712,116,3.65E-05,0.464,-0.00172105,116,5.39E-05
0.465,0.12199,,,0.465,-0.00205007,116.25,9.91E-05,0.465,-0.0027081,116.25,5.46E-05,0.465,-0.00172105,116.25,6.84E-05
0.466,0.215102,,,0.466,-0.00172105,116.5,9.43E-05,0.466,-0.00303712,116.5,4.99E-05,0.466,-0.00172105,116.5,3.62E-05
0.467,0.105539,,,0.467,-0.00205007,116.75,0.000137038,0.467,-0.00336614,116.75,3.53E-05,0.467,-0.00172105,116.75,3.42E-05
0.468,0.218392,,,0.468,-0.00237908,117,0.000133738,0.468,-0.00336614,117,4.39E-05,0.468,-0.00205007,117,2.63E-05
0.469,0.259191,,,0.469,-0.00237908,117.25,7.37E-05,0.469,-0.00303712,117.25,7.41E-05,0.469,-0.00205007,117.25,2.74E-05
0.47,0.262481,,,0.47,-0.00303712,117.5,0.000113618,0.47,-0.00303712,117.5,0.000106833,0.47,-0.00172105,117.5,6.63E-06
0.471,0.307557,,,0.471,-0.0027081,117.75,0.000124557,0.471,-0.00303712,117.75,0.000102162,0.471,-0.00172105,117.75,1.27E-05
0.472,0.346381,,,0.472,-0.0027081,118,0.00015426,0.472,-0.0027081,118,7.51E-05,0.472,-0.00139203,118,1.95E-05
0.473,0.200955,,,0.473,-0.00303712,118.25,0.00012313,0.473,-0.00303712,118.25,4.12E-05,0.473,-0.00139203,118.25,5.96E-06
0.474,0.300976,,,0.474,-0.0027081,118.5,7.34E-05,0.474,-0.00303712,118.5,5.65E-05,0.474,-0.00172105,118.5,2.46E-05
0.475,0.26281,,,0.475,-0.00237908,118.75,2.93E-05,0.475,-0.00303712,118.75,0.00010565,0.475,-0.00139203,118.75,3.07E-05
0.476,0.231553,,,0.476,-0.00336614,119,0.000104183,0.476,-0.0027081,119,0.000117381,0.476,-0.00106301,119,4.26E-05
0.477,0.246688,,,0.477,-0.0027081,119.25,0.0001705,0.477,-0.0027081,119.25,0.000130249,0.477,-0.00139203,119.25,4.41E-05
0.478,0.155879,,,0.478,-0.0027081,119.5,0.000216687,0.478,-0.00303712,119.5,0.00013896,0.478,-0.00106301,119.5,4.44E-05
0.479,0.0831658,,,0.479,-0.0027081,119.75,0.000210844,0.479,-0.00303712,119.75,0.000124732,0.479,-0.00073399,119.75,6.26E-05
0.48,0.0459867,,,0.48,-0.00237908,120,0.000174305,0.48,-0.00237908,120,0.000111903,0.48,-0.00139203,120,3.15E-05
0.481,0.0186781,,,0.481,-0.0027081,120.25,0.000115971,0.481,-0.00303712,120.25,8.99E-05,0.481,-0.00205007,120.25,6.33E-05
0.482,0.00124012,,,0.482,-0.0027081,120.5,0.000209305,0.482,-0.00303712,120.5,4.90E-05,0.482,-0.00205007,120.5,5.02E-05
0.483,-0.0569962,,,0.483,-0.0027081,120.75,0.000288055,0.483,-0.00369516,120.75,2.76E-05,0.483,-0.00139203,120.75,4.51E-05
0.484,-0.132013,,,0.484,-0.00237908,121,0.000292254,0.484,-0.00336614,121,1.65E-05,0.484,-0.00172105,121,4.82E-05
0.485,-0.193539,,,0.485,-0.0027081,121.25,0.000259462,0.485,-0.00303712,121.25,3.28E-05,0.485,-0.00172105,121.25,4.56E-05
0.486,-0.2067,,,0.486,-0.00303712,121.5,0.000221304,0.486,-0.00336614,121.5,4.69E-05,0.486,-0.00106301,121.5,4.68E-05
0.487,-0.209661,,,0.487,-0.00336614,121.75,0.000139616,0.487,-0.00336614,121.75,7.71E-05,0.487,-0.00073399,121.75,3.81E-05
0.488,-0.2169,,,0.488,-0.00303712,122,8.67E-05,0.488,-0.00303712,122,0.000121801,0.488,-0.000404971,122,4.09E-05
0.489,-0.258027,,,0.489,-0.00369516,122.25,0.000159631,0.489,-0.00303712,122.25,0.000137301,0.489,-0.000404971,122.25,2.45E-05
0.49,-0.294877,,,0.49,-0.00303712,122.5,0.000141629,0.49,-0.00237908,122.5,0.000124297,0.49,-0.000404971,122.5,1.84E-05
0.491,-0.302774,,,0.491,-0.00336614,122.75,1.45E-05,0.491,-0.0027081,122.75,8.44E-05,0.491,-7.60E-05,122.75,1.16E-05
0.492,-0.288955,,,0.492,-0.00303712,123,0.000131485,0.492,-0.0027081,123,2.42E-05,0.492,-7.60E-05,123,5.61E-06
0.493,-0.237299,,,0.493,-0.00237908,123.25,0.000179925,0.493,-0.00303712,123.25,3.10E-05,0.493,-7.60E-05,123.25,9.01E-06
0.494,-0.228744,,,0.494,-0.00303712,123.5,0.000141908,0.494,-0.00303712,123.5,5.87E-05,0.494,-7.60E-05,123.5,1.58E-05
0.495,-0.217229,,,0.495,-0.00303712,123.75,7.45E-05,0.495,-0.0027081,123.75,7.88E-05,0.495,0.000253067,123.75,2.63E-05
0.496,-0.220848,,,0.496,-0.0027081,124,5.87E-05,0.496,-0.0027081,124,7.32E-05,0.496,-7.60E-05,124,3.00E-05
0.497,-0.184985,,,0.497,-0.00237908,124.25,7.24E-05,0.497,-0.00336614,124.25,7.21E-05,0.497,-0.00073399,124.25,3.54E-05
0.498,-0.118523,,,0.498,-0.00237908,124.5,6.98E-05,0.498,-0.00303712,124.5,8.99E-05,0.498,-0.000404971,124.5,2.01E-05
0.499,-0.0579833,,,0.499,-0.0027081,124.75,4.59E-05,0.499,-0.00303712,124.75,0.000104579,0.499,-7.60E-05,124.75,4.69E-05
0.5,-0.00369516,,,0.5,-0.00303712,125,0.000147718,0.5,-0.00336614,125,0.000108363,0.5,-0.000404971,125,4.12E-05
0.501,0.00551737,,,0.501,-0.0027081,125.25,0.000227095,0.501,-0.00336614,125.25,9.14E-05,0.501,-7.60E-05,125.25,3.23E-05
0.502,0.0351291,,,0.502,-0.00303712,125.5,0.000194599,0.502,-0.00336614,125.5,5.35E-05,0.502,-7.60E-05,125.5,4.71E-05
0.503,0.0973136,,,0.503,-0.00303712,125.75,8.82E-05,0.503,-0.00336614,125.75,1.94E-06,0.503,0.000253067,125.75,4.31E-05
0.504,0.172001,,,0.504,-0.00336614,126,0.000148054,0.504,-0.00303712,126,3.43E-05,0.504,0.000253067,126,4.71E-05
0.505,0.220696,,,0.505,-0.00303712,126.25,0.000165225,0.505,-0.00303712,126.25,6.03E-05,0.505,0.000253067,126.25,5.03E-05
0.506,0.231224,,,0.506,-0.00303712,126.5,0.000110927,0.506,-0.00369516,126.5,4.68E-05,0.506,0.000582086,126.5,4.63E-05
0.507,0.227605,,,0.507,-0.00303712,126.75,0.000255578,0.507,-0.00369516,126.75,3.82E-05,0.507,0.000582086,126.75,6.08E-05
0.508,0.243398,,,0.508,-0.00336614,127,0.000353185,0.508,-0.0027081,127,3.03E-05,0.508,0.000253067,127,4.38E-05
0.509,0.285841,,,0.509,-0.00303712,127.25,0.000318488,0.509,-0.0027081,127.25,6.55E-05,0.509,0.000582086,127.25,5.79E-05
0.51,0.313808,,,0.51,-0.00336614,127.5,0.000265647,0.51,-0.00336614,127.5,0.000112664,0.51,0.000253067,127.5,4.57E-05
0.511,0.300976,,,0.511,-0.00303712,127.75,0.000247439,0.511,-0.00303712,127.75,0.000122056,0.511,0.000253067,127.75,2.32E-05
0.512,0.252939,,,0.512,-0.00303712,128,0.000212329,0.512,-0.00303712,128,9.72E-05,0.512,0.000253067,128,3.13E-05
0.513,0.213457,,,0.513,-0.00303712,128.25,0.00014573,0.513,-0.00303712,128.25,7.64E-05,0.513,0.000582086,128.25,2.20E-05
0.514,0.200625,,,0.514,-0.00303712,128.5,0.000125644,0.514,-0.00336614,128.5,5.69E-05,0.514,-7.60E-05,128.5,2.66E-05
0.515,0.200296,,,0.515,-0.00336614,128.75,0.000142699,0.515,-0.00336614,128.75,4.58E-05,0.515,0.00156914,128.75,2.42E-05
0.516,0.170356,,,0.516,-0.00303712,129,0.000265059,0.516,-0.00369516,129,2.89E-05,0.516,-7.60E-05,129,1.18E-05
0.517,0.104223,,,0.517,-0.0027081,129.25,0.000349546,0.517,-0.00336614,129.25,3.43E-05,0.517,-0.000404971,129.25,1.84E-05
0.518,0.0301938,,,0.518,-0.00303712,129.5,0.000318497,0.518,-0.00336614,129.5,5.13E-05,0.518,0.000253067,129.5,9.03E-06
0.519,-0.0158689,,,0.519,-0.00303712,129.75,0.000245632,0.519,-0.00303712,129.75,6.14E-05,0.519,0.000911104,129.75,6.43E-06
0.52,-0.0369261,,,0.52,-0.00303712,130,0.000311941,0.52,-0.00336614,130,7.37E-05,0.52,0.000911104,130,2.89E-05
0.521,-0.0428484,,,0.521,-0.00303712,130.25,0.000316433,0.521,-0.00303712,130.25,0.000106671,0.521,-7.60E-05,130.25,1.63E-05
0.522,-0.133987,,,0.522,-0.00369516,130.5,0.000210488,0.522,-0.00303712,130.5,0.000126071,0.522,-0.000404971,130.5,2.34E-05
0.523,-0.157676,,,0.523,-0.00303712,130.75,6.91E-05,0.523,-0.00336614,130.75,0.000118516,0.523,-0.000404971,130.75,2.45E-05
0.524,-0.261317,,,0.524,-0.00303712,131,0.000169673,0.524,-0.00303712,131,0.000116874,0.524,0.000253067,131,2.32E-05
0.525,-0.200778,,,0.525,-0.00336614,131.25,0.000222844,0.525,-0.00369516,131.25,0.000121334,0.525,-7.60E-05,131.25,1.95E-05
0.526,-0.238944,,,0.526,-0.00369516,131.5,0.000209852,0.526,-0.00303712,131.5,7.50E-05,0.526,0.000253067,131.5,2.76E-05
0.527,-0.23368,,,0.527,-0.00303712,131.75,0.000213954,0.527,-0.00336614,131.75,8.54E-05,0.527,-0.00073399,131.75,1.59E-05
0.528,-0.26691,,,0.528,-0.00336614,132,0.000281725,0.528,-0.00303712,132,9.86E-05,0.528,-0.00172105,132,3.57E-05
0.529,-0.274478,,,0.529,-0.00336614,132.25,0.00033502,0.529,-0.0027081,132.25,9.56E-05,0.529,-0.00139203,132.25,2.22E-05
0.53,-0.290929,,,0.53,-0.0027081,132.5,0.000354293,0.53,-0.00336614,132.5,0.000105186,0.53,-0.00205007,132.5,4.52E-05
0.531,-0.284019,,,0.531,-0.00303712,132.75,0.000301726,0.531,-0.00369516,132.75,7.45E-05,0.531,-0.00172105,132.75,6.96E-05
0.532,-0.202094,,,0.532,-0.0027081,133,0.000291738,0.532,-0.00336614,133,5.95E-05,0.532,-0.00205007,133,6.33E-05
0.533,-0.189591,,,0.533,-0.00237908,133.25,0.000287295,0.533,-0.00336614,133.25,5.16E-05,0.533,-0.00205007,133.25,4.82E-05
0.534,-0.188604,,,0.534,-0.00336614,133.5,0.000240712,0.534,-0.00369516,133.5,4.94E-05,0.534,-0.00237908,133.5,5.83E-05
0.535,-0.166231,,,0.535,-0.0027081,133.75,0.000272353,0.535,-0.00369516,133.75,6.12E-05,0.535,-0.00237908,133.75,4.96E-05
0.536,-0.14287,,,0.536,-0.00303712,134,0.000272918,0.536,-0.00369516,134,3.94E-05,0.536,-0.00073399,134,3.30E-05
0.537,-0.0770664,,,0.537,-0.00336614,134.25,0.00025329,0.537,-0.00369516,134.25,2.96E-05,0.537,-0.00073399,134.25,4.51E-05
0.538,-0.00830143,,,0.538,-0.00336614,134.5,0.000197336,0.538,-0.00369516,134.5,4.00E-05,0.538,-0.000404971,134.5,2.07E-05
0.539,0.0298648,,,0.539,-0.00336614,134.75,0.000132558,0.539,-0.00336614,134.75,3.69E-05,0.539,-0.00139203,134.75,2.31E-05
0.54,0.0486188,,,0.54,-0.00303712,135,9.60E-05,0.54,-0.00369516,135,2.11E-05,0.54,-0.00073399,135,3.62E-06
0.541,0.0808627,,,0.541,-0.00303712,135.25,3.70E-05,0.541,-0.00369516,135.25,9.22E-06,0.541,0.000253067,135.25,1.10E-05
0.542,0.135151,,,0.542,-0.0027081,135.5,0.000144236,0.542,-0.00336614,135.5,2.62E-05,0.542,-0.000404971,135.5,1.68E-05
0.543,0.194045,,,0.543,-0.00336614,135.75,0.000146992,0.543,-0.00336614,135.75,4.46E-05,0.543,-0.00073399,135.75,1.59E-05
0.544,0.215431,,,0.544,-0.00303712,136,0.000111585,0.544,-0.00369516,136,5.41E-05,0.544,-0.00139203,136,1.64E-05
0.545,0.240766,,,0.545,-0.00237908,136.25,3.69E-05,0.545,-0.00303712,136.25,7.11E-05,0.545,-0.00172105,136.25,4.46E-05
0.546,0.188781,,,0.546,-0.00336614,136.5,0.000100792,0.546,-0.00303712,136.5,6.12E-05,0.546,-0.0027081,136.5,1.70E-05
0.547,0.22925,,,0.547,-0.0027081,136.75,0.000170923,0.547,-0.00303712,136.75,5.93E-05,0.547,-0.00336614,136.75,4.01E-05
0.548,0.268732,,,0.548,-0.0027081,137,0.00019163,0.548,-0.00336614,137,5.75E-05,0.548,-0.0027081,137,5.31E-05
0.549,0.268732,,,0.549,-0.0027081,137.25,0.000150124,0.549,-0.00336614,137.25,5.53E-05,0.549,-0.0043532,137.25,4.50E-05
0.55,0.280248,,,0.55,-0.0027081,137.5,0.000143663,0.55,-0.0043532,137.5,4.92E-05,0.55,-0.00468222,137.5,6.13E-05
0.551,0.204574,,,0.551,-0.0027081,137.75,0.00012677,0.551,-0.00369516,137.75,4.70E-05,0.551,-0.00501124,137.75,5.64E-05
0.552,0.172659,,,0.552,-0.0027081,138,0.000135628,0.552,-0.0043532,138,7.02E-05,0.552,-0.00402418,138,6.55E-05
0.553,0.173975,,,0.553,-0.0027081,138.25,0.00012905,0.553,-0.00369516,138.25,7.81E-05,0.553,-0.00369516,138.25,6.62E-05
0.554,0.153247,,,0.554,-0.00303712,138.5,0.000130395,0.554,-0.00336614,138.5,8.62E-05,0.554,-0.00139203,138.5,7.57E-05
0.555,0.113436,,,0.555,-0.00303712,138.75,0.000149026,0.555,-0.00402418,138.75,6.68E-05,0.555,-0.00205007,138.75,5.98E-05
0.556,0.0551992,,,0.556,-0.00303712,139,0.000176881,0.556,-0.00336614,139,4.96E-05,0.556,0.000582086,139,6.66E-05
0.557,-0.0096175,,,0.557,-0.00336614,139.25,0.000181699,0.557,-0.00336614,139.25,4.44E-05,0.557,0.00551737,139.25,7.13E-05
0.558,-0.0484417,,,0.558,-0.00336614,139.5,0.00016064,0.558,-0.00336614,139.5,4.10E-05,0.558,0.00847854,139.5,6.13E-05
0.559,-0.0685119,,,0.559,-0.00303712,139.75,0.000152914,0.559,-0.00303712,139.75,3.80E-05,0.559,0.0104527,139.75,8.11E-05
0.56,-0.0915432,,,0.56,-0.00303712,140,0.000148441,0.56,-0.00303712,140,1.73E-05,0.56,0.00288522,140,4.65E-05
0.561,-0.135961,,,0.561,-0.0027081,140.25,0.000188285,0.561,-0.00336614,140.25,1.04E-05,0.561,0.0176911,140.25,4.61E-05
0.562,-0.184656,,,0.562,-0.00237908,140.5,0.000116922,0.562,-0.00303712,140.5,3.49E-05,0.562,0.0413804,140.5,4.22E-05
0.563,-0.221835,,,0.563,-0.00205007,140.75,2.49E-05,0.563,-0.00303712,140.75,5.51E-05,0.563,0.10521,140.75,5.20E-05
0.564,-0.227099,,,0.564,-0.00237908,141,0.000136239,0.564,-0.00336614,141,9.09E-05,0.564,0.187794,141,3.25E-05
0.565,-0.224467,,,0.565,-0.0027081,141.25,0.000233679,0.565,-0.00336614,141.25,0.000105383,0.565,0.186807,141.25,2.04E-05
0.566,-0.224796,,,0.566,-0.0027081,141.5,0.000276671,0.566,-0.00303712,141.5,0.000109462,0.566,0.0397353,141.5,4.01E-05
0.567,-0.240589,,,0.567,-0.00205007,141.75,0.000226693,0.567,-0.00336614,141.75,8.65E-05,0.567,0.161801,141.75,3.90E-05
0.568,-0.252434,,,0.568,-0.0027081,142,0.000184547,0.568,-0.00369516,142,6.34E-05,0.568,0.173317,142,3.51E-05
0.569,-0.249472,,,0.569,-0.00336614,142.25,0.00015291,0.569,-0.00369516,142.25,5.24E-05,0.569,0.216089,142.25,4.25E-05
0.57,-0.211635,,,0.57,-0.00336614,142.5,0.000140406,0.57,-0.00303712,142.5,2.44E-05,0.57,-0.00501124,142.5,5.16E-05
0.571,-0.180378,,,0.571,-0.00303712,142.75,8.63E-05,0.571,-0.00336614,142.75,8.96E-06,0.571,-0.0556802,142.75,4.19E-05
0.572,-0.148135,,,0.572,-0.00303712,143,1.30E-05,0.572,-0.00336614,143,1.81E-05,0.572,-0.150438,143,3.83E-05
0.573,-0.133658,,,0.573,-0.00303712,143.25,9.91E-05,0.573,-0.00369516,143.25,2.55E-05,0.573,-0.0115916,143.25,6.92E-05
0.574,-0.112271,,,0.574,-0.0027081,143.5,0.000119772,0.574,-0.00336614,143.5,4.16E-05,0.574,-0.0639056,143.5,7.01E-05
0.575,-0.0731182,,,0.575,-0.00237908,143.75,6.03E-05,0.575,-0.00303712,143.75,7.25E-05,0.575,-0.0655507,143.75,6.56E-05
0.576,-0.0145528,,,0.576,-0.00303712,144,0.000100655,0.576,-0.00303712,144,0.000109084,0.576,-0.255724,144,7.02E-05
0.577,0.0384193,,,0.577,-0.00237908,144.25,0.000210101,0.577,-0.00369516,144.25,0.000110556,0.577,-0.267239,144.25,6.83E-05
0.578,0.0752694,,,0.578,-0.0027081,144.5,0.00022613,0.578,-0.00336614,144.5,9.37E-05,0.578,-0.28369,144.5,7.57E-05
0.579,0.0976426,,,0.579,-0.00205007,144.75,0.000156226,0.579,-0.0027081,144.75,7.29E-05,0.579,-0.145173,144.75,9.29E-05
0.58,0.12528,,,0.58,-0.00237908,145,0.000104989,0.58,-0.00303712,145,3.53E-05,0.58,-0.175443,145,7.26E-05
0.581,0.166079,,,0.581,-0.00237908,145.25,8.25E-05,0.581,-0.00336614,145.25,1.85E-05,0.581,-0.177417,145.25,7.69E-05
0.582,0.209838,,,0.582,-0.00172105,145.5,5.55E-05,0.582,-0.00303712,145.5,5.64E-05,0.582,-0.311328,145.5,8.29E-05
0.583,0.236159,,,0.583,-0.00237908,145.75,3.36E-05,0.583,-0.00303712,145.75,7.73E-05,0.583,-0.260659,145.75,9.98E-05
0.584,0.239779,,,0.584,-0.00205007,146,3.48E-05,0.584,-0.00369516,146,7.82E-05,0.584,-0.225783,146,8.33E-05
0.585,0.23583,,,0.585,-0.00205007,146.25,0.000103253,0.585,-0.00303712,146.25,7.06E-05,0.585,-0.0688409,146.25,9.42E-05
0.586,0.237805,,,0.586,-0.00237908,146.5,0.000154032,0.586,-0.00336614,146.5,6.21E-05,0.586,-0.0856209,146.5,8.21E-05
0.587,0.244385,,,0.587,-0.0027081,146.75,0.00016168,0.587,-0.00369516,146.75,4.25E-05,0.587,-0.0800276,146.75,6.81E-05
0.588,0.240437,,,0.588,-0.0027081,147,0.000121061,0.588,-0.00303712,147,7.04E-06,0.588,-0.159979,147,4.33E-05
0.589,0.218063,,,0.589,-0.0027081,147.25,7.11E-05,0.589,-0.00402418,147.25,2.76E-05,0.589,-0.0714731,147.25,4.48E-05
0.59,0.176278,,,0.59,-0.00237908,147.5,5.77E-05,0.59,-0.00303712,147.5,2.86E-05,0.59,0.00913658,147.5,3.62E-05
0.591,0.139428,,,0.591,-0.0027081,147.75,0.000125825,0.591,-0.00303712,147.75,1.85E-05,0.591,0.146666,147.75,2.07E-05
0.592,0.111461,,,0.592,-0.0027081,148,0.00013205,0.592,-0.00336614,148,2.50E-05,0.592,0.126925,148,2.80E-05
0.593,0.0890882,,,0.593,-0.00139203,148.25,0.000106588,0.593,-0.00336614,148.25,2.29E-05,0.593,0.0950105,148.25,1.23E-05
0.594,0.052238,,,0.594,-0.00205007,148.5,0.000120882,0.594,-0.00336614,148.5,2.78E-05,0.594,0.0752694,148.5,1.49E-05
0.595,-0.00139203,,,0.595,-0.00237908,148.75,0.000144144,0.595,-0.00336614,148.75,3.19E-05,0.595,0.151931,148.75,2.44E-05
0.596,-0.0375841,,,0.596,-0.00205007,149,0.000163813,0.596,-0.00336614,149,6.66E-05,0.596,0.274326,149,3.82E-05
0.597,-0.104375,,,0.597,-0.00139203,149.25,0.000216434,0.597,-0.00303712,149.25,8.70E-05,0.597,0.365135,149.25,3.11E-05
0.598,-0.119839,,,0.598,-0.00139203,149.5,0.000211775,0.598,-0.00369516,149.5,7.84E-05,0.598,0.23254,149.5,3.10E-05
0.599,-0.132013,,,0.599,-0.00172105,149.75,0.000101939,0.599,-0.00336614,149.75,6.91E-05,0.599,0.0890882,149.75,6.72E-05
0.6,-0.173798,,,0.6,-0.00106301,150,9.03E-05,0.6,-0.00369516,150,4.28E-05,0.6,0.224973,150,4.76E-05
0.601,-0.203081,,,0.601,-0.00172105,150.25,0.000202391,0.601,-0.00402418,150.25,2.96E-05,0.601,0.222012,150.25,6.55E-05
0.602,-0.23006,,,0.602,-0.00106301,150.5,0.000198011,0.602,-0.00369516,150.5,2.71E-05,0.602,0.288802,150.5,4.37E-05
0.603,-0.256711,,,0.603,-0.00139203,150.75,8.48E-05,0.603,-0.00369516,150.75,4.24E-05,0.603,0.205232,150.75,5.67E-05
0.604,-0.222493,,,0.604,-0.00139203,151,4.85E-05,0.604,-0.00402418,151,4.81E-05,0.604,0.150944,151,5.09E-05
0.605,-0.219861,,,0.605,-0.00139203,151.25,6.52E-05,0.605,-0.00369516,151.25,4.69E-05,0.605,0.0025562,151.25,5.15E-05
0.606,-0.211635,,,0.606,-0.00106301,151.5,2.37E-05,0.606,-0.00369516,151.5,5.47E-05,0.606,0.159498,151.5,4.80E-05
0.607,-0.244537,,,0.607,-0.00139203,151.75,6.43E-05,0.607,-0.00369516,151.75,5.83E-05,0.607,0.0621086,151.75,3.32E-05
0.608,-0.240918,,,0.608,-0.00106301,152,0.000108529,0.608,-0.00402418,152,8.40E-05,0.608,0.0992877,152,3.09E-05
0.609,-0.217887,,,0.609,-0.000404971,152.25,0.00015944,0.609,-0.00369516,152.25,7.87E-05,0.609,0.0150589,152.25,2.01E-05
0.61,-0.121813,,,0.61,-0.000404971,152.5,0.000167814,0.61,-0.00336614,152.5,7.28E-05,0.61,-0.115233,152.5,2.35E-05
0.611,-0.138264,,,0.611,-0.00073399,152.75,0.0001354,0.611,-0.00336614,152.75,5.52E-05,0.611,-0.165573,152.75,2.87E-05
0.612,-0.0928593,,,0.612,-7.60E-05,153,0.000212821,0.612,-0.00336614,153,4.64E-05,0.612,-0.0885821,153,4.23E-05
0.613,-0.0609445,,,0.613,0.000253067,153.25,0.000321139,0.613,-0.00369516,153.25,5.60E-05,0.613,-0.147147,153.25,5.64E-05
0.614,-0.0313328,,,0.614,-0.000404971,153.5,0.000313971,0.614,-0.00369516,153.5,5.98E-05,0.614,-0.118194,153.5,7.19E-05
0.615,0.0190071,,,0.615,0.000582086,153.75,0.000226167,0.615,-0.00369516,153.75,3.54E-05,0.615,-0.204068,153.75,6.25E-05
0.616,0.0719792,,,0.616,-7.60E-05,154,0.000214179,0.616,-0.00336614,154,3.17E-05,0.616,-0.274478,154,3.96E-05
0.617,0.107184,,,0.617,0.000253067,154.25,0.000185929,0.617,-0.00369516,154.25,6.25E-05,0.617,-0.258685,154.25,2.50E-05
0.618,0.134164,,,0.618,0.000582086,154.5,0.000107072,0.618,-0.00369516,154.5,0.000105708,0.618,-0.178075,154.5,5.90E-05
0.619,0.153247,,,0.619,0.000911104,154.75,0.000179712,0.619,-0.00369516,154.75,0.000144775,0.619,-0.194197,154.75,4.32E-05
0.62,0.198322,,,0.62,0.000582086,155,0.000315088,0.62,-0.00303712,155,0.000165397,0.62,-0.164585,155,6.11E-05
0.621,0.208193,,,0.621,0.000582086,155.25,0.000346675,0.621,-0.00303712,155.25,0.000156694,0.621,-0.247169,155.25,7.56E-05
0.622,0.222999,,,0.622,0.000911104,155.5,0.000320756,0.622,-0.00303712,155.5,0.000131529,0.622,-0.225783,155.5,6.62E-05
0.623,0.226289,,,0.623,0.000582086,155.75,0.000288125,0.623,-0.00237908,155.75,0.000110639,0.623,-0.174456,155.75,9.71E-05
0.624,0.222341,,,0.624,0.00124012,156,0.000223609,0.624,-0.00237908,156,0.000102911,0.624,-0.0658797,156,0.000109808
0.625,0.212141,,,0.625,0.00156914,156.25,0.000194562,0.625,-0.0027081,156.25,9.75E-05,0.625,-0.0395582,156.25,8.78E-05
0.626,0.206548,,,0.626,0.00156914,156.5,0.000179894,0.626,-0.00303712,156.5,8.70E-05,0.626,-0.0204751,156.5,9.99E-05
0.627,0.197993,,,0.627,0.00222718,156.75,0.000113488,0.627,-0.00237908,156.75,6.21E-05,0.627,-0.0596284,156.75,8.65E-05
0.628,0.175949,,,0.628,0.00222718,157,4.01E-05,0.628,-0.00303712,157,3.89E-05,0.628,-0.0125787,157,0.000105149
0.629,0.139757,,,0.629,0.00222718,157.25,0.000135522,0.629,-0.0027081,157.25,5.62E-05,0.629,0.0568443,157.25,8.74E-05
0.63,0.100275,,,0.63,0.0025562,157.5,0.000158496,0.63,-0.00303712,157.5,6.90E-05,0.63,0.142389,157.5,7.73E-05
0.631,0.068689,,,0.631,0.00288522,157.75,0.000122367,0.631,-0.00237908,157.75,4.61E-05,0.631,0.166408,157.75,8.02E-05
0.632,0.0410514,,,0.632,0.00321424,158,6.69E-05,0.632,-0.00237908,158,3.67E-05,0.632,0.116397,158,6.31E-05
0.633,0.00814952,,,0.633,0.00354326,158.25,5.95E-05,0.633,-0.00336614,158.25,5.39E-06,0.633,0.122319,158.25,4.53E-05
0.634,-0.0323198,,,0.634,0.00354326,158.5,6.20E-05,0.634,-0.00336614,158.5,2.18E-05,0.634,0.154892,158.5,5.39E-05
0.635,-0.0780534,,,0.635,0.00321424,158.75,6.25E-05,0.635,-0.00237908,158.75,4.28E-06,0.635,0.255572,158.75,1.71E-05
0.636,-0.113258,,,0.636,0.00288522,159,8.87E-05,0.636,-0.00303712,159,2.35E-05,0.636,0.258533,159,1.72E-05
0.637,-0.138264,,,0.637,0.00222718,159.25,0.000115025,0.637,-0.0027081,159.25,7.83E-05,0.637,0.266429,159.25,2.88E-05
0.638,-0.155373,,,0.638,0.00288522,159.5,0.000107991,0.638,-0.0027081,159.5,0.00010899,0.638,0.141402,159.5,1.56E-05
0.639,-0.174127,,,0.639,0.00189816,159.75,0.00011707,0.639,-0.0027081,159.75,0.000140713,0.639,0.172988,159.75,2.36E-05
0.64,-0.196171,,,0.64,0.00222718,160,0.000145361,0.64,-0.0027081,160,0.000139637,0.64,0.197664,160,2.35E-05
0.641,-0.215912,,,0.641,0.00156914,160.25,0.000143785,0.641,-0.0027081,160.25,0.000107616,0.641,0.236159,160.25,4.22E-05
0.642,-0.223151,,,0.642,0.00156914,160.5,7.70E-05,0.642,-0.00237908,160.5,7.52E-05,0.642,0.173646,160.5,5.10E-05
0.643,-0.217229,,,0.643,0.00288522,160.75,9.51E-05,0.643,-0.0027081,160.75,2.50E-05,0.643,0.102578,160.75,7.56E-05
0.644,-0.203081,,,0.644,0.0025562,161,0.000129952,0.644,-0.00303712,161,3.09E-05,0.644,0.0183491,161,8.19E-05
0.645,-0.19321,,,0.645,0.00124012,161.25,0.000113844,0.645,-0.00237908,161.25,3.43E-05,0.645,0.0318389,161.25,9.72E-05
0.646,-0.183998,,,0.646,0.000582086,161.5,9.94E-05,0.646,-0.0027081,161.5,6.31E-05,0.646,0.0453287,161.5,0.000101599
0.647,-0.169521,,,0.647,0.000911104,161.75,0.000118589,0.647,-0.00303712,161.75,7.62E-05,0.647,0.0357871,161.75,9.26E-05
0.648,-0.146489,,,0.648,-0.00106301,162,0.000130371,0.648,-0.00237908,162,0.000122851,0.648,-0.053377,162,0.000100341
0.649,-0.108323,,,0.649,-0.00073399,162.25,0.000159379,0.649,-0.00336614,162.25,9.10E-05,0.649,-0.136619,162.25,0.000101744
0.65,-0.0655507,,,0.65,-0.00369516,162.5,0.000106162,0.65,-0.00237908,162.5,0.000115061,0.65,-0.17314,162.5,7.89E-05
0.651,-0.035939,,,0.651,-0.0027081,162.75,0.000104532,0.651,-0.0027081,162.75,9.86E-05,0.651,-0.130038,162.75,0.000114105
0.652,-0.0109336,,,0.652,-0.00731437,163,0.000222503,0.652,-0.0027081,163,0.00011213,0.652,-0.125432,163,0.000112585
0.653,0.0246005,,,0.653,-0.00172105,163.25,0.000323047,0.653,-0.00303712,163.25,8.98E-05,0.653,-0.151425,163.25,9.44E-05
0.654,0.0663859,,,0.654,-0.00566927,163.5,0.000240883,0.654,-0.0027081,163.5,6.46E-05,0.654,-0.225125,163.5,8.34E-05
0.655,0.105868,,,0.655,0.0134138,163.75,0.000131943,0.655,-0.00303712,163.75,7.57E-05,0.655,-0.24026,163.75,7.90E-05
0.656,0.140086,,,0.656,0.0700051,164,0.000244294,0.656,-0.00237908,164,9.31E-05,0.656,-0.249143,164,6.44E-05
0.657,0.159827,,,0.657,0.633614,164.25,0.000347215,0.657,-0.00237908,164.25,0.00010966,0.657,-0.190578,164.25,5.73E-05
0.658,0.172659,,,0.658,0.25952,164.5,0.000361404,0.658,-0.00205007,164.5,0.000131264,0.658,-0.142541,164.5,5.10E-05
0.659,0.190755,,,0.659,0.137125,164.75,0.000313474,0.659,-0.00237908,164.75,0.000121735,0.659,-0.14616,164.75,5.92E-05
0.66,0.214115,,,0.66,0.0473028,165,0.000294802,0.66,-0.00205007,165,0.000152817,0.66,-0.198145,165,4.72E-05
0.661,0.227605,,,0.661,0.235501,165.25,0.000396128,0.661,-0.0027081,165.25,0.000159433,0.661,-0.205055,165.25,6.09E-05
0.662,0.223657,,,0.662,0.242082,165.5,0.000447616,0.662,-0.00237908,165.5,0.000105724,0.662,-0.121813,165.5,8.80E-05
0.663,0.205232,,,0.663,0.157195,165.75,0.000405577,0.663,-0.0027081,165.75,0.000111274,0.663,-0.0125787,165.75,9.55E-05
0.664,0.186807,,,0.664,-0.0836468,166,0.000337992,0.664,-0.0027081,166,8.34E-05,0.664,-0.0402163,166,0.000124929
0.665,0.174962,,,0.665,-0.185314,166.25,0.000319952,0.665,-0.00237908,166.25,4.98E-05,0.665,-0.0398872,166.25,0.000145365
0.666,0.161143,,,0.666,-0.129709,166.5,0.000282721,0.666,-0.00237908,166.5,5.34E-05,0.666,-0.00698535,166.5,0.000151668
0.667,0.134493,,,0.667,-0.0504159,166.75,0.000291287,0.667,-0.00237908,166.75,8.20E-05,0.667,-0.00369516,166.75,0.000177859
0.668,0.0940234,,,0.668,-0.0326488,167,0.000348716,0.668,-0.00237908,167,9.45E-05,0.668,0.0785596,167,0.000198327
0.669,0.05158,,,0.669,-0.201436,167.25,0.000400876,0.669,-0.00237908,167.25,0.000115974,0.669,0.180226,167.25,0.000197403
0.67,0.016375,,,0.67,-0.34094,167.5,0.000464905,0.67,-0.00237908,167.5,0.000144076,0.67,0.15884,167.5,0.000222201
0.671,-0.00830143,,,0.671,-0.40806,167.75,0.000427891,0.671,-0.00205007,167.75,0.000131259,0.671,0.150944,167.75,0.000201239
0.672,-0.0372551,,,0.672,-0.263291,168,0.000371336,0.672,-0.00205007,168,0.000120726,0.672,0.138112,168,0.000220701
0.673,-0.0750923,,,0.673,-0.201765,168.25,0.000273313,0.673,-0.00237908,168.25,0.000103362,0.673,0.148312,168.25,0.000217299
0.674,-0.118852,,,0.674,-0.195184,168.5,0.000201132,0.674,-0.00237908,168.5,0.000103033,0.674,0.235172,168.5,0.000215248
0.675,-0.143528,,,0.675,-0.331727,168.75,0.000165186,0.675,-0.00205007,168.75,0.000147812,0.675,0.248333,168.75,0.000205752
0.676,-0.170837,,,0.676,-0.390622,169,0.000206349,0.676,-0.00172105,169,0.000176245,0.676,0.210496,169,0.000211424
0.677,-0.171495,,,0.677,-0.382725,169.25,0.000219249,0.677,-0.00205007,169.25,0.000177432,0.677,0.140086,169.25,0.000188837
0.678,-0.219203,,,0.678,-0.199132,169.5,0.000272211,0.678,-0.00172105,169.5,0.000141271,0.678,0.139428,169.5,0.000187865
0.679,-0.195842,,,0.679,-0.116878,169.75,0.000288504,0.679,-0.00172105,169.75,0.000120451,0.679,0.153247,169.75,0.000173529
0.68,-0.212293,,,0.68,-0.0925303,170,0.000229729,0.68,-0.00205007,170,9.59E-05,0.68,0.18582,170,0.000170886
0.681,-0.238944,,,0.681,-0.208674,170.25,0.000209407,0.681,-0.00205007,170.25,0.000112421,0.681,0.134822,170.25,0.00017275
0.682,-0.213609,,,0.682,-0.198803,170.5,0.000200013,0.682,-0.00139203,170.5,0.000103814,0.682,0.0555282,170.5,0.00015493
0.683,-0.166889,,,0.683,-0.131684,170.75,9.90E-05,0.683,-0.00205007,170.75,6.98E-05,0.683,-0.00863044,170.75,0.000155971
0.684,-0.22348,,,0.684,0.0900752,171,0.000116288,0.684,-0.00237908,171,6.87E-05,0.684,-0.00303712,171,0.000149583
0.685,-0.147476,,,0.685,0.117713,171.25,0.000257998,0.685,-0.00172105,171.25,0.000133038,0.685,0.00222718,171.25,0.000151478
0.686,-0.15307,,,0.686,0.192729,171.5,0.000300642,0.686,-0.00172105,171.5,0.000211864,0.686,-0.0132367,171.5,0.000171149
0.687,-0.0820017,,,0.687,0.0716502,171.75,0.000288165,0.687,-0.00205007,171.75,0.000249954,0.687,-0.0780534,171.75,0.000172294
0.688,-0.087924,,,0.688,0.193387,172,0.000365957,0.688,-0.00172105,172,0.000253467,0.688,-0.153399,172,0.000190785
0.689,-0.0287006,,,0.689,0.231553,172.25,0.000409493,0.689,-0.00205007,172.25,0.000210623,0.689,-0.176101,172.25,0.000198677
0.69,0.00551737,,,0.69,0.39672,172.5,0.000357847,0.69,-0.00172105,172.5,0.000199948,0.69,-0.157018,172.5,0.000215415
0.691,0.0219683,,,0.691,0.354935,172.75,0.000332238,0.691,-0.00172105,172.75,0.000169301,0.691,-0.130367,172.75,0.000246817
0.692,0.0525671,,,0.692,0.283209,173,0.000425368,0.692,-0.00172105,173,0.000205156,0.692,-0.151754,173,0.000260659
0.693,0.0986297,,,0.693,0.0147299,173.25,0.000475977,0.693,-0.00106301,173.25,0.000209964,0.693,-0.198803,173.25,0.00027719
0.694,0.135151,,,0.694,0.256888,173.5,0.00048703,0.694,-0.00106301,173.5,0.000202055,0.694,-0.23697,173.5,0.000309529
0.695,0.174304,,,0.695,0.336181,173.75,0.000498701,0.695,-0.000404971,173.75,0.000193505,0.695,-0.2169,173.75,0.000315187
0.696,0.16575,,,0.696,0.309531,174,0.000551338,0.696,-0.00073399,174,0.000175146,0.696,-0.167876,174,0.000310187
0.697,0.171014,,,0.697,0.268074,174.25,0.000595814,0.697,-0.00139203,174.25,0.000213512,0.697,-0.1228,174.25,0.000305177
0.698,0.184175,,,0.698,0.143376,174.5,0.000604642,0.698,-0.00139203,174.5,0.000196717,0.698,-0.128393,174.5,0.000313017
0.699,0.200955,,,0.699,0.051909,174.75,0.00060372,0.699,-0.00073399,174.75,0.000216558,0.699,-0.147805,174.75,0.000302617
0.7,0.207206,,,0.7,0.134164,175,0.000704926,0.7,-0.00172105,175,0.000232224,0.7,-0.148135,175,0.000309744
0.701,0.193716,,,0.701,0.161472,175.25,0.000807907,0.701,-0.00172105,175.25,0.000235845,0.701,-0.0905562,175.25,0.000338073
0.702,0.173975,,,0.702,0.158511,175.5,0.000884504,0.702,-0.00205007,175.5,0.000249381,0.702,-0.0211332,175.5,0.000351101
0.703,0.15226,,,0.703,-0.10273,175.75,0.000937084,0.703,-0.00172105,175.75,0.000308564,0.703,0.0282197,175.75,0.000373484
0.704,0.140744,,,0.704,-0.169192,176,0.000962914,0.704,-0.00205007,176,0.000385721,0.704,0.0203232,176,0.000395601
0.705,0.122977,,,0.705,-0.134645,176.25,0.00108891,0.705,-0.00205007,176.25,0.00045821,0.705,0.0186781,176.25,0.000417598
0.706,0.0946815,,,0.706,-0.130038,176.5,0.00124205,0.706,-0.00139203,176.5,0.000502564,0.706,0.0453287,176.5,0.00046757
0.707,0.0538831,,,0.707,-0.0843048,176.75,0.00135108,0.707,-0.00139203,176.75,0.000530708,0.707,0.116726,176.75,0.000519159
0.708,0.016046,,,0.708,-0.19321,177,0.00138948,0.708,-0.00106301,177,0.000454994,0.708,0.166408,177,0.000571599
0.709,-0.0161979,,,0.709,-0.288955,177.25,0.00159558,0.709,-0.00139203,177.25,0.000471839,0.709,0.182858,177.25,0.000654947
0.71,-0.0382421,,,0.71,-0.345546,177.5,0.00188291,0.71,-0.00106301,177.5,0.000535472,0.71,0.147324,177.5,0.000734882
0.711,-0.0642346,,,0.711,-0.264936,177.75,0.00199719,0.711,-0.000404971,177.75,0.000620164,0.711,0.14535,177.75,0.00083613
0.712,-0.0974656,,,0.712,-0.220848,178,0.00215734,0.712,-0.000404971,178,0.000675879,0.712,0.169698,178,0.000979807
0.713,-0.133,,,0.713,-0.178075,178.25,0.00245348,0.713,-0.000404971,178.25,0.000725219,0.713,0.219709,178.25,0.00111567
0.714,-0.155702,,,0.714,-0.262962,178.5,0.00264759,0.714,-0.000404971,178.5,0.000778663,0.714,0.222012,178.5,0.00128856
0.715,-0.167218,,,0.715,-0.298825,178.75,0.00293119,0.715,-0.00073399,178.75,0.000944589,0.715,0.183517,178.75,0.00147939
0.716,-0.171166,,,0.716,-0.295206,179,0.00325452,0.716,-0.000404971,179,0.00109612,0.716,0.126925,179,0.00165144
0.717,-0.180049,,,0.717,-0.128393,179.25,0.00351032,0.717,-0.00073399,179.25,0.00122237,0.717,0.112448,179.25,0.00184274
0.718,-0.190578,,,0.718,-0.0866079,179.5,0.00355907,0.718,-7.60E-05,179.5,0.00133427,0.718,0.125938,179.5,0.00201673
0.719,-0.198474,,,0.719,-0.0599574,179.75,0.0034909,0.719,-0.000404971,179.75,0.00143628,0.719,0.129886,179.75,0.00210187
0.72,-0.189591,,,0.72,-0.10273,180,0.00336301,0.72,-0.000404971,180,0.00158273,0.72,0.0877721,180,0.00207373
0.721,-0.170837,,,0.721,-0.0915432,180.25,0.00297591,0.721,0.000253067,180.25,0.0017233,0.721,0.0137428,180.25,0.00195684
0.722,-0.147805,,,0.722,-0.0609445,180.5,0.00227031,0.722,-0.000404971,180.5,0.00181223,0.722,-0.034952,180.5,0.00165164
0.723,-0.132013,,,0.723,0.114094,180.75,0.00166065,0.723,0.000253067,180.75,0.00183023,0.723,-0.0444935,180.75,0.001242
0.724,-0.117207,,,0.724,0.164104,181,0.00137672,0.724,-7.60E-05,181,0.0016956,0.724,-0.03561,181,0.000836097
0.725,-0.0961495,,,0.725,0.193387,181.25,0.001131,0.725,-7.60E-05,181.25,0.00143681,0.725,-0.0563382,181.25,0.000607465
0.726,-0.0612735,,,0.726,0.102578,181.5,0.000956679,0.726,0.000253067,181.5,0.00107802,0.726,-0.111284,181.5,0.000601758
0.727,-0.0224492,,,0.727,0.154563,181.75,0.000998179,0.727,0.000582086,181.75,0.000791681,0.727,-0.166231,181.75,0.000602849
0.728,0.0153879,,,0.728,0.203916,182,0.000999346,0.728,-7.60E-05,182,0.000644731,0.728,-0.181694,182,0.000554081
0.729,0.0410514,,,0.729,0.344407,182.25,0.000927813,0.729,0.000253067,182.25,0.000597732,0.729,-0.168534,182.25,0.000473208
0.73,0.0703341,,,0.73,0.314137,182.5,0.000823613,0.73,0.000253067,182.5,0.000612631,0.73,-0.145831,182.5,0.000471184
0.731,0.0913913,,,0.731,0.190426,182.75,0.000796506,0.731,0.000911104,182.75,0.000611613,0.731,-0.15965,182.75,0.00041583
0.732,0.120016,,,0.732,0.0528961,183,0.000683892,0.732,0.000253067,183,0.000544199,0.732,-0.188933,183,0.000362988
0.733,0.152589,,,0.733,0.170027,183.25,0.000506758,0.733,-7.60E-05,183.25,0.00050006,0.733,-0.212293,183.25,0.000331208
0.734,0.171672,,,0.734,0.348355,183.5,0.000471647,0.734,-7.60E-05,183.5,0.000439216,0.734,-0.188604,183.5,0.000293898
0.735,0.17891,,,0.735,0.267416,183.75,0.000417586,0.735,-7.60E-05,183.75,0.000423001,0.735,-0.144844,183.75,0.000241053
0.736,0.184175,,,0.736,0.300647,184,0.000534839,0.736,-0.000404971,184,0.000366927,0.736,-0.105362,184,0.00022524
0.737,0.190097,,,0.737,-0.0323198,184.25,0.000575655,0.737,-7.60E-05,184.25,0.000327953,0.737,-0.106349,184.25,0.000202847
0.738,0.194374,,,0.738,0.0496059,184.5,0.000596445,0.738,-7.60E-05,184.5,0.000311988,0.738,-0.112271,184.5,0.000178772
0.739,0.18911,,,0.739,0.0719792,184.75,0.000608232,0.739,-7.60E-05,184.75,0.000315509,0.739,-0.104704,184.75,0.000179308
0.74,0.170685,,,0.74,0.0999458,185,0.000640517,0.74,-0.000404971,185,0.000321597,0.74,0.0525671,185,0.000194495
0.741,0.146666,,,0.741,0.0374322,185.25,0.000623508,0.741,-7.60E-05,185.25,0.000289224,0.741,-0.00731437,185.25,0.00020898
0.742,0.12199,,,0.742,-0.0718021,185.5,0.000573193,0.742,-7.60E-05,185.5,0.000288554,0.742,0.0272326,185.5,0.000186453
0.743,0.100933,,,0.743,-0.1965,185.75,0.00054505,0.743,-7.60E-05,185.75,0.000278517,0.743,0.0673729,185.75,0.000172375
0.744,0.0765854,,,0.744,-0.182682,186,0.000476588,0.744,-0.000404971,186,0.000255843,0.744,-0.018172,186,0.000199772
0.745,0.0463157,,,0.745,-0.15965,186.25,0.000440384,0.745,-0.00073399,186.25,0.000215313,0.745,0.087114,186.25,0.000215036
0.746,0.00814952,,,0.746,-0.138593,186.5,0.000490647,0.746,-0.00073399,186.5,0.000224559,0.746,0.136138,186.5,0.000244283
0.747,-0.0263975,,,0.747,-0.197487,186.75,0.000552962,0.747,-0.00139203,186.75,0.000248913,0.747,0.135151,186.75,0.000241192
0.748,-0.0556802,,,0.748,-0.232034,187,0.000486013,0.748,-0.00139203,187,0.000241803,0.748,0.233856,187,0.000245938
0.749,-0.0787115,,,0.749,-0.358707,187.25,0.000359394,0.749,-0.00172105,187.25,0.000248185,0.749,0.101591,187.25,0.00023388
0.75,-0.103388,,,0.75,-0.268556,187.5,0.000330422,0.75,-0.00106301,187.5,0.000252297,0.75,0.136467,187.5,0.000225014
0.751,-0.130038,,,0.751,-0.222493,187.75,0.000352533,0.751,-0.00139203,187.75,0.000216793,0.751,0.182529,187.75,0.00020468
0.752,-0.153728,,,0.752,-0.176759,188,0.000267694,0.752,-0.00139203,188,0.000183428,0.752,0.177265,188,0.000202103
0.753,-0.169192,,,0.753,-0.215583,188.25,0.000233203,0.753,-0.00139203,188.25,0.000164365,0.753,0.178252,188.25,0.000193102
0.754,-0.195842,,,0.754,-0.241905,188.5,0.000255965,0.754,-0.00205007,188.5,0.000154686,0.754,0.151931,188.5,0.000172554
0.755,-0.128393,,,0.755,-0.258685,188.75,0.00027331,0.755,-0.00172105,188.75,0.000151347,0.755,0.0927074,188.75,0.000168016
0.756,-0.204397,,,0.756,-0.00566927,189,0.000301434,0.756,-0.00139203,189,0.000121224,0.756,0.0624376,189,0.000156545
0.757,-0.197816,,,0.757,-0.108323,189.25,0.000281385,0.757,-0.00237908,189.25,0.00010888,0.757,0.102578,189.25,0.000152157
0.758,-0.187288,,,0.758,0.160814,189.5,0.000143472,0.758,-0.0027081,189.5,0.000152719,0.758,0.0904042,189.5,0.000140514
0.759,-0.163927,,,0.759,-0.0596284,189.75,0.000260734,0.759,-0.0027081,189.75,0.00020893,0.759,0.0607925,189.75,0.00013066
0.76,-0.154715,,,0.76,-0.0783825,190,0.000382928,0.76,-0.00303712,190,0.000242318,0.76,-0.00994652,190,0.000138838
0.761,-0.123787,,,0.761,0.0130848,190.25,0.000334949,0.761,-0.00402418,190.25,0.000243261,0.761,-0.0586413,190.25,0.000127365
0.762,-0.116878,,,0.762,0.0979717,190.5,0.000246857,0.762,-0.00402418,190.5,0.000209916,0.762,-0.0652217,190.5,0.000145643
0.763,-0.0747633,,,0.763,0.170356,190.75,0.000287875,0.763,-0.00402418,190.75,0.000175087,0.763,-0.0668668,190.75,0.000137178
0.764,-0.0543641,,,0.764,0.24274,191,0.000371329,0.764,-0.00501124,191,0.000126833,0.764,-0.0849628,191,0.000138317
0.765,-0.0375841,,,0.765,0.161143,191.25,0.000302479,0.765,-0.00632731,191.25,0.000140826,0.765,-0.136948,191.25,0.000146482
0.766,0.00650443,,,0.766,0.157853,191.5,0.000142197,0.766,-0.00566927,191.5,0.00017013,0.766,-0.162611,191.5,0.000151809
0.767,0.0466447,,,0.767,0.216089,191.75,0.000224533,0.767,-0.00468222,191.75,0.000195003,0.767,-0.172811,191.75,0.000156519
0.768,0.06836,,,0.768,0.29637,192,0.000371362,0.768,-0.00566927,192,0.000221116,0.768,-0.161953,192,0.000159937
0.769,0.0920493,,,0.769,0.298015,192.25,0.000389179,0.769,-0.00566927,192.25,0.000223759,0.769,-0.143857,192.25,0.000184124
0.77,0.120016,,,0.77,0.235172,192.5,0.000320917,0.77,-0.00731437,192.5,0.000221419,0.77,-0.148464,192.5,0.000166247
0.771,0.136138,,,0.771,0.20589,192.75,0.000298247,0.771,-0.00566927,192.75,0.000227681,0.771,-0.167218,192.75,0.000168351
0.772,0.150944,,,0.772,0.157195,193,0.000341324,0.772,-0.00566927,193,0.000175189,0.772,-0.177088,193,0.000166873
0.773,0.168382,,,0.773,0.217405,193.25,0.000318857,0.773,-0.00501124,193.25,0.000125981,0.773,-0.153399,193.25,0.000181052
0.774,0.171343,,,0.774,0.238134,193.5,0.00023027,0.774,-0.0043532,193.5,7.75E-05,0.774,-0.114575,193.5,0.000167447
0.775,0.170685,,,0.775,0.166079,193.75,0.000151562,0.775,-0.00402418,193.75,6.87E-05,0.775,-0.0793695,193.75,0.000172307
0.776,0.168711,,,0.776,0.0558573,194,0.000226944,0.776,-0.00402418,194,8.61E-05,0.776,-0.069828,194,0.000165018
0.777,0.167395,,,0.777,0.0025562,194.25,0.000327244,0.777,-0.00336614,194.25,0.000139069,0.777,-0.0688409,194.25,0.000145098
0.778,0.154563,,,0.778,-0.00205007,194.5,0.000340109,0.778,-0.00369516,194.5,0.000200568,0.778,-0.0560092,194.5,0.000132319
0.779,0.136467,,,0.779,0.0351291,194.75,0.000282687,0.779,-0.00073399,194.75,0.000240411,0.779,-0.00994652,194.75,0.000146524
0.78,0.112119,,,0.78,-0.0165269,195,0.000190418,0.78,-0.000404971,195,0.000248852,0.78,0.0417094,195,0.000123524
0.781,0.0881011,,,0.781,-0.0968075,195.25,0.000190625,0.781,-0.00139203,195.25,0.000249878,0.781,0.0759274,195.25,0.000122574
0.782,0.0647408,,,0.782,-0.1965,195.5,0.000205571,0.782,-0.00139203,195.5,0.000197181,0.782,0.0792176,195.5,0.000124262
0.783,0.0423675,,,0.783,-0.199132,195.75,0.000240562,0.783,0.00420129,195.75,0.000181865,0.783,0.0785596,195.75,0.000103985
0.784,0.0117687,,,0.784,-0.181365,196,0.000207446,0.784,0.00617541,196,0.000162741,0.784,0.0999458,196,0.0001011
0.785,-0.0198171,,,0.785,-0.143528,196.25,0.000251328,0.785,0.0134138,196.25,0.000142617,0.785,0.141402,196.25,0.00010199
0.786,-0.052719,,,0.786,-0.19321,196.5,0.00033401,0.786,0.0176911,196.5,0.000115273,0.786,0.173317,196.5,0.000100473
0.787,-0.0770664,,,0.787,-0.24684,196.75,0.000406275,0.787,0.0400644,196.75,8.52E-05,0.787,0.17233,196.75,9.58E-05
0.788,-0.0977946,,,0.788,-0.296522,197,0.00039826,0.788,0.180884,197,9.77E-05,0.788,0.151931,197,8.23E-05
0.789,-0.117207,,,0.789,-0.252763,197.25,0.000358997,0.789,0.0976426,197.25,0.000146607,0.789,0.138441,197.25,8.18E-05
0.79,-0.136619,,,0.79,-0.20012,197.5,0.000268839,0.79,0.0492769,197.5,0.000159924,0.79,0.150615,197.5,9.01E-05
0.791,-0.153728,,,0.791,-0.14616,197.75,0.000191275,0.791,0.0463157,197.75,0.000148369,0.791,0.164104,197.75,8.73E-05
0.792,-0.164914,,,0.792,-0.173469,198,0.000200951,0.792,0.0831658,198,0.000134456,0.792,0.156208,198,9.43E-05
0.793,-0.169521,,,0.793,-0.19321,198.25,0.000201117,0.793,0.105539,198.25,6.20E-05,0.793,0.117055,198.25,7.85E-05
0.794,-0.168534,,,0.794,-0.188933,198.5,0.000121908,0.794,0.0348,198.5,5.48E-05,0.794,0.0752694,198.5,8.87E-05
0.795,-0.164256,,,0.795,-0.106349,198.75,0.000196985,0.795,-0.0313328,198.75,8.82E-05,0.795,0.051909,198.75,9.64E-05
0.796,-0.158992,,,0.796,-0.0323198,199,0.000282415,0.796,-0.0938464,199,0.000151308,0.796,0.05158,199,7.65E-05
0.797,-0.149451,,,0.797,0.0292067,199.25,0.000241205,0.797,-0.0385712,199.25,0.000149018,0.797,0.0387483,199.25,6.45E-05
0.798,-0.134974,,,0.798,0.00913658,199.5,0.000100544,0.798,-0.0398872,199.5,0.000143884,0.798,0.00518835,199.5,6.98E-05
0.799,-0.113588,,,0.799,0.00749148,199.75,0.000107551,0.799,-0.0240943,199.75,0.000129327,0.799,-0.0477837,199.75,5.48E-05
0.8,-0.0898981,,,0.8,0.0430255,200,0.000115247,0.8,-0.126748,200,0.000129699,0.8,-0.0829887,200,3.91E-05
0.801,-0.0648927,,,0.801,0.146666,200.25,5.85E-05,0.801,-0.148793,200.25,0.000142392,0.801,-0.0935173,200.25,2.64E-05
0.802,-0.0412033,,,0.802,0.204903,200.5,8.55E-05,0.802,-0.183998,200.5,0.000138412,0.802,-0.0931883,200.5,2.98E-05
0.803,-0.0142238,,,0.803,0.217734,200.75,0.000206965,0.803,-0.104375,200.75,9.69E-05,0.803,-0.106678,200.75,1.43E-05
0.804,0.0153879,,,0.804,0.174633,201,0.000235701,0.804,-0.104704,201,7.33E-05,0.804,-0.135632,201,1.82E-05
0.805,0.0479608,,,0.805,0.174304,201.25,0.00014824,0.805,-0.0928593,201.25,4.44E-05,0.805,-0.164914,201.25,3.48E-05
0.806,0.0765854,,,0.806,0.218063,201.5,7.14E-05,0.806,-0.174456,201.5,9.97E-05,0.806,-0.173798,201.5,1.37E-05
0.807,0.0979717,,,0.807,0.278274,201.75,0.000185928,0.807,-0.157676,201.75,0.000114689,0.807,-0.158992,201.75,2.07E-05
0.808,0.115081,,,0.808,0.278932,202,0.000219437,0.808,-0.155044,202,0.00010281,0.808,-0.140896,202,3.17E-06
0.809,0.133177,,,0.809,0.220367,202.25,0.000181891,0.809,-0.0540351,202.25,0.000103598,0.809,-0.138264,202.25,1.88E-05
0.81,0.150615,,,0.81,0.157195,202.5,0.000154861,0.81,-0.0553511,202.5,7.42E-05,0.81,-0.14978,202.5,1.22E-05
0.811,0.16575,,,0.811,0.14206,202.75,0.000176632,0.811,-0.0365971,202.75,4.09E-05,0.811,-0.150438,202.75,2.96E-05
0.812,0.172001,,,0.812,0.172001,203,0.000221507,0.812,-0.0991107,203,5.17E-05,0.812,-0.127735,203,2.70E-05
0.813,0.168711,,,0.813,0.168382,203.25,0.000226823,0.813,-0.0497578,203.25,8.96E-05,0.813,-0.0905562,203.25,4.48E-05
0.814,0.162459,,,0.814,0.111132,203.5,0.000155453,0.814,-0.0158689,203.5,9.87E-05,0.814,-0.0592994,203.5,4.47E-05
0.815,0.153905,,,0.815,0.0127558,203.75,0.000157977,0.815,0.0785596,203.75,8.31E-05,0.815,-0.0382421,203.75,4.59E-05
0.816,0.144363,,,0.816,-0.0375841,204,0.000328236,0.816,0.0703341,204,6.75E-05,0.816,-0.0602864,204,6.53E-05
0.817,0.127583,,,0.817,-0.0464676,204.25,0.000375306,0.817,0.0660568,204.25,5.27E-05,0.817,0.000253067,204.25,6.61E-05
0.818,0.104881,,,0.818,-0.0263975,204.5,0.000327417,0.818,0.0351291,204.5,0.000114674,0.818,0.00683344,204.5,8.31E-05
0.819,0.0759274,,,0.819,-0.0662088,204.75,0.000419388,0.819,0.0805337,204.75,0.000163651,0.819,0.0653988,204.75,9.21E-05
0.82,0.0489479,,,0.82,-0.141883,205,0.000497534,0.82,0.131532,205,0.0001477,0.82,0.086785,205,0.000107842
0.821,0.0246005,,,0.821,-0.215912,205.25,0.000377361,0.821,0.17233,205.25,0.000107032,0.821,0.103236,205.25,0.000121496
0.822,0.000253067,,,0.822,-0.205713,205.5,0.000347883,0.822,0.145679,205.5,6.99E-05,0.822,0.0933654,205.5,0.000145601
0.823,-0.0283716,,,0.823,-0.195842,205.75,0.000550571,0.823,0.0989587,205.75,3.65E-05,0.823,0.111461,205.75,0.000170872
0.824,-0.0586413,,,0.824,-0.167547,206,0.000592465,0.824,0.0950105,206,5.80E-05,0.824,0.146337,206,0.000190961
0.825,-0.0866079,,,0.825,-0.194197,206.25,0.00052786,0.825,0.123635,206.25,6.41E-05,0.825,0.165091,206.25,0.000184387
0.826,-0.108323,,,0.826,-0.237957,206.5,0.000524785,0.826,0.165091,206.5,8.28E-05,0.826,0.157195,206.5,0.000199269
0.827,-0.124445,,,0.827,-0.314289,206.75,0.000513758,0.827,0.134493,206.75,0.000130976,0.827,0.139428,206.75,0.000193461
0.828,-0.137277,,,0.828,-0.275794,207,0.000422739,0.828,0.0913913,207,0.000163272,0.828,0.122648,207,0.00018881
0.829,-0.150109,,,0.829,-0.160308,207.25,0.000442783,0.829,0.0209813,207.25,0.000224433,0.829,0.127254,207.25,0.00013656
0.83,-0.161295,,,0.83,-0.0997687,207.5,0.000442084,0.83,0.0904042,207.5,0.000268465,0.83,0.133835,207.5,0.000115455
0.831,-0.169521,,,0.831,-0.128393,207.75,0.000360202,0.831,0.0456577,207.75,0.000256646,0.831,0.120674,207.75,9.62E-05
0.832,-0.169192,,,0.832,-0.15965,208,0.000332971,0.832,0.0420385,208,0.000211673,0.832,0.0838239,208,8.00E-05
0.833,-0.165244,,,0.833,-0.144844,208.25,0.000431057,0.833,0.0436836,208.25,0.000146359,0.833,0.0446706,208.25,6.89E-05
0.834,-0.150767,,,0.834,-0.0648927,208.5,0.000441338,0.834,-0.0592994,208.5,9.60E-05,0.834,0.0236134,208.5,7.73E-05
0.835,-0.13958,,,0.835,-7.60E-05,208.75,0.000482334,0.835,-0.112929,208.75,8.62E-05,0.835,0.0199942,208.75,8.22E-05
0.836,-0.0987816,,,0.836,0.0528961,209,0.000521443,0.836,-0.0106046,209,8.22E-05,0.836,0.00453031,209,9.47E-05
0.837,-0.139909,,,0.837,0.0469737,209.25,0.000472389,0.837,-0.0688409,209.25,8.64E-05,0.837,-0.0267265,209.25,9.09E-05
0.838,-0.0816727,,,0.838,0.052238,209.5,0.000341567,0.838,-0.0616025,209.5,7.58E-05,0.838,-0.0688409,209.5,0.000102965
0.839,-0.0675248,,,0.839,0.087114,209.75,0.000301853,0.839,-0.0915432,209.75,0.000107463,0.839,-0.0968075,209.75,9.64E-05
0.84,-0.0372551,,,0.84,0.174304,210,0.000272755,0.84,-0.130038,210,0.000125302,0.84,-0.105362,210,9.63E-05
0.841,0.00189816,,,0.841,0.210825,210.25,0.000251759,0.841,-0.16656,210.25,0.000174404,0.841,-0.10273,210.25,0.000120626
0.842,0.0104527,,,0.842,0.212141,210.5,0.000269586,0.842,-0.109968,210.5,0.000174229,0.842,-0.113258,210.5,0.000109937
0.843,0.0397353,,,0.843,0.182529,210.75,0.00027187,0.843,-0.0968075,210.75,0.000160535,0.843,-0.134316,210.75,0.000127419
0.844,0.0792176,,,0.844,0.172001,211,0.000259085,0.844,-0.0991107,211,0.000121313,0.844,-0.157018,211,0.00012337
0.845,0.087114,,,0.845,0.204245,211.25,0.000315749,0.845,-0.145173,211.25,9.26E-05,0.845,-0.160308,211.25,0.000106603
0.846,0.0900752,,,0.846,0.245043,211.5,0.000333836,0.846,-0.134974,211.5,0.000113469,0.846,-0.145502,211.5,0.000112533
0.847,0.13548,,,0.847,0.238134,211.75,0.000286235,0.847,-0.104704,211.75,8.87E-05,0.847,-0.125432,211.75,0.000104437
0.848,0.143705,,,0.848,0.179897,212,0.000222489,0.848,-0.0458096,212,0.000104944,0.848,-0.118523,212,8.77E-05
0.849,0.143705,,,0.849,0.129886,212.25,0.000153894,0.849,-0.0270555,212.25,9.06E-05,0.849,-0.120168,212.25,9.17E-05
0.85,0.150944,,,0.85,0.104881,212.5,5.89E-05,0.85,-0.0273845,212.5,8.01E-05,0.85,-0.117207,212.5,7.14E-05
0.851,0.163446,,,0.851,0.140415,212.75,0.00018128,0.851,-0.0500868,212.75,7.00E-05,0.851,-0.0945044,212.75,9.02E-05
0.852,0.147653,,,0.852,0.106526,213,0.000355615,0.852,-0.0214622,213,1.92E-05,0.852,-0.0576543,213,8.80E-05
0.853,0.134164,,,0.853,0.0634247,213.25,0.00033211,0.853,0.0328259,213.25,3.00E-05,0.853,-0.0260684,213.25,0.000103897
0.854,0.124951,,,0.854,-0.0158689,213.5,0.00017451,0.854,0.0821788,213.5,6.21E-05,0.854,-0.00994652,213.5,0.000102067
0.855,0.109816,,,0.855,-0.0616025,213.75,0.000130707,0.855,0.0936944,213.75,0.000109959,0.855,-0.0027081,213.75,0.000109296
0.856,0.0976426,,,0.856,-0.071144,214,0.00023651,0.856,0.0667149,214,0.000123978,0.856,0.017362,214,0.000102388
0.857,0.068689,,,0.857,-0.0599574,214.25,0.000207452,0.857,0.0663859,214.25,0.000109576,0.857,0.0525671,214.25,8.60E-05
0.858,0.0410514,,,0.858,-0.0954915,214.5,5.54E-05,0.858,0.0897462,214.5,0.00013604,0.858,0.0894172,214.5,9.61E-05
0.859,0.0226264,,,0.859,-0.146818,214.75,0.000105804,0.859,0.144692,214.75,0.000131759,0.859,0.107184,214.75,8.51E-05
0.86,-0.00402418,,,0.86,-0.201436,215,0.000182404,0.86,0.149628,215,0.000141333,0.86,0.109816,215,0.000102016
0.861,-0.0296877,,,0.861,-0.2067,215.25,0.000187364,0.861,0.135151,215.25,0.000130635,0.861,0.109816,215.25,0.000132142
0.862,-0.0497578,,,0.862,-0.189591,215.5,0.000146111,0.862,0.085798,215.5,9.24E-05,0.862,0.124622,215.5,0.000114322
0.863,-0.0780534,,,0.863,-0.166889,215.75,6.21E-05,0.863,0.0927074,215.75,7.44E-05,0.863,0.14535,215.75,0.000135011
0.864,-0.102072,,,0.864,-0.185643,216,0.000173574,0.864,0.103894,216,0.0001173,0.864,0.155879,216,0.000138702
0.865,-0.11622,,,0.865,-0.210319,216.25,0.000275023,0.865,0.12857,216.25,0.00013794,0.865,0.145021,216.25,0.000132811
0.866,-0.127077,,,0.866,-0.225454,216.5,0.000237774,0.866,0.107842,216.5,0.000152093,0.866,0.124293,216.5,0.000143077
0.867,-0.135961,,,0.867,-0.190249,216.75,8.30E-05,0.867,0.051909,216.75,0.00015855,0.867,0.109158,216.75,0.000120636
0.868,-0.144515,,,0.868,-0.143199,217,0.000140515,0.868,0.00222718,217,0.000150592,0.868,0.108171,217,0.000129081
0.869,-0.153399,,,0.869,-0.100756,217.25,0.000251438,0.869,0.016375,217.25,0.000117956,0.869,0.104881,217.25,0.000126942
0.87,-0.154386,,,0.87,-0.0994397,217.5,0.000203008,0.87,0.0246005,217.5,9.32E-05,0.87,0.0854689,217.5,9.84E-05
0.871,-0.147147,,,0.871,-0.0984526,217.75,3.55E-05,0.871,0.0213103,217.75,7.75E-05,0.871,0.050593,217.75,0.000121645
0.872,-0.134974,,,0.872,-0.0935173,218,0.000151286,0.872,-0.0313328,218,0.000125417,0.872,0.016375,218,9.93E-05
0.873,-0.122471,,,0.873,-0.0316618,218.25,0.000252363,0.873,-0.0836468,218.25,0.000144036,0.873,-0.00369516,218.25,8.31E-05
0.874,-0.109968,,,0.874,0.0598055,218.5,0.000220916,0.874,-0.109639,218.5,0.000113688,0.874,-0.0119206,218.5,8.87E-05
0.875,-0.0961495,,,0.875,0.0805337,218.75,0.000146996,0.875,-0.0862789,218.75,0.000104949,0.875,-0.0273845,218.75,6.01E-05
0.876,-0.0750923,,,0.876,0.0818497,219,0.000205531,0.876,-0.0731182,219,5.85E-05,0.876,-0.0569962,219,6.04E-05
0.877,-0.0494288,,,0.877,0.0900752,219.25,0.000287333,0.877,-0.0961495,219.25,7.19E-05,0.877,-0.0912142,219.25,7.28E-05
0.878,-0.0208041,,,0.878,0.122648,219.5,0.000310907,0.878,-0.123787,219.5,8.74E-05,0.878,-0.114246,219.5,5.31E-05
0.879,0.00420129,,,0.879,0.174633,219.75,0.000274,0.879,-0.152412,219.75,8.33E-05,0.879,-0.117865,219.75,5.43E-05
0.88,0.0272326,,,0.88,0.213128,220,0.000248704,0.88,-0.134316,220,6.85E-05,0.88,-0.116549,220,5.80E-05
0.881,0.0496059,,,0.881,0.211483,220.25,0.000327629,0.881,-0.107665,220.25,0.000104448,0.881,-0.1228,220.25,6.73E-05
0.882,0.0732953,,,0.882,0.184504,220.5,0.000380053,0.882,-0.0843048,220.5,0.000110678,0.882,-0.137935,220.5,7.23E-05
0.883,0.0963266,,,0.883,0.175949,220.75,0.000412202,0.883,-0.0961495,220.75,0.000131882,0.883,-0.150109,220.75,9.50E-05
0.884,0.114752,,,0.884,0.195361,221,0.000372251,0.884,-0.109968,221,0.000119907,0.884,-0.145502,221,9.98E-05
0.885,0.128899,,,0.885,0.211812,221.25,0.000297698,0.885,-0.110626,221.25,0.000152682,0.885,-0.128722,221.25,0.000119923
0.886,0.137454,,,0.886,0.200625,221.5,0.000336372,0.886,-0.071144,221.5,0.000169455,0.886,-0.111284,221.5,0.000124226
0.887,0.14206,,,0.887,0.147324,221.75,0.000349517,0.887,-0.0290296,221.75,0.000164719,0.887,-0.100756,221.75,0.000117019
0.888,0.14897,,,0.888,0.0992877,222,0.000276101,0.888,-0.000404971,222,0.000159902,0.888,-0.0981236,222,0.0001408
0.889,0.149957,,,0.889,0.0752694,222.25,0.000210512,0.889,-0.0138947,222.25,0.000115534,0.889,-0.0892401,222.25,0.000134701
0.89,0.143047,,,0.89,0.0769145,222.5,0.000108807,0.89,-0.0115916,222.5,5.37E-05,0.89,-0.0675248,222.5,0.000124903
0.891,0.131861,,,0.891,0.0584894,222.75,0.000137692,0.891,0.00485933,222.75,4.64E-05,0.891,-0.0300167,222.75,0.000130389
0.892,0.11541,,,0.892,0.0120977,223,0.000279274,0.892,0.0611216,223,2.35E-05,0.892,-0.0027081,223,0.00011975
0.893,0.100275,,,0.893,-0.0553511,223.25,0.00030746,0.893,0.0900752,223.25,1.55E-05,0.893,0.0130848,223.25,0.000107165
0.894,0.0815207,,,0.894,-0.0931883,223.5,0.000228753,0.894,0.0999458,223.5,5.17E-05,0.894,0.0239424,223.5,0.000108756
0.895,0.0607925,,,0.895,-0.104704,223.75,0.000138852,0.895,0.0752694,223.75,9.65E-05,0.895,0.0443416,223.75,8.58E-05
0.896,0.0354581,,,0.896,-0.104375,224,0.000103468,0.896,0.0782305,224,0.000121594,0.896,0.0719792,224,8.27E-05
0.897,0.00913658,,,0.897,-0.126748,224.25,6.14E-05,0.897,0.0973136,224.25,0.000129237,0.897,0.111132,224.25,8.36E-05
0.898,-0.0171849,,,0.898,-0.165244,224.5,6.05E-05,0.898,0.136467,224.5,0.000113522,0.898,0.11179,224.5,6.44E-05
0.899,-0.0389002,,,0.899,-0.186301,224.75,0.000121744,0.899,0.134493,224.75,8.64E-05,0.899,0.11179,224.75,7.05E-05
0.9,-0.0609445,,,0.9,-0.227428,225,0.000140122,0.9,0.112448,225,1.76E-05,0.9,0.112448,225,7.12E-05
0.901,-0.0820017,,,0.901,-0.183669,225.25,0.000216041,0.901,0.0775725,225.25,4.74E-05,0.901,0.119029,225.25,7.51E-05
0.902,-0.103717,,,0.902,-0.173469,225.5,0.000266099,0.902,0.0759274,225.5,7.04E-05,0.902,0.135151,225.5,6.01E-05
0.903,-0.120497,,,0.903,-0.153728,225.75,0.000199372,0.903,0.0910623,225.75,7.79E-05,0.903,0.134822,225.75,9.04E-05
0.904,-0.132342,,,0.904,-0.197158,226,9.14E-05,0.904,0.0940234,226,7.59E-05,0.904,0.123306,226,9.10E-05
0.905,-0.143857,,,0.905,-0.194197,226.25,9.84E-05,0.905,0.0663859,226.25,4.16E-05,0.905,0.100933,226.25,8.99E-05
0.906,-0.152412,,,0.906,-0.136948,226.5,0.000140331,0.906,0.017362,226.5,3.95E-06,0.906,0.0818497,226.5,6.69E-05
0.907,-0.147805,,,0.907,-0.133658,226.75,8.48E-05,0.907,-0.00501124,226.75,3.37E-05,0.907,0.0851399,226.75,5.92E-05
0.908,-0.143857,,,0.908,-0.0813436,227,0.000150145,0.908,-0.00731437,227,4.54E-05,0.908,0.0719792,227,4.79E-05
0.909,-0.143857,,,0.909,-0.0968075,227.25,0.000210849,0.909,-0.00139203,227.25,3.45E-05,0.909,0.0489479,227.25,6.07E-05
0.91,-0.152741,,,0.91,-0.0431774,227.5,0.000155119,0.91,-0.0208041,227.5,4.36E-05,0.91,0.0219683,227.5,4.00E-05
0.911,-0.104046,,,0.911,-0.0375841,227.75,2.58E-05,0.911,-0.0560092,227.75,4.91E-05,0.911,-0.00797241,227.75,4.81E-05
0.912,-0.0971366,,,0.912,0.0203232,228,0.000100216,0.912,-0.106349,228,8.47E-05,0.912,-0.0287006,228,5.49E-05
0.913,-0.0935173,,,0.913,0.069018,228.25,0.000139291,0.913,-0.0935173,228.25,0.000109418,0.913,-0.035939,228.25,5.63E-05
0.914,-0.0645637,,,0.914,0.114752,228.5,8.09E-05,0.914,-0.0971366,228.5,0.000113543,0.914,-0.0490998,228.5,6.03E-05
0.915,-0.0461386,,,0.915,0.107184,228.75,6.54E-05,0.915,-0.0800276,228.75,9.57E-05,0.915,-0.0747633,228.75,5.17E-05
0.916,-0.0214622,,,0.916,0.127583,229,0.000199692,0.916,-0.0958205,229,6.93E-05,0.916,-0.0997687,229,4.74E-05
0.917,0.00518835,,,0.917,0.133177,229.25,0.000272377,0.917,-0.11951,229.25,3.69E-05,0.917,-0.116549,229.25,5.21E-05
0.918,0.0298648,,,0.918,0.169369,229.5,0.000226283,0.918,-0.138264,229.5,5.73E-06,0.918,-0.117536,229.5,3.69E-05
0.919,0.0532251,,,0.919,0.202271,229.75,9.14E-05,0.919,-0.118194,229.75,4.50E-05,0.919,-0.114575,229.75,3.85E-05
0.92,0.0726372,,,0.92,0.195361,230,9.46E-05,0.92,-0.0918722,230,5.75E-05,0.92,-0.118194,230,3.65E-05
0.921,0.0917203,,,0.921,0.171672,230.25,0.000216225,0.921,-0.0691699,230.25,7.22E-05,0.921,-0.126748,230.25,4.15E-05
0.922,0.111132,,,0.922,0.158511,230.5,0.000308262,0.922,-0.0783825,230.5,7.36E-05,0.922,-0.133658,230.5,3.66E-05
0.923,0.122319,,,0.923,0.167724,230.75,0.000277669,0.923,-0.0839758,230.75,6.25E-05,0.923,-0.125761,230.75,3.80E-05
0.924,0.131532,,,0.924,0.171672,231,0.000172861,0.924,-0.0770664,231,0.00012019,0.924,-0.10602,231,4.26E-05
0.925,0.134164,,,0.925,0.157195,231.25,0.000292866,0.925,-0.0372551,231.25,0.000154479,0.925,-0.0862789,231.25,5.23E-05
0.926,0.133506,,,0.926,0.113436,231.5,0.00034145,0.926,-0.00073399,231.5,0.000159164,0.926,-0.0750923,231.5,5.39E-05
0.927,0.130545,,,0.927,0.0719792,231.75,0.000202048,0.927,0.0199942,231.75,0.000133565,0.927,-0.0685119,231.75,4.39E-05
0.928,0.127583,,,0.928,0.0456577,232,0.000181912,0.928,0.0127558,232,9.80E-05,0.928,-0.0560092,232,5.81E-05
0.929,0.1187,,,0.929,0.0390773,232.25,0.000395586,0.929,0.016704,232.25,5.14E-05,0.929,-0.0303457,232.25,6.53E-05
0.93,0.105868,,,0.93,0.0206522,232.5,0.000398634,0.93,0.0387483,232.5,6.85E-05,0.93,0.00124012,232.5,5.78E-05
0.931,0.0874431,,,0.931,-0.0194881,232.75,0.000180466,0.931,0.0788886,232.75,0.000115417,0.931,0.0265746,232.75,5.72E-05
0.932,0.0677019,,,0.932,-0.0734472,233,0.000202001,0.932,0.10192,233,0.000138429,0.932,0.0400644,233,5.39E-05
0.933,0.0548702,,,0.933,-0.10602,233.25,0.000346604,0.933,0.0996168,233.25,0.000136016,0.933,0.0496059,233.25,7.31E-05
0.934,0.0933654,,,0.934,-0.117865,233.5,0.000334023,0.934,0.0841529,233.5,0.000119846,0.934,0.0644117,233.5,5.06E-05
0.935,-0.035281,,,0.935,-0.118523,233.75,0.000236595,0.935,0.0831658,233.75,0.000102479,0.935,0.0894172,233.75,5.52E-05
0.936,-0.0194881,,,0.936,-0.132342,234,0.000190739,0.936,0.0989587,234,0.000115511,0.936,0.109816,234,6.94E-05
0.937,-0.0194881,,,0.937,-0.161624,234.25,9.07E-05,0.937,0.126596,234.25,0.000121808,0.937,0.1187,234.25,4.61E-05
0.938,-0.0862789,,,0.938,-0.188933,234.5,0.00013028,0.938,0.1187,234.5,0.000120508,0.938,0.11541,234.5,4.56E-05
0.939,-0.0731182,,,0.939,-0.193539,234.75,0.000230136,0.939,0.0959975,234.75,0.000122232,0.939,0.11179,234.75,5.16E-05
0.94,-0.087924,,,0.94,-0.179062,235,0.00020641,0.94,0.0660568,235,7.21E-05,0.94,0.116397,235,4.47E-05
0.941,-0.108652,,,0.941,-0.158005,235.25,0.000180043,0.941,0.0640827,235.25,3.81E-05,0.941,0.123306,235.25,2.97E-05
0.942,-0.124116,,,0.942,-0.151425,235.5,0.000212896,0.942,0.0607925,235.5,5.89E-05,0.942,0.120016,235.5,1.20E-05
0.943,-0.128064,,,0.943,-0.154386,235.75,0.000209346,0.943,0.0630957,235.75,7.85E-05,0.943,0.103894,235.75,2.25E-05
0.944,-0.134645,,,0.944,-0.150767,236,0.000168321,0.944,0.0246005,236,7.49E-05,0.944,0.0805337,236,1.99E-05
0.945,-0.132013,,,0.945,-0.124445,236.25,0.000132697,0.945,-0.00764339,236.25,6.80E-05,0.945,0.0630957,236.25,1.42E-05
0.946,-0.131026,,,0.946,-0.0823307,236.5,0.000125855,0.946,-0.0240943,236.5,0.000105319,0.946,0.0542122,236.5,1.59E-05
0.947,-0.126748,,,0.947,-0.0448225,236.75,0.000170298,0.947,-0.0237653,236.75,0.00014571,0.947,0.0430255,236.75,2.29E-05
0.948,-0.117536,,,0.948,-0.0244234,237,0.000272605,0.948,-0.0467966,237,0.000162549,0.948,0.0209813,237,3.41E-05
0.949,-0.10602,,,0.949,-0.0138947,237.25,0.000322169,0.949,-0.035939,237.25,0.000164927,0.949,-0.00895946,237.25,2.91E-05
0.95,-0.088253,,,0.95,0.0094656,237.5,0.000324729,0.95,-0.0777244,237.5,0.000136211,0.95,-0.03561,237.5,1.91E-05
0.951,-0.069499,,,0.951,0.0532251,237.75,0.000277685,0.951,-0.113917,237.75,9.22E-05,0.951,-0.0500868,237.75,4.19E-05
0.952,-0.0517319,,,0.952,0.0986297,238,0.000268122,0.952,-0.106678,238,6.55E-05,0.952,-0.0589703,238,2.24E-05
0.953,-0.0319908,,,0.953,0.123964,238.25,0.000229698,0.953,-0.0928593,238.25,6.34E-05,0.953,-0.0721311,238.25,4.14E-05
0.954,-0.0096175,,,0.954,0.129228,238.5,0.000134948,0.954,-0.0938464,238.5,4.94E-05,0.954,-0.0925303,238.5,2.39E-05
0.955,0.0144009,,,0.955,0.131203,238.75,4.06E-05,0.955,-0.0918722,238.75,6.19E-05,0.955,-0.1126,238.75,4.09E-05
0.956,0.0387483,,,0.956,0.151602,239,0.000139524,0.956,-0.113917,239,4.36E-05,0.956,-0.121813,239,3.46E-05
0.957,0.0594765,,,0.957,0.17891,239.25,0.000236037,0.957,-0.121155,239.25,2.54E-05,0.957,-0.120168,239.25,4.41E-05
0.958,0.0759274,,,0.958,0.197006,239.5,0.000281355,0.958,-0.0981236,239.5,2.64E-05,0.958,-0.114575,239.5,6.04E-05
0.959,0.0907332,,,0.959,0.184504,239.75,0.000168463,0.959,-0.0718021,239.75,6.05E-05,0.959,-0.114575,239.75,6.58E-05
0.96,0.105868,,,0.96,0.162459,240,6.14E-05,0.96,-0.0573252,240,0.000100526,0.96,-0.118194,240,5.68E-05
0.961,0.120016,,,0.961,0.145021,240.25,0.000193479,0.961,-0.0563382,240.25,0.000124399,0.961,-0.118194,240.25,8.17E-05
0.962,0.128899,,,0.962,0.143705,240.5,0.000223491,0.962,-0.0602864,240.5,0.000171534,0.962,-0.107007,240.5,6.76E-05
0.963,0.131861,,,0.963,0.140415,240.75,0.000150452,0.963,-0.0431774,240.75,0.000174752,0.963,-0.0862789,240.75,7.19E-05
0.964,0.12857,,,0.964,0.119029,241,0.000217187,0.964,-0.00928848,241,0.000162525,0.964,-0.0668668,241,6.36E-05
0.965,0.122977,,,0.965,0.0749403,241.25,0.000312885,0.965,0.0236134,241.25,0.000138395,0.965,-0.0546931,241.25,7.37E-05
0.966,0.117713,,,0.966,0.0328259,241.5,0.000274481,0.966,0.0351291,241.5,0.000119877,0.966,-0.0454806,241.5,6.47E-05
0.967,0.11541,,,0.967,0.00749148,241.75,0.000141087,0.967,0.033155,241.75,0.000129076,0.967,-0.0296877,241.75,7.56E-05
0.968,0.0959975,,,0.968,-0.00237908,242,5.65E-05,0.968,0.0364451,242,0.000138792,0.968,-0.0043532,242,5.38E-05
0.969,0.0785596,,,0.969,-0.0231073,242.25,0.000179958,0.969,0.0607925,242.25,0.000108037,0.969,0.0249295,242.25,7.06E-05
0.97,0.0591474,,,0.97,-0.0599574,242.5,0.000247544,0.97,0.0890882,242.5,9.57E-05,0.97,0.0459867,242.5,7.56E-05
0.971,0.0377612,,,0.971,-0.104375,242.75,0.000214663,0.971,0.105539,242.75,8.51E-05,0.971,0.0568443,242.75,7.46E-05
0.972,0.0180201,,,0.972,-0.133987,243,7.24E-05,0.972,0.0953395,243,9.86E-05,0.972,0.0716502,243,8.23E-05
0.973,-0.000404971,,,0.973,-0.140238,243.25,0.000145613,0.973,0.0838239,243.25,0.000103247,0.973,0.0779015,243.25,7.37E-05
0.974,-0.0300167,,,0.974,-0.139251,243.5,0.000308186,0.974,0.0811917,243.5,0.000115878,0.974,0.0983007,243.5,9.05E-05
0.975,-0.0471257,,,0.975,-0.147147,243.75,0.000322466,0.975,0.0963266,243.75,9.57E-05,0.975,0.112119,243.75,8.50E-05
0.976,-0.0688409,,,0.976,-0.168205,244,0.000165593,0.976,0.104223,244,5.69E-05,0.976,0.11541,244,0.000105118
0.977,-0.0852919,,,0.977,-0.192223,244.25,0.00013191,0.977,0.0930364,244.25,4.92E-05,0.977,0.106526,244.25,0.000101211
0.978,-0.0974656,,,0.978,-0.187617,244.5,0.000274083,0.978,0.0660568,244.5,5.35E-05,0.978,0.101591,244.5,0.000114875
0.979,-0.10931,,,0.979,-0.158334,244.75,0.000285188,0.979,0.0650698,244.75,4.92E-05,0.979,0.101591,244.75,0.00011348
0.98,-0.118194,,,0.98,-0.152741,245,0.000193918,0.98,0.0413804,245,4.15E-05,0.98,0.102578,245,0.000117745
0.981,-0.125761,,,0.981,-0.131026,245.25,0.000181628,0.981,0.0278907,245.25,6.15E-05,0.981,0.0940234,245.25,0.000112955
0.982,-0.131026,,,0.982,-0.12609,245.5,0.000231812,0.982,0.0426965,245.5,0.000106608,0.982,0.0752694,245.5,0.000131695
0.983,-0.131684,,,0.983,-0.13958,245.75,0.000243411,0.983,0.0114397,245.75,0.000157129,0.983,0.0542122,245.75,0.000113936
0.984,-0.12609,,,0.984,-0.0810146,246,0.000193314,0.984,-0.0329778,246,0.000187738,0.984,0.0390773,246,0.000109767
0.985,-0.11951,,,0.985,-0.0576543,246.25,0.000103583,0.985,-0.0451515,246.25,0.000198292,0.985,0.0288777,246.25,0.000115754
0.986,-0.111942,,,0.986,-0.0303457,246.5,4.85E-05,0.986,-0.0435065,246.5,0.000184702,0.986,0.016375,246.5,9.47E-05
0.987,-0.100427,,,0.987,0.0107817,246.75,9.88E-05,0.987,-0.0490998,246.75,0.000145413,0.987,-0.00566927,246.75,0.000110604
0.988,-0.086937,,,0.988,0.0239424,247,0.000117228,0.988,-0.0609445,247,0.000101087,0.988,-0.0316618,247,7.12E-05
0.989,-0.0645637,,,0.989,0.0354581,247.25,0.000143177,0.989,-0.087595,247.25,8.06E-05,0.989,-0.053377,247.25,7.31E-05
0.99,-0.0471257,,,0.99,0.0930364,247.5,0.000187833,0.99,-0.106349,247.5,4.78E-05,0.99,-0.0639056,247.5,4.27E-05
0.991,-0.0277135,,,0.991,0.110803,247.75,0.000219184,0.991,-0.101743,247.75,3.07E-05,0.991,-0.071144,247.75,5.80E-05
0.992,-0.00665633,,,0.992,0.135151,248,0.000243928,0.992,-0.0892401,248,4.15E-05,0.992,-0.0820017,248,5.15E-05
0.993,0.0176911,,,0.993,0.135151,248.25,0.000243634,0.993,-0.0826597,248.25,6.06E-05,0.993,-0.0968075,248.25,3.34E-05
0.994,0.0384193,,,0.994,0.139099,248.5,0.000135604,0.994,-0.087595,248.5,6.85E-05,0.994,-0.109639,248.5,1.47E-05
0.995,0.0598055,,,0.995,0.15226,248.75,9.93E-05,0.995,-0.101414,248.75,6.95E-05,0.995,-0.115233,248.75,8.36E-06
0.996,0.0762564,,,0.996,0.166408,249,0.000258238,0.996,-0.0948334,249,3.85E-05,0.996,-0.110955,249,8.81E-06
0.997,0.0913913,,,0.997,0.188781,249.25,0.000386093,0.997,-0.0747633,249.25,3.21E-05,0.997,-0.105033,249.25,1.72E-05
0.998,0.103565,,,0.998,0.135151,249.5,0.000415145,0.998,-0.0494288,249.5,2.21E-05,0.998,-0.101414,249.5,3.46E-05
0.999,0.113436,,,0.999,0.156537,249.75,0.000370912,0.999,-0.0369261,249.75,1.88E-05,0.999,-0.100098,249.75,3.79E-05
1,0.120016,,,1,0.0979717,250,0.000256659,1,-0.0339649,250,5.19E-05,1,-0.0951624,250,6.25E-05
1.001,0.121332,,,1.001,0.0917203,250.25,0.000199928,1.001,-0.0323198,250.25,0.000102431,1.001,-0.0810146,250.25,5.50E-05
1.002,0.1187,,,1.002,0.100604,250.5,0.000214313,1.002,-0.0115916,250.5,0.000123363,1.002,-0.0606154,250.5,6.24E-05
1.003,0.112448,,,1.003,0.0953395,250.75,0.000154655,1.003,0.0190071,250.75,0.000143701,1.003,-0.0412033,250.75,6.32E-05
1.004,0.105868,,,1.004,0.0351291,251,9.97E-05,1.004,0.0443416,251,0.000127024,1.004,-0.0277135,251,8.19E-05
1.005,0.0973136,,,1.005,0.00551737,251.25,0.000154986,1.005,0.050922,251.25,9.86E-05,1.005,-0.0161979,251.25,6.67E-05
1.006,0.0854689,,,1.006,-0.0158689,251.5,0.000138576,1.006,0.0496059,251.5,4.71E-05,1.006,0.000911104,251.5,7.32E-05
1.007,0.0703341,,,1.007,-0.0372551,251.75,0.000131027,1.007,0.0545412,251.75,4.95E-05,1.007,0.0249295,251.75,6.61E-05
1.008,0.051909,,,1.008,-0.0471257,252,0.00013699,1.008,0.0963266,252,6.53E-05,1.008,0.0486188,252,6.15E-05
1.009,0.0275616,,,1.009,-0.0806856,252.25,0.000140856,1.009,0.0821788,252.25,5.99E-05,1.009,0.0634247,252.25,9.24E-05
1.01,0.0114397,,,1.01,-0.115233,252.5,8.50E-05,1.01,0.135809,252.5,6.27E-05,1.01,0.0723082,252.5,7.80E-05
1.011,-0.00895946,,,1.011,-0.134645,252.75,8.28E-05,1.011,0.0640827,252.75,4.49E-05,1.011,0.0785596,252.75,8.08E-05
1.012,-0.0211332,,,1.012,-0.138593,253,8.70E-05,1.012,0.100275,253,3.60E-05,1.012,0.0900752,253,9.48E-05
1.013,-0.0625896,,,1.013,-0.137606,253.25,0.000188456,1.013,0.102249,253.25,5.53E-05,1.013,0.102907,253.25,7.09E-05
1.014,-0.0787115,,,1.014,-0.142541,253.5,0.000269055,1.014,0.0502639,253.5,7.90E-05,1.014,0.110145,253.5,7.98E-05
1.015,-0.070157,,,1.015,-0.154715,253.75,0.000220394,1.015,0.0943525,253.75,0.000104388,1.015,0.107184,253.75,6.50E-05
1.016,-0.0675248,,,1.016,-0.168863,254,8.98E-05,1.016,0.0792176,254,9.32E-05,1.016,0.0989587,254,6.03E-05
1.017,-0.111942,,,1.017,-0.161953,254.25,0.00014414,1.017,0.0311808,254.25,8.12E-05,1.017,0.0927074,254.25,5.34E-05
1.018,-0.106349,,,1.018,-0.139251,254.5,0.000222473,1.018,0.0222973,254.5,8.32E-05,1.018,0.0904042,254.5,2.87E-05
1.019,-0.122142,,,1.019,-0.115891,254.75,0.000187118,1.019,0.0222973,254.75,0.000113624,1.019,0.0854689,254.75,2.68E-05
1.02,-0.113258,,,1.02,-0.10273,255,0.000102694,1.02,0.0114397,255,0.000153102,1.02,0.0719792,255,4.99E-05
1.021,-0.1228,,,1.021,-0.0964785,255.25,0.00017034,1.021,-0.00863044,255.25,0.000153827,1.021,0.051909,255.25,3.68E-05
1.022,-0.110626,,,1.022,-0.0826597,255.5,0.000245495,1.022,-0.0300167,255.5,0.000127546,1.022,0.0315099,255.5,4.77E-05
1.023,-0.104375,,,1.023,-0.053048,255.75,0.00023304,1.023,-0.0619315,255.75,0.000118447,1.023,0.016375,255.75,5.21E-05
1.024,-0.0977946,,,1.024,-0.0145528,256,0.000134256,1.024,-0.053048,256,8.06E-05,1.024,0.00453031,256,6.59E-05
1.025,-0.0859499,,,1.025,0.0190071,256.25,2.46E-05,1.025,-0.0198171,256.25,7.16E-05,1.025,-0.0102755,256.25,5.82E-05
1.026,-0.069828,,,1.026,0.0387483,256.5,0.000117844,1.026,-0.133,256.5,6.59E-05,1.026,-0.0313328,256.5,7.30E-05
1.027,-0.0553511,,,1.027,0.050922,256.75,0.000186975,1.027,-0.0402163,256.75,6.06E-05,1.027,-0.053377,256.75,8.61E-05
1.028,-0.0346229,,,1.028,0.0709921,257,0.000134829,1.028,-0.0839758,257,5.47E-05,1.028,-0.069828,257,9.93E-05
1.029,-0.0129077,,,1.029,0.100604,257.25,9.31E-05,1.029,-0.111942,257.25,6.81E-05,1.029,-0.0783825,257.25,9.40E-05
1.03,0.00518835,,,1.03,0.131861,257.5,0.00012863,1.03,-0.0796985,257.5,8.48E-05,1.03,-0.0852919,257.5,9.44E-05
1.031,0.0242714,,,1.031,0.144034,257.75,0.000216575,1.031,-0.0783825,257.75,0.000102919,1.031,-0.0931883,257.75,9.99E-05
1.032,0.0443416,,,1.032,0.145021,258,0.000205622,1.032,-0.0833178,258,0.000115822,1.032,-0.103059,258,0.000108242
1.033,0.0630957,,,1.033,0.142718,258.25,0.000131324,1.033,-0.0813436,258.25,8.48E-05,1.033,-0.110297,258.25,8.20E-05
1.034,0.0785596,,,1.034,0.14897,258.5,0.000123318,1.034,-0.0833178,258.5,7.11E-05,1.034,-0.110297,258.5,0.000102129
1.035,0.0917203,,,1.035,0.15884,258.75,0.000126177,1.035,-0.070815,258.75,2.49E-05,1.035,-0.103059,258.75,9.60E-05
1.036,0.100933,,,1.036,0.158182,259,7.58E-05,1.036,-0.0500868,259,3.68E-05,1.036,-0.0945044,259,9.75E-05
1.037,0.1085,,,1.037,0.141073,259.25,0.000223325,1.037,-0.0293586,259.25,8.28E-05,1.037,-0.0885821,259.25,7.18E-05
1.038,0.114094,,,1.038,0.114423,259.5,0.000367453,1.038,-0.0161979,259.5,0.000118066,1.038,-0.0833178,259.5,7.23E-05
1.039,0.116397,,,1.039,0.0936944,259.75,0.000329714,1.039,-0.0132367,259.75,0.000122883,1.039,-0.0744342,259.75,7.64E-05
1.04,0.11541,,,1.04,0.0808627,260,0.000144892,1.04,-0.00599829,260,0.000119638,1.04,-0.0579833,260,7.54E-05
1.041,0.1085,,,1.041,0.0673729,260.25,4.61E-05,1.041,0.0150589,260.25,9.28E-05,1.041,-0.0382421,260.25,7.10E-05
1.042,0.0989587,,,1.042,0.0413804,260.5,0.000131719,1.042,0.0403934,260.5,5.94E-05,1.042,-0.0208041,260.5,7.48E-05
1.043,0.0881011,,,1.043,0.00584639,260.75,9.05E-05,1.043,0.0575023,260.75,4.96E-05,1.043,-0.00698535,260.75,6.69E-05
1.044,0.0759274,,,1.044,-0.0290296,261,0.000158955,1.044,0.0611216,261,4.74E-05,1.044,0.00683344,261,5.56E-05
1.045,0.0591474,,,1.045,-0.0504159,261.25,0.000236922,1.045,0.0594765,261.25,4.60E-05,1.045,0.0232844,261.25,7.85E-05
1.046,0.0410514,,,1.046,-0.0632476,261.5,0.000207703,1.046,0.0663859,261.5,4.26E-05,1.046,0.0443416,261.5,6.85E-05
1.047,0.0206522,,,1.047,-0.0800276,261.75,0.000216855,1.047,0.0811917,261.75,5.88E-05,1.047,0.0660568,261.75,6.58E-05
1.048,0.00156914,,,1.048,-0.106349,262,0.000234697,1.048,0.0927074,262,8.02E-05,1.048,0.0732953,262,8.44E-05
1.049,-0.017514,,,1.049,-0.131355,262.25,0.0002012,1.049,0.0894172,262.25,9.45E-05,1.049,0.0792176,262.25,7.73E-05
1.05,-0.034952,,,1.05,-0.146489,262.5,0.000126496,1.05,0.0765854,262.5,9.08E-05,1.05,0.0844819,262.5,6.59E-05
1.051,-0.053048,,,1.051,-0.147476,262.75,5.84E-05,1.051,0.0677019,262.75,3.62E-05,1.051,0.0920493,262.75,5.23E-05
1.052,-0.070157,,,1.052,-0.144186,263,0.000175726,1.052,0.0532251,263,3.58E-05,1.052,0.0986297,263,6.19E-05
1.053,-0.0866079,,,1.053,-0.145173,263.25,0.000273431,1.053,0.0723082,263.25,8.27E-05,1.053,0.0989587,263.25,5.26E-05
1.054,-0.0981236,,,1.054,-0.150438,263.5,0.000332087,1.054,0.0601345,263.5,0.000127756,1.054,0.0920493,263.5,3.96E-05
1.055,-0.10602,,,1.055,-0.153728,263.75,0.000268247,1.055,0.0400644,263.75,0.000166197,1.055,0.0831658,263.75,2.58E-05
1.056,-0.115562,,,1.056,-0.143199,264,0.000211792,1.056,0.017362,264,0.000152811,1.056,0.0752694,264,1.87E-05
1.057,-0.121155,,,1.057,-0.12609,264.25,0.000198671,1.057,0.00420129,264.25,0.000108957,1.057,0.069676,264.25,8.31E-06
1.058,-0.113258,,,1.058,-0.0961495,264.5,0.000170732,1.058,0.000911104,264.5,6.47E-05,1.058,0.0607925,264.5,1.52E-05
1.059,-0.11622,,,1.059,-0.0938464,264.75,6.60E-05,1.059,-0.00698535,264.75,2.83E-05,1.059,0.0456577,264.75,9.88E-06
1.06,-0.111284,,,1.06,-0.0668668,265,0.000172871,1.06,-0.0217912,265,2.14E-05,1.06,0.0269036,265,2.89E-05
1.061,-0.101414,,,1.061,-0.0639056,265.25,0.000323426,1.061,-0.0451515,265.25,3.10E-05,1.061,0.00847854,265.25,2.79E-05
1.062,-0.0912142,,,1.062,-0.0152108,265.5,0.000352041,1.062,-0.0625896,265.5,4.95E-05,1.062,-0.00534025,265.5,2.15E-05
1.063,-0.0787115,,,1.063,0.033813,265.75,0.000327402,1.063,-0.0685119,265.75,9.87E-05,1.063,-0.0171849,265.75,2.26E-05
1.064,-0.0635766,,,1.064,0.0282197,266,0.000272493,1.064,-0.0658797,266,0.000139076,1.064,-0.0316618,266,2.59E-05
1.065,-0.0490998,,,1.065,0.0779015,266.25,0.000241726,1.065,-0.069499,266.25,0.000162808,1.065,-0.0484417,266.25,2.52E-05
1.066,-0.0303457,,,1.066,0.0749403,266.5,0.000260773,1.066,-0.0790405,266.5,0.000161516,1.066,-0.0662088,266.5,4.36E-05
1.067,-0.00994652,,,1.067,0.0881011,266.75,0.000317655,1.067,-0.0908852,266.75,0.000189867,1.067,-0.0773954,266.75,5.47E-05
1.068,0.00913658,,,1.068,0.113436,267,0.000186399,1.068,-0.0918722,267,0.000232769,1.068,-0.0829887,267,4.20E-05
1.069,0.0285487,,,1.069,0.135809,267.25,9.09E-05,1.069,-0.0820017,267.25,0.00024081,1.069,-0.0862789,267.25,7.10E-05
1.07,0.0449996,,,1.07,0.143047,267.5,0.000384975,1.07,-0.0691699,267.5,0.000235422,1.07,-0.0912142,267.5,4.44E-05
1.071,0.0614506,,,1.071,0.139099,267.75,0.000485534,1.071,-0.0639056,267.75,0.000208764,1.071,-0.0977946,267.75,6.07E-05
1.072,0.0775725,,,1.072,0.150944,268,0.000273107,1.072,-0.0629186,268,0.000166454,1.072,-0.100756,268,6.13E-05
1.073,0.0913913,,,1.073,0.134822,268.25,7.58E-05,1.073,-0.0596284,268.25,0.000111809,1.073,-0.0961495,268.25,6.23E-05
1.074,0.0989587,,,1.074,0.202271,268.5,0.000345531,1.074,-0.0458096,268.5,0.000109906,1.074,-0.0866079,268.5,6.23E-05
1.075,0.103894,,,1.075,0.13219,268.75,0.000430235,1.075,-0.0244234,268.75,8.29E-05,1.075,-0.0767374,268.75,4.93E-05
1.076,0.10521,,,1.076,0.118371,269,0.000328216,1.076,-0.00534025,269,6.15E-05,1.076,-0.0691699,269,5.43E-05
1.077,0.105539,,,1.077,0.0644117,269.25,0.00013169,1.077,0.00420129,269.25,3.73E-05,1.077,-0.0609445,269.25,4.97E-05
1.078,0.103565,,,1.078,0.0798756,269.5,8.87E-05,1.078,0.00847854,269.5,2.36E-05,1.078,-0.0494288,269.5,4.06E-05
1.079,0.0969846,,,1.079,0.0532251,269.75,0.000226251,1.079,0.0186781,269.75,3.33E-05,1.079,-0.0319908,269.75,4.43E-05
1.08,0.0887591,,,1.08,0.033813,270,0.000319914,1.08,0.0374322,270,3.24E-05,1.08,-0.0125787,270,4.89E-05
1.081,0.0769145,,,1.081,0.016046,270.25,0.000301664,1.081,0.0571733,270.25,1.57E-05,1.081,0.00387227,270.25,5.24E-05
1.082,0.0640827,,,1.082,-0.0204751,270.5,0.000163278,1.082,0.0792176,270.5,3.82E-05,1.082,0.016375,270.5,5.64E-05
1.083,0.050593,,,1.083,-0.053048,270.75,5.94E-05,1.083,0.0749403,270.75,7.85E-05,1.083,0.0288777,270.75,6.44E-05
1.084,0.0348,,,1.084,-0.0658797,271,0.000105945,1.084,0.0795466,271,0.000126479,1.084,0.0436836,271,7.79E-05
1.085,0.0176911,,,1.085,-0.0777244,271.25,7.83E-05,1.085,0.0545412,271.25,0.000163102,1.085,0.0598055,271.25,8.88E-05
1.086,-0.00172105,,,1.086,-0.0918722,271.5,0.000178763,1.086,0.0999458,271.5,0.000152564,1.086,0.0739533,271.5,7.86E-05
1.087,-0.0152108,,,1.087,-0.111942,271.75,0.000336758,1.087,0.0716502,271.75,0.00014918,1.087,0.0811917,271.75,0.000104666
1.088,-0.00928848,,,1.088,-0.12938,272,0.00035891,1.088,0.0936944,272,0.000155526,1.088,0.0838239,272,0.000102798
1.089,-0.0639056,,,1.089,-0.140567,272.25,0.000298649,1.089,0.0463157,272.25,0.000172669,1.089,0.086127,272.25,0.000104039
1.09,-0.0408743,,,1.09,-0.138593,272.5,0.000249887,1.09,0.051251,272.5,0.000232214,1.09,0.0900752,272.5,0.00011559
1.091,-0.0780534,,,1.091,-0.133987,272.75,0.00023884,1.091,0.0581604,272.75,0.000265439,1.091,0.0927074,272.75,0.000123593
1.092,-0.0563382,,,1.092,-0.12938,273,0.000169082,1.092,0.0469737,273,0.000252454,1.092,0.0890882,273,0.000117755
1.093,-0.100098,,,1.093,-0.130696,273.25,7.75E-05,1.093,0.033484,273.25,0.000225317,1.093,0.0805337,273.25,0.000108739
1.094,-0.111942,,,1.094,-0.126748,273.5,0.000173125,1.094,0.0180201,273.5,0.000185079,1.094,0.069676,273.5,0.000127727
1.095,-0.101085,,,1.095,-0.112929,273.75,0.000302877,1.095,-0.00534025,273.75,0.000112855,1.095,0.0591474,273.75,0.000120046
1.096,-0.108981,,,1.096,-0.0885821,274,0.000344786,1.096,-0.0168559,274,6.30E-05,1.096,0.0499349,274,0.000106604
1.097,-0.101414,,,1.097,-0.0662088,274.25,0.000324271,1.097,-0.019159,274.25,5.97E-05,1.097,0.0394063,274.25,0.00011357
1.098,-0.0895691,,,1.098,-0.0477837,274.5,0.000337578,1.098,-0.0290296,274.5,0.000102052,1.098,0.0222973,274.5,7.61E-05
1.099,-0.0935173,,,1.099,-0.0339649,274.75,0.000344676,1.099,-0.0458096,274.75,0.000131157,1.099,0.00354326,274.75,9.39E-05
1.1,-0.0737762,,,1.1,-0.0135657,275,0.000255842,1.1,-0.0546931,275,0.000154682,1.1,-0.0125787,275,6.62E-05
1.101,-0.0750923,,,1.101,0.0140719,275.25,0.000177059,1.101,-0.071144,275.25,0.000168777,1.101,-0.0257394,275.25,6.09E-05
1.102,-0.0596284,,,1.102,0.0443416,275.5,0.000246074,1.102,-0.0783825,275.5,0.000157487,1.102,-0.0372551,275.5,6.10E-05
1.103,-0.0342939,,,1.103,0.068031,275.75,0.000258608,1.103,-0.0770664,275.75,0.000146126,1.103,-0.0504159,275.75,4.74E-05
1.104,-0.0277135,,,1.104,0.0811917,276,0.000143248,1.104,-0.0846338,276,0.000113805,1.104,-0.0648927,276,5.49E-05
1.105,-0.00237908,,,1.105,0.0907332,276.25,0.000119338,1.105,-0.0665378,276.25,9.17E-05,1.105,-0.0777244,276.25,4.44E-05
1.106,0.0255875,,,1.106,0.105539,276.5,0.000163281,1.106,-0.0790405,276.5,7.57E-05,1.106,-0.0852919,276.5,5.58E-05
1.107,0.0324969,,,1.107,0.123964,276.75,0.000150986,1.107,-0.0787115,276.75,6.72E-05,1.107,-0.087266,276.75,6.18E-05
1.108,0.0489479,,,1.108,0.138112,277,0.000116306,1.108,-0.070815,277,9.07E-05,1.108,-0.0885821,277,7.20E-05
1.109,0.0670439,,,1.109,0.140086,277.25,0.000116466,1.109,-0.0543641,277.25,0.000138941,1.109,-0.0898981,277.25,8.59E-05
1.11,0.0762564,,,1.11,0.131532,277.5,0.000200567,1.11,-0.0487708,277.5,0.000151407,1.11,-0.0925303,277.5,8.96E-05
1.111,0.0881011,,,1.111,0.12528,277.75,0.000271478,1.111,-0.0497578,277.75,0.000137718,1.111,-0.0908852,277.75,8.39E-05
1.112,0.0969846,,,1.112,0.122319,278,0.000221195,1.112,-0.035281,278,0.000108831,1.112,-0.0833178,278,8.03E-05
1.113,0.100604,,,1.113,0.1187,278.25,0.000177382,1.113,-0.0260684,278.25,5.69E-05,1.113,-0.0724601,278.25,7.53E-05
1.114,0.100604,,,1.114,0.10521,278.5,0.00028577,1.114,-0.000404971,278.5,2.06E-05,1.114,-0.0612735,278.5,6.64E-05
1.115,0.100275,,,1.115,0.0821788,278.75,0.000317621,1.115,0.0104527,278.75,1.54E-05,1.115,-0.0517319,278.75,5.14E-05
1.116,0.0986297,,,1.116,0.0551992,279,0.000244445,1.116,0.0199942,279,2.09E-05,1.116,-0.0421904,279,7.71E-05
1.117,0.0920493,,,1.117,0.0348,279.25,0.000126943,1.117,0.0259165,279.25,7.95E-06,1.117,-0.0283716,279.25,7.22E-05
1.118,0.0808627,,,1.118,0.0196652,279.5,5.77E-05,1.118,0.0354581,279.5,2.68E-05,1.118,-0.0109336,279.5,8.12E-05
1.119,0.068689,,,1.119,0.00222718,279.75,9.14E-05,1.119,0.050922,279.75,3.95E-05,1.119,0.00683344,279.75,7.40E-05
1.12,0.0535541,,,1.12,-0.0234363,280,9.72E-05,1.12,0.0650698,280,3.58E-05,1.12,0.0222973,280,8.43E-05
1.121,0.0387483,,,1.121,-0.05239,280.25,1.53E-05,1.121,0.069347,280.25,4.82E-05,1.121,0.034142,280.25,8.64E-05
1.122,0.0232844,,,1.122,-0.0767374,280.5,0.000114945,1.122,0.0670439,280.5,7.32E-05,1.122,0.0436836,280.5,7.41E-05
1.123,0.00650443,,,1.123,-0.0908852,280.75,0.000256503,1.123,0.0650698,280.75,7.16E-05,1.123,0.0568443,280.75,6.78E-05
1.124,-0.0122497,,,1.124,-0.100098,281,0.000325256,1.124,0.0542122,281,5.80E-05,1.124,0.069347,281,7.25E-05
1.125,-0.0290296,,,1.125,-0.110297,281.25,0.000306177,1.125,0.068689,281.25,5.22E-05,1.125,0.0785596,281.25,5.63E-05
1.126,-0.0464676,,,1.126,-0.124774,281.5,0.000258357,1.126,0.0788886,281.5,3.49E-05,1.126,0.0825078,281.5,2.77E-05
1.127,-0.0606154,,,1.127,-0.13629,281.75,0.000217663,1.127,0.0650698,281.75,1.14E-05,1.127,0.0815207,281.75,4.45E-05
1.128,-0.0724601,,,1.128,-0.140238,282,0.000194306,1.128,0.0288777,282,5.51E-05,1.128,0.0802046,282,3.12E-05
1.129,-0.0839758,,,1.129,-0.129709,282.25,0.000146952,1.129,0.0476318,282.25,6.65E-05,1.129,0.0802046,282.25,1.57E-05
1.13,-0.0948334,,,1.13,-0.127077,282.5,0.000112246,1.13,0.0308518,282.5,7.96E-05,1.13,0.0788886,282.5,1.22E-05
1.131,-0.0994397,,,1.131,-0.117536,282.75,8.19E-05,1.131,0.0226264,282.75,8.87E-05,1.131,0.0719792,282.75,3.77E-05
1.132,-0.10273,,,1.132,-0.114246,283,3.59E-05,1.132,0.0140719,283,5.35E-05,1.132,0.0607925,283,2.59E-05
1.133,-0.106349,,,1.133,-0.106678,283.25,6.09E-05,1.133,-0.00665633,283.25,5.36E-05,1.133,0.0492769,283.25,5.26E-05
1.134,-0.100098,,,1.134,-0.0885821,283.5,0.000141667,1.134,-0.0231073,283.5,8.20E-05,1.134,0.0380902,283.5,6.30E-05
1.135,-0.100427,,,1.135,-0.0602864,283.75,0.000242756,1.135,-0.0310037,283.75,0.000126257,1.135,0.0285487,283.75,6.12E-05
1.136,-0.0908852,,,1.136,-0.0389002,284,0.000267055,1.136,-0.03561,284,0.000142627,1.136,0.016375,284,7.08E-05
1.137,-0.0829887,,,1.137,-0.0270555,284.25,0.000200217,1.137,-0.0428484,284.25,0.000138737,1.137,0.000911104,284.25,7.99E-05
1.138,-0.0724601,,,1.138,-0.00764339,284.5,0.000113992,1.138,-0.0553511,284.5,0.000147951,1.138,-0.0161979,284.5,7.25E-05
1.139,-0.0579833,,,1.139,0.0236134,284.75,0.000112883,1.139,-0.0678539,284.75,0.000128948,1.139,-0.0300167,284.75,7.83E-05
1.14,-0.0448225,,,1.14,0.0324969,285,0.000137347,1.14,-0.0727891,285,8.62E-05,1.14,-0.0412033,285,8.60E-05
1.141,-0.0303457,,,1.141,0.0670439,285.25,4.91E-05,1.141,-0.0718021,285.25,4.88E-05,1.141,-0.0500868,285.25,9.44E-05
1.142,-0.0145528,,,1.142,0.0874431,285.5,0.000139037,1.142,-0.0675248,285.5,4.15E-05,1.142,-0.0599574,285.5,9.50E-05
1.143,0.00485933,,,1.143,0.0927074,285.75,0.000330934,1.143,-0.0671958,285.75,4.95E-05,1.143,-0.071144,285.75,8.63E-05
1.144,0.0216393,,,1.144,0.10192,286,0.000433393,1.144,-0.0714731,286,5.92E-05,1.144,-0.0796985,286,8.20E-05
1.145,0.0384193,,,1.145,0.112119,286.25,0.000363784,1.145,-0.070157,286.25,7.79E-05,1.145,-0.0836468,286.25,5.87E-05
1.146,0.051251,,,1.146,0.12528,286.5,0.000171834,1.146,-0.0625896,286.5,7.98E-05,1.146,-0.0839758,286.5,7.16E-05
1.147,0.0644117,,,1.147,0.12857,286.75,2.62E-05,1.147,-0.0494288,286.75,8.81E-05,1.147,-0.0829887,286.75,6.24E-05
1.148,0.0755984,,,1.148,0.0996168,287,7.71E-05,1.148,-0.0372551,287,0.00012124,1.148,-0.0813436,287,4.41E-05
1.149,0.086456,,,1.149,0.0420385,287.25,1.35E-05,1.149,-0.0306747,287.25,0.000136943,1.149,-0.0800276,287.25,4.76E-05
1.15,0.0927074,,,1.15,0.206219,287.5,0.000130398,1.15,-0.0254104,287.5,0.000165082,1.15,-0.0747633,287.5,2.14E-05
1.151,0.0953395,,,1.151,0.068031,287.75,0.000189578,1.151,-0.0155398,287.75,0.000169231,1.151,-0.0655507,287.75,2.58E-05
1.152,0.0930364,,,1.152,0.0719792,288,0.000235061,1.152,0.000253067,288,0.000139873,1.152,-0.052719,288,1.17E-05
1.153,0.0900752,,,1.153,0.114752,288.25,0.000317482,1.153,0.0180201,288.25,0.000108617,1.153,-0.0408743,288.25,1.92E-05
1.154,0.086127,,,1.154,0.0446706,288.5,0.000336982,1.154,0.0292067,288.5,7.25E-05,1.154,-0.0303457,288.5,3.43E-05
1.155,0.0805337,,,1.155,0.00485933,288.75,0.00026041,1.155,0.0354581,288.75,6.67E-05,1.155,-0.019159,288.75,2.76E-05
1.156,0.0713211,,,1.156,0.0394063,289,8.66E-05,1.156,0.0397353,289,4.41E-05,1.156,-0.00402418,289,4.09E-05
1.157,0.0588184,,,1.157,-0.019159,289.25,0.000228467,1.157,0.0476318,289.25,5.78E-05,1.157,0.0120977,289.25,3.59E-05
1.158,0.0449996,,,1.158,-0.019159,289.5,0.000385573,1.158,0.050593,289.5,5.26E-05,1.158,0.0275616,289.5,4.29E-05
1.159,0.0315099,,,1.159,-0.0412033,289.75,0.000429801,1.159,0.0739533,289.75,9.37E-05,1.159,0.0387483,289.75,4.93E-05
1.16,0.0180201,,,1.16,-0.069828,290,0.000338847,1.16,0.069018,290,0.000158072,1.16,0.0476318,290,3.74E-05
1.161,0.00321424,,,1.161,-0.0866079,290.25,0.000240013,1.161,0.0551992,290.25,0.000185676,1.161,0.0565153,290.25,3.98E-05
1.162,-0.0135657,,,1.162,-0.0945044,290.5,0.000305781,1.162,0.069676,290.5,0.000188292,1.162,0.0660568,290.5,2.80E-05
1.163,-0.0303457,,,1.163,-0.104375,290.75,0.000356179,1.163,0.0607925,290.75,0.00016635,1.163,0.0742823,290.75,2.66E-05
1.164,-0.0435065,,,1.164,-0.109968,291,0.000281705,1.164,0.0601345,291,8.32E-05,1.164,0.0788886,291,2.46E-05
1.165,-0.0425194,,,1.165,-0.11951,291.25,0.000159355,1.165,0.0565153,291.25,6.20E-05,1.165,0.0779015,291.25,2.70E-05
1.166,-0.0671958,,,1.166,-0.127077,291.5,0.000211249,1.166,0.0413804,291.5,0.000107825,1.166,0.0759274,291.5,1.85E-05
1.167,-0.0408743,,,1.167,-0.125103,291.75,0.000262962,1.167,0.0282197,291.75,0.000139843,1.167,0.0732953,291.75,2.11E-05
1.168,-0.115562,,,1.168,-0.117536,292,0.000182026,1.168,0.0196652,292,0.000143674,1.168,0.0709921,292,2.92E-05
1.169,-0.0826597,,,1.169,-0.10602,292.25,0.00011382,1.169,0.0120977,292.25,0.000108169,1.169,0.0657278,292.25,3.42E-05
1.17,-0.0958205,,,1.17,-0.0974656,292.5,0.000208287,1.17,0.00420129,292.5,0.000124692,1.17,0.0558573,292.5,2.87E-05
1.171,-0.101414,,,1.171,-0.0892401,292.75,0.000224471,1.171,-0.0096175,292.75,0.000166033,1.171,0.0436836,292.75,3.33E-05
1.172,-0.0803566,,,1.172,-0.0767374,293,0.000120726,1.172,-0.0250814,293,0.000166357,1.172,0.0305228,293,4.25E-05
1.173,-0.0935173,,,1.173,-0.0583123,293.25,2.05E-05,1.173,-0.0382421,293.25,0.000139958,1.173,0.0190071,293.25,4.00E-05
1.174,-0.0829887,,,1.174,-0.034952,293.5,7.29E-05,1.174,-0.0438355,293.5,0.00013961,1.174,0.00913658,293.5,3.68E-05
1.175,-0.0665378,,,1.175,-0.0119206,293.75,0.000227038,1.175,-0.0365971,293.75,0.00011927,1.175,-0.00402418,293.75,5.91E-05
1.176,-0.0665378,,,1.176,0.00551737,294,0.000334125,1.176,-0.086937,294,0.000156471,1.176,-0.0198171,294,4.11E-05
1.177,-0.0477837,,,1.177,0.0229554,294.25,0.000278162,1.177,-0.0599574,294.25,0.000156995,1.177,-0.0339649,294.25,4.44E-05
1.178,-0.0273845,,,1.178,0.0410514,294.5,9.22E-06,1.178,-0.0619315,294.5,0.000117707,1.178,-0.0458096,294.5,4.54E-05
1.179,-0.0257394,,,1.179,0.0637537,294.75,0.000276428,1.179,-0.0941754,294.75,9.33E-05,1.179,-0.0546931,294.75,5.58E-05
1.18,-0.00468222,,,1.18,0.0818497,295,0.000415835,1.18,-0.0632476,295,2.14E-05,1.18,-0.0616025,295,4.76E-05
1.181,0.017033,,,1.181,0.0959975,295.25,0.000328088,1.181,-0.0629186,295.25,3.42E-05,1.181,-0.069828,295.25,4.48E-05
1.182,0.0315099,,,1.182,0.100933,295.5,0.000155892,1.182,-0.0619315,295.5,6.10E-05,1.182,-0.0777244,295.5,3.29E-05
1.183,0.0433545,,,1.183,0.108829,295.75,0.000297938,1.183,-0.0546931,295.75,5.41E-05,1.183,-0.0820017,295.75,5.10E-05
1.184,0.0568443,,,1.184,0.114094,296,0.0003987,1.184,-0.0560092,296,2.52E-05,1.184,-0.0823307,296,5.52E-05
1.185,0.0670439,,,1.185,0.121661,296.25,0.000417768,1.185,-0.0431774,296.25,7.27E-05,1.185,-0.0793695,296.25,4.77E-05
1.186,0.0742823,,,1.186,0.119029,296.5,0.000435101,1.186,-0.0398872,296.5,8.66E-05,1.186,-0.0764084,296.5,6.24E-05
1.187,0.0841529,,,1.187,0.113107,296.75,0.000353241,1.187,-0.0217912,296.75,0.000107003,1.187,-0.0731182,296.75,6.19E-05
1.188,0.0904042,,,1.188,0.100604,297,0.000121461,1.188,-0.0132367,297,6.27E-05,1.188,-0.0678539,297,3.74E-05
1.189,0.0917203,,,1.189,0.0894172,297.25,0.000125887,1.189,-0.00731437,297.25,2.61E-05,1.189,-0.0596284,297.25,5.41E-05
1.19,0.0874431,,,1.19,0.0775725,297.5,0.000225023,1.19,0.00354326,297.5,3.68E-05,1.19,-0.0474547,297.5,5.12E-05
1.191,0.0854689,,,1.191,0.0647408,297.75,0.000138225,1.191,0.0193362,297.75,0.000100934,1.191,-0.0346229,297.75,4.24E-05
1.192,0.0959975,,,1.192,0.0459867,298,0.00019492,1.192,0.0318389,298,0.000122928,1.192,-0.0231073,298,3.16E-05
1.193,0.069347,,,1.193,0.0229554,298.25,0.000328223,1.193,0.0407224,298.25,0.000143939,1.193,-0.0122497,298.25,3.22E-05
1.194,0.0637537,,,1.194,0.000911104,298.5,0.000355666,1.194,0.0440126,298.5,0.000124619,1.194,-7.60E-05,298.5,1.97E-05
1.195,0.051251,,,1.195,-0.0171849,298.75,0.00027483,1.195,0.0479608,298.75,8.73E-05,1.195,0.0134138,298.75,4.00E-05
1.196,0.0380902,,,1.196,-0.0326488,299,0.000254233,1.196,0.0561863,299,2.41E-05,1.196,0.0278907,299,4.48E-05
1.197,0.0206522,,,1.197,-0.0510739,299.25,0.000239643,1.197,0.0617796,299.25,5.24E-05,1.197,0.0394063,299.25,4.20E-05
1.198,0.00880756,,,1.198,-0.0655507,299.5,0.000106181,1.198,0.0647408,299.5,8.10E-05,1.198,0.0489479,299.5,4.38E-05
1.199,-0.00665633,,,1.199,-0.0852919,299.75,0.000139643,1.199,0.0746113,299.75,0.000114571,1.199,0.0558573,299.75,4.87E-05
1.2,-0.0211332,,,1.2,-0.110955,300,0.000287559,1.2,0.0482898,300,0.000135351,1.2,0.0624376,300,5.57E-05
1.201,-0.0372551,,,1.201,-0.0994397,300.25,0.000321983,1.201,0.0275616,300.25,0.00012351,1.201,0.069018,300.25,4.18E-05
1.202,-0.053048,,,1.202,-0.115233,300.5,0.00024458,1.202,0.0199942,300.5,0.000100552,1.202,0.0736243,300.5,3.82E-05
1.203,-0.0632476,,,1.203,-0.118523,300.75,0.000176686,1.203,0.0374322,300.75,9.20E-05,1.203,0.0729662,300.75,3.96E-05
1.204,-0.0714731,,,1.204,-0.115233,301,0.000202107,1.204,0.0219683,301,8.36E-05,1.204,0.069676,301,3.23E-05
1.205,-0.0810146,,,1.205,-0.121484,301.25,0.00012677,1.205,0.0232844,301.25,5.53E-05,1.205,0.0653988,301.25,2.62E-05
1.206,-0.086937,,,1.206,-0.114904,301.5,2.68E-05,1.206,0.00650443,301.5,4.94E-05,1.206,0.0611216,301.5,9.22E-06
1.207,-0.0928593,,,1.207,-0.106678,301.75,0.000187704,1.207,0.00749148,301.75,3.24E-05,1.207,0.0555282,301.75,2.36E-05
1.208,-0.0945044,,,1.208,-0.087266,302,0.000263974,1.208,-0.00468222,302,4.13E-05,1.208,0.0469737,302,3.35E-05
1.209,-0.0918722,,,1.209,-0.0803566,302.25,0.000198306,1.209,-0.0129077,302.25,7.76E-05,1.209,0.0364451,302.25,1.35E-05
1.21,-0.087266,,,1.21,-0.070157,302.5,6.67E-05,1.21,-0.0267265,302.5,0.000106539,1.21,0.0239424,302.5,4.20E-05
1.211,-0.0839758,,,1.211,-0.053048,302.75,0.000232863,1.211,-0.0382421,302.75,0.000134118,1.211,0.0120977,302.75,4.44E-05
1.212,-0.0754213,,,1.212,-0.0323198,303,0.000304097,1.212,-0.0477837,303,0.000137224,1.212,0.00124012,303,3.89E-05
1.213,-0.0668668,,,1.213,-0.0106046,303.25,0.000271334,1.213,-0.0504159,303.25,0.000136471,1.213,-0.00928848,303.25,5.16E-05
1.214,-0.0556802,,,1.214,0.0111107,303.5,0.000169684,1.214,-0.0540351,303.5,0.000134192,1.214,-0.0217912,303.5,5.53E-05
1.215,-0.0412033,,,1.215,0.0272326,303.75,9.96E-05,1.215,-0.0592994,303.75,0.00010428,1.215,-0.03561,303.75,6.26E-05
1.216,-0.0277135,,,1.216,0.0473028,304,7.92E-05,1.216,-0.0652217,304,4.60E-05,1.216,-0.0467966,304,6.01E-05
1.217,-0.0148818,,,1.217,0.0604635,304.25,5.04E-05,1.217,-0.0671958,304.25,2.93E-05,1.217,-0.0553511,304.25,6.06E-05
1.218,0.00551737,,,1.218,0.0785596,304.5,9.89E-05,1.218,-0.0652217,304.5,9.53E-05,1.218,-0.0612735,304.5,5.38E-05
1.219,0.0137428,,,1.219,0.0936944,304.75,0.000165986,1.219,-0.0583123,304.75,0.000143082,1.219,-0.0658797,304.75,5.96E-05
1.22,0.0315099,,,1.22,0.102578,305,0.000216252,1.22,-0.053048,305,0.000163911,1.22,-0.071144,305,4.42E-05
1.221,0.0433545,,,1.221,0.103894,305.25,0.000226334,1.221,-0.0497578,305.25,0.000142357,1.221,-0.0750923,305.25,5.23E-05
1.222,0.0575023,,,1.222,0.105868,305.5,0.00021381,1.222,-0.0458096,305.5,0.000121118,1.222,-0.0767374,305.5,6.09E-05
1.223,0.0663859,,,1.223,0.106526,305.75,0.000190206,1.223,-0.0389002,305.75,0.000116109,1.223,-0.0724601,305.75,6.35E-05
1.224,0.0729662,,,1.224,0.106526,306,0.000119959,1.224,-0.0263975,306,0.000106826,1.224,-0.0681829,306,7.27E-05
1.225,0.0802046,,,1.225,0.101262,306.25,6.48E-05,1.225,-0.0132367,306.25,0.000113931,1.225,-0.0622605,306.25,6.70E-05
1.226,0.0838239,,,1.226,0.0917203,306.5,0.000165181,1.226,-0.00336614,306.5,0.000146187,1.226,-0.0566672,306.5,8.34E-05
1.227,0.0844819,,,1.227,0.0775725,306.75,0.000269349,1.227,0.00354326,306.75,0.000183643,1.227,-0.0497578,306.75,8.31E-05
1.228,0.0808627,,,1.228,0.0650698,307,0.000320803,1.228,0.0114397,307,0.000200149,1.228,-0.0398872,307,6.22E-05
1.229,0.0765854,,,1.229,0.0532251,307.25,0.000329489,1.229,0.0222973,307.25,0.000201453,1.229,-0.0273845,307.25,7.17E-05
1.23,0.069676,,,1.23,0.0387483,307.5,0.000341476,1.23,0.034471,307.5,0.000202142,1.23,-0.0152108,307.5,5.89E-05
1.231,0.0637537,,,1.231,0.0321679,307.75,0.000376731,1.231,0.0430255,307.75,0.000179182,1.231,-0.00369516,307.75,5.71E-05
1.232,0.0535541,,,1.232,-0.0273845,308,0.000384759,1.232,0.0476318,308,0.000189276,1.232,0.00683344,308,6.38E-05
1.233,0.0426965,,,1.233,-0.00830143,308.25,0.000316468,1.233,0.0489479,308.25,0.000194164,1.233,0.0180201,308.25,5.95E-05
1.234,0.0288777,,,1.234,-0.0323198,308.5,0.00019228,1.234,0.0545412,308.5,0.000176142,1.234,0.0305228,308.5,6.18E-05
1.235,0.016046,,,1.235,-0.0553511,308.75,0.000113735,1.235,0.0634247,308.75,0.000138956,1.235,0.0423675,308.75,7.82E-05
1.236,0.00222718,,,1.236,-0.0596284,309,0.000210536,1.236,0.0706631,309,0.000120479,1.236,0.050593,309,5.22E-05
1.237,-0.0102755,,,1.237,-0.0783825,309.25,0.000268896,1.237,0.0542122,309.25,0.000135282,1.237,0.0568443,309.25,5.60E-05
1.238,-0.0244234,,,1.238,-0.0954915,309.5,0.000265343,1.238,0.0482898,309.5,0.000141228,1.238,0.0614506,309.5,6.29E-05
1.239,-0.0375841,,,1.239,-0.0958205,309.75,0.000214021,1.239,0.0476318,309.75,0.000127024,1.239,0.0653988,309.75,4.74E-05
1.24,-0.05239,,,1.24,-0.107665,310,0.000169264,1.24,0.0394063,310,7.50E-05,1.24,0.068031,310,6.28E-05
1.241,-0.0852919,,,1.241,-0.103388,310.25,0.000161132,1.241,0.0348,310.25,5.16E-05,1.241,0.069018,310.25,1.93E-05
1.242,-0.069499,,,1.242,-0.110626,310.5,0.000139337,1.242,0.0282197,310.5,0.000117682,1.242,0.0660568,310.5,3.86E-05
1.243,-0.070157,,,1.243,-0.107336,310.75,0.000119078,1.243,0.016704,310.75,0.000189576,1.243,0.0604635,310.75,2.58E-05
1.244,-0.0675248,,,1.244,-0.10602,311,0.000165364,1.244,0.00387227,311,0.000198899,1.244,0.0538831,311,1.16E-05
1.245,-0.0849628,,,1.245,-0.0961495,311.25,0.000210648,1.245,-0.00632731,311.25,0.000150126,1.245,0.0473028,311.25,1.27E-05
1.246,-0.087924,,,1.246,-0.0839758,311.5,0.000241744,1.246,-0.0142238,311.5,0.000103393,1.246,0.0400644,311.5,3.03E-05
1.247,-0.0852919,,,1.247,-0.0671958,311.75,0.000296342,1.247,-0.0165269,311.75,3.57E-05,1.247,0.0301938,311.75,2.21E-05
1.248,-0.0800276,,,1.248,-0.0550221,312,0.000385572,1.248,-0.035939,312,3.59E-05,1.248,0.0183491,312,2.17E-05
1.249,-0.0823307,,,1.249,-0.035281,312.25,0.000402532,1.249,-0.0431774,312.25,0.000101291,1.249,0.00518835,312.25,2.78E-05
1.25,-0.0579833,,,1.25,-0.0254104,312.5,0.000303653,1.25,-0.0471257,312.5,0.000172562,1.25,-0.00534025,312.5,3.55E-05
1.251,-0.0583123,,,1.251,-0.00205007,312.75,7.46E-05,1.251,-0.0546931,312.75,0.00022068,1.251,-0.0158689,312.75,2.54E-05
1.252,-0.0425194,,,1.252,0.0180201,313,0.000159613,1.252,-0.0589703,313,0.000250096,1.252,-0.0260684,313,1.62E-05
1.253,-0.034952,,,1.253,0.0367742,313.25,0.000265861,1.253,-0.0576543,313.25,0.000260964,1.253,-0.0372551,313.25,2.82E-05
1.254,-0.019159,,,1.254,0.0489479,313.5,0.000191856,1.254,-0.0599574,313.5,0.000229659,1.254,-0.0477837,313.5,8.87E-06
1.255,-0.000404971,,,1.255,0.0667149,313.75,0.000158701,1.255,-0.0616025,313.75,0.000202555,1.255,-0.0563382,313.75,3.31E-05
1.256,0.0101236,,,1.256,0.0732953,314,0.000368667,1.256,-0.0625896,314,0.000164054,1.256,-0.0616025,314,3.47E-05
1.257,0.0229554,,,1.257,0.0881011,314.25,0.000477595,1.257,-0.0550221,314.25,0.000117101,1.257,-0.0655507,314.25,4.15E-05
1.258,0.0295357,,,1.258,0.0983007,314.5,0.000466505,1.258,-0.0484417,314.5,9.83E-05,1.258,-0.0678539,314.5,6.39E-05
1.259,0.0482898,,,1.259,0.10192,314.75,0.000362753,1.259,-0.0412033,314.75,3.88E-05,1.259,-0.070157,314.75,7.80E-05
1.26,0.0607925,,,1.26,0.102578,315,0.000181639,1.26,-0.036268,315,2.64E-05,1.26,-0.070815,315,8.10E-05
1.261,0.0624376,,,1.261,0.101262,315.25,0.000116978,1.261,-0.0300167,315.25,2.03E-05,1.261,-0.0685119,315.25,9.02E-05
1.262,0.0713211,,,1.262,0.0989587,315.5,0.000398401,1.262,-0.0211332,315.5,3.73E-05,1.262,-0.0632476,315.5,9.21E-05
1.263,0.0769145,,,1.263,0.0943525,315.75,0.000539065,1.263,-0.00863044,315.75,7.58E-05,1.263,-0.0573252,315.75,8.55E-05
1.264,0.0805337,,,1.264,0.086785,316,0.000489701,1.264,0.0025562,316,9.16E-05,1.264,-0.0507449,316,0.000104113
1.265,0.0808627,,,1.265,0.0726372,316.25,0.000283517,1.265,0.0111107,316.25,7.64E-05,1.265,-0.0428484,316.25,9.62E-05
1.266,0.0759274,,,1.266,0.0575023,316.5,0.000187687,1.266,0.0176911,316.5,0.000115283,1.266,-0.0336359,316.5,0.000103314
1.267,0.0719792,,,1.267,0.0397353,316.75,0.000402951,1.267,0.0239424,316.75,0.000165324,1.267,-0.0227783,316.75,9.77E-05
1.268,0.0627666,,,1.268,0.0502639,317,0.00039201,1.268,0.034142,317,0.000194375,1.268,-0.0106046,317,9.42E-05
1.269,0.0558573,,,1.269,-0.00764339,317.25,0.000212869,1.269,0.0433545,317.25,0.000201321,1.269,0.00156914,317.25,9.02E-05
1.27,0.0453287,,,1.27,-0.000404971,317.5,0.000129114,1.27,0.0489479,317.5,0.000146861,1.27,0.0117687,317.5,8.36E-05
1.271,0.034142,,,1.271,-0.019159,317.75,0.000403364,1.271,0.0499349,317.75,7.88E-05,1.271,0.0219683,317.75,6.38E-05
1.272,0.0193362,,,1.272,-0.0507449,318,0.000498804,1.272,0.0479608,318,3.08E-05,1.272,0.0321679,318,6.97E-05
1.273,0.00650443,,,1.273,-0.0589703,318.25,0.000441728,1.273,0.0578314,318.25,9.67E-05,1.273,0.0420385,318.25,7.25E-05
1.274,-0.00731437,,,1.274,-0.0671958,318.5,0.000328867,1.274,0.0548702,318.5,0.000180501,1.274,0.0502639,318.5,4.45E-05
1.275,-0.018172,,,1.275,-0.0829887,318.75,0.000368743,1.275,0.0594765,318.75,0.000231236,1.275,0.0558573,318.75,5.82E-05
1.276,-0.0323198,,,1.276,-0.0918722,319,0.000441014,1.276,0.0502639,319,0.000204145,1.276,0.0591474,319,4.85E-05
1.277,-0.0444935,,,1.277,-0.0997687,319.25,0.000360903,1.277,0.0348,319.25,0.000168944,1.277,0.0617796,319.25,5.19E-05
1.278,-0.0563382,,,1.278,-0.105362,319.5,0.000179496,1.278,0.0315099,319.5,0.00012682,1.278,0.0621086,319.5,5.08E-05
1.279,-0.0648927,,,1.279,-0.104704,319.75,2.28E-05,1.279,0.0246005,319.75,0.000108363,1.279,0.0624376,319.75,6.36E-05
1.28,-0.0721311,,,1.28,-0.102072,320,0.000105765,1.28,0.0183491,320,0.000109151,1.28,0.0598055,320,5.43E-05
1.281,-0.0764084,,,1.281,-0.0987816,320.25,0.000105257,1.281,0.0094656,320.25,0.000128236,1.281,0.0542122,320.25,5.14E-05
1.282,-0.0810146,,,1.282,-0.0945044,320.5,0.00018876,1.282,-7.60E-05,320.5,0.000144228,1.282,0.0469737,320.5,6.07E-05
1.283,-0.0826597,,,1.283,-0.087595,320.75,0.000243085,1.283,-0.0125787,320.75,0.000153215,1.283,0.0387483,320.75,7.32E-05
1.284,-0.0820017,,,1.284,-0.0760793,321,0.000238668,1.284,-0.0201461,321,0.000148632,1.284,0.0305228,321,7.15E-05
1.285,-0.0790405,,,1.285,-0.0622605,321.25,0.000314222,1.285,-0.0267265,321.25,0.000139539,1.285,0.0226264,321.25,9.87E-05
1.286,-0.0734472,,,1.286,-0.0458096,321.5,0.00043077,1.286,-0.0319908,321.5,9.36E-05,1.286,0.0117687,321.5,9.38E-05
1.287,-0.0668668,,,1.287,-0.0316618,321.75,0.000411699,1.287,-0.0405453,321.75,5.05E-05,1.287,0.000253067,321.75,9.94E-05
1.288,-0.0586413,,,1.288,-0.017843,322,0.000350447,1.288,-0.0484417,322,6.06E-05,1.288,-0.0106046,322,9.75E-05
1.289,-0.0494288,,,1.289,-0.000404971,322.25,0.00033039,1.289,-0.053706,322.25,9.59E-05,1.289,-0.0208041,322.25,0.000126532
1.29,-0.0365971,,,1.29,0.0183491,322.5,0.000292594,1.29,-0.0553511,322.5,0.000105552,1.29,-0.0290296,322.5,0.000113608
1.291,-0.0260684,,,1.291,0.0367742,322.75,0.000206951,1.291,-0.0546931,322.75,9.01E-05,1.291,-0.0382421,322.75,0.000121576
1.292,-0.0112626,,,1.292,0.05158,323,0.000146808,1.292,-0.0540351,323,5.84E-05,1.292,-0.0464676,323,9.48E-05
1.293,0.00354326,,,1.293,0.0634247,323.25,0.000119706,1.293,-0.0540351,323.25,7.78E-05,1.293,-0.0546931,323.25,9.04E-05
1.294,0.0147299,,,1.294,0.0739533,323.5,0.000140921,1.294,-0.053048,323.5,0.000115221,1.294,-0.0596284,323.5,7.93E-05
1.295,0.0252585,,,1.295,0.0838239,323.75,0.000165578,1.295,-0.0487708,323.75,0.000128281,1.295,-0.0629186,323.75,7.81E-05
1.296,0.0380902,,,1.296,0.0923783,324,8.75E-05,1.296,-0.0412033,324,0.000128159,1.296,-0.0642346,324,7.48E-05
1.297,0.0499349,,,1.297,0.0808627,324.25,0.000126152,1.297,-0.0326488,324.25,8.82E-05,1.297,-0.0639056,324.25,5.60E-05
1.298,0.0584894,,,1.298,0.106526,324.5,0.000337189,1.298,-0.0263975,324.5,3.73E-05,1.298,-0.0635766,324.5,7.13E-05
1.299,0.0663859,,,1.299,0.0890882,324.75,0.000413113,1.299,-0.0201461,324.75,4.24E-05,1.299,-0.0622605,324.75,4.72E-05
1.3,0.069347,,,1.3,0.0927074,325,0.000338202,1.3,-0.0129077,325,0.0001135,1.3,-0.0569962,325,5.80E-05
1.301,0.0729662,,,1.301,0.0979717,325.25,0.000185554,1.301,-0.00303712,325.25,0.00015495,1.301,-0.0504159,325.25,3.54E-05
1.302,0.0746113,,,1.302,0.0650698,325.5,9.96E-05,1.302,0.0078205,325.5,0.000171569,1.302,-0.0421904,325.5,3.80E-05
1.303,0.0726372,,,1.303,0.0765854,325.75,0.000161748,1.303,0.0180201,325.75,0.000188412,1.303,-0.0336359,325.75,3.01E-05
1.304,0.069676,,,1.304,0.0443416,326,0.000331465,1.304,0.0229554,326,0.000181975,1.304,-0.0247524,326,3.00E-05
1.305,0.0624376,,,1.305,0.0295357,326.25,0.000443319,1.305,0.0298648,326.25,0.000161518,1.305,-0.0152108,326.25,2.03E-05
1.306,0.0545412,,,1.306,0.0183491,326.5,0.000439318,1.306,0.0348,326.5,0.000160197,1.306,-0.0043532,326.5,1.63E-05
1.307,0.0459867,,,1.307,0.00485933,326.75,0.000270824,1.307,0.0426965,326.75,0.000174386,1.307,0.0078205,326.75,8.44E-06
1.308,0.0371032,,,1.308,-0.00928848,327,5.52E-05,1.308,0.0476318,327,0.000202614,1.308,0.0176911,327,2.17E-05
1.309,0.0262456,,,1.309,-0.0303457,327.25,0.000184244,1.309,0.0502639,327.25,0.000241744,1.309,0.0269036,327.25,2.46E-05
1.31,0.0144009,,,1.31,-0.0421904,327.5,0.000225903,1.31,0.0479608,327.5,0.000237929,1.31,0.0348,327.5,4.50E-05
1.311,0.000582086,,,1.311,-0.0583123,327.75,0.000193118,1.311,0.0400644,327.75,0.000251143,1.311,0.0420385,327.75,4.97E-05
1.312,-0.0106046,,,1.312,-0.0678539,328,0.00010796,1.312,0.0479608,328,0.000262628,1.312,0.0492769,328,6.35E-05
1.313,-0.0224492,,,1.313,-0.0750923,328.25,6.42E-05,1.313,0.0607925,328.25,0.00026568,1.313,0.0551992,328.25,8.16E-05
1.314,-0.0326488,,,1.314,-0.0839758,328.5,9.37E-05,1.314,0.00979461,328.5,0.000260226,1.314,0.0575023,328.5,8.49E-05
1.315,-0.0461386,,,1.315,-0.0915432,328.75,0.000182105,1.315,0.0627666,328.75,0.000206176,1.315,0.0581604,328.75,9.15E-05
1.316,-0.0339649,,,1.316,-0.0948334,329,0.00026558,1.316,0.0176911,329,0.000157367,1.316,0.0571733,329,9.98E-05
1.317,-0.0793695,,,1.317,-0.0954915,329.25,0.000330321,1.317,0.00716246,329.25,0.000137,1.317,0.0558573,329.25,0.000114871
1.318,-0.0658797,,,1.318,-0.0935173,329.5,0.000301143,1.318,0.0144009,329.5,0.000149094,1.318,0.0528961,329.5,0.000126026
1.319,-0.0675248,,,1.319,-0.0889111,329.75,0.000271113,1.319,0.000911104,329.75,0.000187243,1.319,0.0482898,329.75,0.00012092
1.32,-0.0783825,,,1.32,-0.0829887,330,0.000283596,1.32,-0.00895946,330,0.000216076,1.32,0.0410514,330,0.000140434
1.321,-0.0691699,,,1.321,-0.0750923,330.25,0.000202392,1.321,-0.0168559,330.25,0.00022618,1.321,0.0321679,330.25,0.000122356
1.322,-0.0714731,,,1.322,-0.0652217,330.5,5.76E-05,1.322,-0.0273845,330.5,0.000195496,1.322,0.0239424,330.5,0.000152464
1.323,-0.0691699,,,1.323,-0.0514029,330.75,0.00021161,1.323,-0.0270555,330.75,0.000150894,1.323,0.0153879,330.75,0.000154273
1.324,-0.0635766,,,1.324,-0.0369261,331,0.000355991,1.324,-0.0323198,331,9.56E-05,1.324,0.00584639,331,0.000148499
1.325,-0.0586413,,,1.325,-0.0214622,331.25,0.000391939,1.325,-0.0379131,331.25,3.95E-05,1.325,-0.00369516,331.25,0.000134704
1.326,-0.0497578,,,1.326,-0.00665633,331.5,0.000371862,1.326,-0.0467966,331.5,7.15E-05,1.326,-0.0152108,331.5,0.000124543
1.327,-0.0474547,,,1.327,0.00880756,331.75,0.00036478,1.327,-0.0583123,331.75,8.24E-05,1.327,-0.0250814,331.75,0.000134823
1.328,-0.0244234,,,1.328,0.0242714,332,0.000355939,1.328,-0.0520609,332,9.05E-05,1.328,-0.0333069,332,9.08E-05
1.329,-0.0155398,,,1.329,0.0407224,332.25,0.000303475,1.329,-0.0550221,332.25,0.000141957,1.329,-0.0412033,332.25,0.000106047
1.33,-0.00468222,,,1.33,0.0545412,332.5,0.000311014,1.33,-0.0510739,332.5,0.000195256,1.33,-0.0481127,332.5,9.63E-05
1.331,0.0094656,,,1.331,0.0657278,332.75,0.000369272,1.331,-0.0487708,332.75,0.000255291,1.331,-0.053706,332.75,7.31E-05
1.332,0.0213103,,,1.332,0.0746113,333,0.000424161,1.332,-0.0471257,333,0.00028258,1.332,-0.0592994,333,5.61E-05
1.333,0.0315099,,,1.333,0.0815207,333.25,0.000425318,1.333,-0.0438355,333.25,0.000321779,1.333,-0.0616025,333.25,4.19E-05
1.334,0.0426965,,,1.334,0.0881011,333.5,0.000334714,1.334,-0.03561,333.5,0.000350481,1.334,-0.0616025,333.5,4.69E-05
1.335,0.0525671,,,1.335,0.0913913,333.75,0.000267001,1.335,-0.0277135,333.75,0.000393047,1.335,-0.0602864,333.75,5.59E-05
1.336,0.0591474,,,1.336,0.0907332,334,0.000268004,1.336,-0.01883,334,0.000398804,1.336,-0.0583123,334,5.14E-05
1.337,0.0644117,,,1.337,0.0881011,334.25,0.000318731,1.337,-0.0122497,334.25,0.000365604,1.337,-0.0560092,334.25,8.55E-05
1.338,0.06836,,,1.338,0.0815207,334.5,0.000283247,1.338,-0.00599829,334.5,0.000326177,1.338,-0.0510739,334.5,8.79E-05
1.339,0.069676,,,1.339,0.0746113,334.75,0.000163011,1.339,0.00288522,334.75,0.000255414,1.339,-0.0438355,334.75,9.21E-05
1.34,0.069018,,,1.34,0.0653988,335,0.000142653,1.34,0.0120977,335,0.00021932,1.34,-0.03561,335,0.000137182
1.341,0.0667149,,,1.341,0.0545412,335.25,0.00032675,1.341,0.0219683,335.25,0.000182255,1.341,-0.0273845,335.25,0.000166847
1.342,0.0621086,,,1.342,0.051909,335.5,0.00041002,1.342,0.0278907,335.5,0.000154425,1.342,-0.018501,335.5,0.000172057
1.343,0.0561863,,,1.343,0.0364451,335.75,0.000332197,1.343,0.033484,335.75,0.000127224,1.343,-0.0096175,335.75,0.000179587
1.344,0.0473028,,,1.344,0.00683344,336,0.000231981,1.344,0.0367742,336,9.95E-05,1.344,0.000253067,336,0.000188498
1.345,0.0387483,,,1.345,-0.00139203,336.25,0.000299465,1.345,0.0420385,336.25,0.000120341,1.345,0.0104527,336.25,0.000197218
1.346,0.0275616,,,1.346,-0.0152108,336.5,0.000372418,1.346,0.0449996,336.5,0.0001435,1.346,0.0203232,336.5,0.000190356
1.347,0.016704,,,1.347,-0.0323198,336.75,0.000365958,1.347,0.0476318,336.75,0.00010769,1.347,0.0288777,336.75,0.000188703
1.348,0.00551737,,,1.348,-0.0494288,337,0.000372808,1.348,0.0446706,337,6.68E-05,1.348,0.0361161,337,0.000181788
1.349,-0.00665633,,,1.349,-0.0592994,337.25,0.000353518,1.349,0.0426965,337.25,8.41E-05,1.349,0.0417094,337.25,0.000180586
1.35,-0.018172,,,1.35,-0.071144,337.5,0.000309544,1.35,0.0384193,337.5,0.000115229,1.35,0.0473028,337.5,0.000179718
1.351,-0.0303457,,,1.351,-0.0790405,337.75,0.000246313,1.351,0.0371032,337.75,0.000139257,1.351,0.05158,337.75,0.000172757
1.352,-0.0402163,,,1.352,-0.0846338,338,0.00013021,1.352,0.0324969,338,0.000114813,1.352,0.0545412,338,0.000162425
1.353,-0.0497578,,,1.353,-0.0908852,338.25,0.000105171,1.353,0.0259165,338.25,5.17E-05,1.353,0.0542122,338.25,0.000147352
1.354,-0.0573252,,,1.354,-0.0931883,338.5,0.00022518,1.354,0.017033,338.5,4.56E-05,1.354,0.0532251,338.5,0.000158154
1.355,-0.0645637,,,1.355,-0.0935173,338.75,0.000286446,1.355,0.00913658,338.75,0.000112555,1.355,0.0496059,338.75,0.00013307
1.356,-0.069828,,,1.356,-0.0902272,339,0.000247002,1.356,0.00189816,339,0.000148938,1.356,0.0469737,339,0.000100874
1.357,-0.0727891,,,1.357,-0.0846338,339.25,0.000158413,1.357,-0.0043532,339.25,0.000162496,1.357,0.0413804,339.25,8.98E-05
1.358,-0.0731182,,,1.358,-0.0770664,339.5,8.98E-05,1.358,-0.0115916,339.5,0.000175413,1.358,0.034471,339.5,6.44E-05
1.359,-0.0724601,,,1.359,-0.0688409,339.75,7.88E-05,1.359,-0.0208041,339.75,0.000185149,1.359,0.0262456,339.75,6.30E-05
1.36,-0.069828,,,1.36,-0.0576543,340,0.000188121,1.36,-0.0287006,340,0.000207555,1.36,0.017033,340,4.05E-05
1.361,-0.0658797,,,1.361,-0.0461386,340.25,0.000324835,1.361,-0.035281,340.25,0.000239637,1.361,0.00847854,340.25,2.38E-05
1.362,-0.0592994,,,1.362,-0.0316618,340.5,0.000403468,1.362,-0.0392292,340.5,0.000210513,1.362,0.000253067,340.5,2.16E-05
1.363,-0.0520609,,,1.363,-0.0168559,340.75,0.000329903,1.363,-0.0425194,340.75,0.000159995,1.363,-0.0096175,340.75,2.43E-05
1.364,-0.0425194,,,1.364,-0.00172105,341,0.000174846,1.364,-0.0458096,341,0.00012691,1.364,-0.01883,341,3.95E-05
1.365,-0.0326488,,,1.365,0.0127558,341.25,0.000125175,1.365,-0.0497578,341.25,8.81E-05,1.365,-0.0283716,341.25,5.58E-05
1.366,-0.0211332,,,1.366,0.0272326,341.5,0.000237373,1.366,-0.0507449,341.5,6.96E-05,1.366,-0.0365971,341.5,6.64E-05
1.367,-0.0106046,,,1.367,0.0403934,341.75,0.000343158,1.367,-0.0497578,341.75,4.61E-05,1.367,-0.0425194,341.75,8.50E-05
1.368,0.00156914,,,1.368,0.0532251,342,0.000340815,1.368,-0.0461386,342,6.46E-05,1.368,-0.0477837,342,0.000101845
1.369,0.0130848,,,1.369,0.0644117,342.25,0.000209494,1.369,-0.0428484,342.25,7.32E-05,1.369,-0.0517319,342.25,0.000103264
1.37,0.0242714,,,1.37,0.0732953,342.5,0.000115258,1.37,-0.0392292,342.5,7.10E-05,1.37,-0.0556802,342.5,0.000111782
1.371,0.034142,,,1.371,0.0785596,342.75,0.000345922,1.371,-0.03561,342.75,7.48E-05,1.371,-0.0573252,342.75,0.000133074
1.372,0.0440126,,,1.372,0.0825078,343,0.00049617,1.372,-0.0287006,343,7.09E-05,1.372,-0.0576543,343,0.000140806
1.373,0.050593,,,1.373,0.0828368,343.25,0.000440816,1.373,-0.0211332,343.25,0.000111163,1.373,-0.0553511,343.25,0.00015317
1.374,0.0568443,,,1.374,0.0838239,343.5,0.000283011,1.374,-0.0119206,343.5,0.000157546,1.374,-0.0520609,343.5,0.000150297
1.375,0.0617796,,,1.375,0.0802046,343.75,0.000210972,1.375,-0.0043532,343.75,0.000216587,1.375,-0.0484417,343.75,0.000164497
1.376,0.0640827,,,1.376,0.0729662,344,0.00032458,1.376,0.00222718,344,0.000251024,1.376,-0.0431774,344,0.000165246
1.377,0.0644117,,,1.377,0.0660568,344.25,0.000342139,1.377,0.00847854,344.25,0.00025681,1.377,-0.0375841,344.25,0.000147497
1.378,0.0627666,,,1.378,0.0565153,344.5,0.000291156,1.378,0.0176911,344.5,0.000235448,1.378,-0.0287006,344.5,0.000157395
1.379,0.0598055,,,1.379,0.0453287,344.75,0.000379137,1.379,0.0246005,344.75,0.00017853,1.379,-0.0201461,344.75,0.000142574
1.38,0.0545412,,,1.38,0.0315099,345,0.000504493,1.38,0.0318389,345,0.000119954,1.38,-0.0115916,345,0.000135891
1.381,0.0489479,,,1.381,0.0199942,345.25,0.000528283,1.381,0.0351291,345.25,0.000161254,1.381,-0.00237908,345.25,0.000114709
1.382,0.0407224,,,1.382,0.000582086,345.5,0.000417017,1.382,0.0377612,345.5,0.000189226,1.382,0.00551737,345.5,9.26E-05
1.383,0.0315099,,,1.383,-0.00863044,345.75,0.000241151,1.383,0.0400644,345.75,0.000236833,1.383,0.0150589,345.75,9.21E-05
1.384,0.0209813,,,1.384,-0.0240943,346,7.12E-05,1.384,0.0426965,346,0.000254072,1.384,0.0239424,346,8.25E-05
1.385,0.0104527,,,1.385,-0.0303457,346.25,6.01E-05,1.385,0.0433545,346.25,0.000243195,1.385,0.0315099,346.25,3.86E-05
1.386,0.000911104,,,1.386,-0.0484417,346.5,9.05E-05,1.386,0.0420385,346.5,0.000191892,1.386,0.0377612,346.5,3.96E-05
1.387,-0.00994652,,,1.387,-0.0576543,346.75,0.000145203,1.387,0.0380902,346.75,0.000168734,1.387,0.0420385,346.75,2.25E-05
1.388,-0.0204751,,,1.388,-0.0675248,347,0.000300027,1.388,0.034142,347,0.000159067,1.388,0.0466447,347,7.10E-06
1.389,-0.0313328,,,1.389,-0.0750923,347.25,0.000420834,1.389,0.0301938,347.25,0.000192389,1.389,0.0492769,347.25,1.57E-05
1.39,-0.0405453,,,1.39,-0.0770664,347.5,0.000375705,1.39,0.0236134,347.5,0.000213574,1.39,0.050922,347.5,3.69E-05
1.391,-0.0484417,,,1.391,-0.0770664,347.75,0.000290793,1.391,0.0213103,347.75,0.000208896,1.391,0.0499349,347.75,6.15E-05
1.392,-0.0606154,,,1.392,-0.0885821,348,0.000201997,1.392,0.0117687,348,0.00018831,1.392,0.0479608,348,7.20E-05
1.393,-0.0553511,,,1.393,-0.0823307,348.25,0.000185542,1.393,0.00321424,348.25,0.000167273,1.393,0.0440126,348.25,9.19E-05
1.394,-0.0616025,,,1.394,-0.0816727,348.5,0.000270806,1.394,-0.00468222,348.5,0.000118064,1.394,0.0394063,348.5,0.000107985
1.395,-0.0655507,,,1.395,-0.0780534,348.75,0.000326295,1.395,-0.0112626,348.75,7.90E-05,1.395,0.0351291,348.75,0.00013698
1.396,-0.0675248,,,1.396,-0.0675248,349,0.000299143,1.396,-0.018172,349,9.96E-05,1.396,0.0278907,349,0.000147933
1.397,-0.0612735,,,1.397,-0.0576543,349.25,0.000211812,1.397,-0.0211332,349.25,0.000125079,1.397,0.0196652,349.25,0.000165257
1.398,-0.0583123,,,1.398,-0.0467966,349.5,0.000117486,1.398,-0.0290296,349.5,0.000142735,1.398,0.0101236,349.5,0.000165357
1.399,-0.0543641,,,1.399,-0.0336359,349.75,6.38E-05,1.399,-0.0346229,349.75,0.000114501,1.399,0.00189816,349.75,0.000184605
1.4,-0.0487708,,,1.4,-0.0231073,350,0.000131721,1.4,-0.0438355,350,0.000129455,1.4,-0.00599829,350,0.000193656
1.401,-0.0418614,,,1.401,-0.00895946,350.25,0.000201563,1.401,-0.0425194,350.25,0.000146304,1.401,-0.0142238,350.25,0.000197604
1.402,-0.0293586,,,1.402,0.00683344,350.5,0.0002457,1.402,-0.0461386,350.5,0.000229456,1.402,-0.0231073,350.5,0.000213626
1.403,-0.0204751,,,1.403,0.0196652,350.75,0.000363025,1.403,-0.0461386,350.75,0.000263032,1.403,-0.0310037,350.75,0.000205001
1.404,-0.0112626,,,1.404,0.033813,351,0.000435602,1.404,-0.0484417,351,0.000237008,1.404,-0.0382421,351,0.000208386
1.405,-0.00534025,,,1.405,0.0440126,351.25,0.000394793,1.405,-0.0454806,351.25,0.000193744,1.405,-0.0438355,351.25,0.00020377
1.406,0.0150589,,,1.406,0.0545412,351.5,0.000284533,1.406,-0.0431774,351.5,9.81E-05,1.406,-0.0481127,351.5,0.000222809
1.407,0.0180201,,,1.407,0.0634247,351.75,0.000254445,1.407,-0.0372551,351.75,7.43E-05,1.407,-0.0510739,351.75,0.000208635
1.408,0.0308518,,,1.408,0.0719792,352,0.000274228,1.408,-0.0326488,352,8.39E-05,1.408,-0.053048,352,0.000211409
1.409,0.034142,,,1.409,0.0769145,352.25,0.000252745,1.409,-0.0273845,352.25,0.000126151,1.409,-0.0540351,352.25,0.000202004
1.41,0.0463157,,,1.41,0.0785596,352.5,0.000311013,1.41,-0.0221202,352.5,0.000137884,1.41,-0.0540351,352.5,0.000186672
1.411,0.052238,,,1.411,0.0785596,352.75,0.000346611,1.411,-0.0145528,352.75,0.000124119,1.411,-0.0514029,352.75,0.000163788
1.412,0.0558573,,,1.412,0.0765854,353,0.00025443,1.412,-0.00698535,353,1.00E-04,1.412,-0.0474547,353,0.000160709
1.413,0.0591474,,,1.413,0.0729662,353.25,7.77E-05,1.413,0.00124012,353.25,9.01E-05,1.413,-0.0428484,353.25,0.000150397
1.414,0.0614506,,,1.414,0.0677019,353.5,0.000234216,1.414,0.00814952,353.5,0.00010349,1.414,-0.0375841,353.5,0.000132757
1.415,0.0601345,,,1.415,0.0591474,353.75,0.000293135,1.415,0.0134138,353.75,0.000166096,1.415,-0.0310037,353.75,0.000120952
1.416,0.0584894,,,1.416,0.0482898,354,0.000145348,1.416,0.0196652,354,0.000209769,1.416,-0.0231073,354,0.000106668
1.417,0.0532251,,,1.417,0.0367742,354.25,0.000149349,1.417,0.0255875,354.25,0.000231978,1.417,-0.0152108,354.25,8.63E-05
1.418,0.0473028,,,1.418,0.0242714,354.5,0.000435734,1.418,0.0321679,354.5,0.000250387,1.418,-0.00632731,354.5,8.00E-05
1.419,0.0407224,,,1.419,0.0117687,354.75,0.000589793,1.419,0.0354581,354.75,0.000286882,1.419,0.0025562,354.75,6.18E-05
1.42,0.033155,,,1.42,-0.0027081,355,0.000612803,1.42,0.0387483,355,0.000259943,1.42,0.0107817,355,4.98E-05
1.421,0.0239424,,,1.421,-7.60E-05,355.25,0.000528728,1.421,0.0377612,355.25,0.000268001,1.421,0.0180201,355.25,3.23E-05
1.422,0.0134138,,,1.422,-0.0849628,355.5,0.000343339,1.422,0.0394063,355.5,0.000237839,1.422,0.0265746,355.5,9.20E-06
1.423,0.0025562,,,1.423,-0.00698535,355.75,0.000205681,1.423,0.0390773,355.75,0.000170071,1.423,0.0324969,355.75,1.55E-05
1.424,-0.00797241,,,1.424,-0.0727891,356,0.000172142,1.424,0.0380902,356,0.000111532,1.424,0.0384193,356,3.82E-05
1.425,-0.017514,,,1.425,-0.0780534,356.25,0.00020492,1.425,0.033813,356.25,9.13E-05,1.425,0.0423675,356.25,3.82E-05
1.426,-0.0270555,,,1.426,-0.0671958,356.5,0.000231331,1.426,0.0298648,356.5,0.000163494,1.426,0.0440126,356.5,5.91E-05
1.427,-0.0369261,,,1.427,-0.0714731,356.75,8.10E-05,1.427,0.0232844,356.75,0.00018095,1.427,0.0466447,356.75,8.83E-05
1.428,-0.0451515,,,1.428,-0.0885821,357,0.000290448,1.428,0.0186781,357,0.000200173,1.428,0.0476318,357,9.89E-05
1.429,-0.05239,,,1.429,-0.0685119,357.25,0.000575562,1.429,0.0124268,357.25,0.000197112,1.429,0.0459867,357.25,0.000132958
1.43,-0.0579833,,,1.43,-0.0813436,357.5,0.000689811,1.43,0.00584639,357.5,0.000156723,1.43,0.0433545,357.5,0.000141335
1.431,-0.0612735,,,1.431,-0.0866079,357.75,0.000622527,1.431,-0.00172105,357.75,0.00011717,1.431,0.0380902,357.75,0.000156413
1.432,-0.0632476,,,1.432,-0.0714731,358,0.000381315,1.432,-0.0096175,358,0.000117145,1.432,0.033813,358,0.000159837
1.433,-0.0642346,,,1.433,-0.0691699,358.25,0.000106899,1.433,-0.0161979,358.25,0.000131041,1.433,0.0275616,358.25,0.000178335
1.434,-0.0642346,,,1.434,-0.0602864,358.5,0.000100879,1.434,-0.0224492,358.5,0.00010202,1.434,0.0206522,358.5,0.0001728
1.435,-0.0612735,,,1.435,-0.0507449,358.75,0.000151379,1.435,-0.0277135,358.75,9.43E-05,1.435,0.0137428,358.75,0.000185737
1.436,-0.0569962,,,1.436,-0.0408743,359,0.000123751,1.436,-0.0336359,359,0.000125674,1.436,0.00453031,359,0.000174371
1.437,-0.0510739,,,1.437,-0.0290296,359.25,0.000227119,1.437,-0.0379131,359.25,0.000198799,1.437,-0.00303712,359.25,0.00015558
1.438,-0.0441645,,,1.438,-0.0161979,359.5,0.000317737,1.438,-0.0425194,359.5,0.000238186,1.438,-0.0112626,359.5,0.000157358
1.439,-0.035939,,,1.439,-0.00402418,359.75,0.000356488,1.439,-0.0438355,359.75,0.000238171,1.439,-0.01883,359.75,0.000133893
1.44,-0.0270555,,,1.44,0.00913658,360,0.000306097,1.44,-0.0441645,360,0.000225816,1.44,-0.0257394,360,0.000132278
1.441,-0.017514,,,1.441,0.0229554,360.25,0.000179004,1.441,-0.0431774,360.25,0.000211587,1.441,-0.0329778,360.25,0.000122747
1.442,-0.00566927,,,1.442,0.034142,360.5,6.83E-05,1.442,-0.0431774,360.5,0.000220554,1.442,-0.0389002,360.5,0.000112321
1.443,0.00156914,,,1.443,0.0449996,360.75,7.18E-05,1.443,-0.0412033,360.75,0.000245861,1.443,-0.0441645,360.75,9.59E-05
1.444,0.0140719,,,1.444,0.0545412,361,0.000166269,1.444,-0.0379131,361,0.000245252,1.444,-0.0471257,361,8.09E-05
1.445,0.0232844,,,1.445,0.0630957,361.25,0.00022418,1.445,-0.0323198,361.25,0.000223095,1.445,-0.0484417,361.25,7.36E-05
1.446,0.0301938,,,1.446,0.068031,361.5,0.000195567,1.446,-0.0270555,361.5,0.000154661,1.446,-0.0500868,361.5,6.21E-05
1.447,0.0394063,,,1.447,0.0729662,361.75,5.34E-05,1.447,-0.0211332,361.75,6.45E-05,1.447,-0.0500868,361.75,4.47E-05
1.448,0.0466447,,,1.448,0.0726372,362,0.000217628,1.448,-0.0155398,362,7.07E-05,1.448,-0.0490998,362,4.00E-05
1.449,0.0532251,,,1.449,0.0726372,362.25,0.000457596,1.449,-0.00863044,362.25,7.46E-05,1.449,-0.0461386,362.25,4.71E-05
1.45,0.0551992,,,1.45,0.068689,362.5,0.000572944,1.45,-0.00205007,362.5,7.70E-05,1.45,-0.0421904,362.5,4.74E-05
1.451,0.0568443,,,1.451,0.0644117,362.75,0.000511776,1.451,0.00518835,362.75,5.70E-05,1.451,-0.0365971,362.75,8.57E-05
1.452,0.0568443,,,1.452,0.0578314,363,0.000327345,1.452,0.0124268,363,7.80E-05,1.452,-0.0310037,363,9.01E-05
1.453,0.0565153,,,1.453,0.0499349,363.25,0.000149383,1.453,0.0180201,363.25,9.30E-05,1.453,-0.0240943,363.25,0.000118997
1.454,0.0525671,,,1.454,0.0400644,363.5,0.000162074,1.454,0.0229554,363.5,0.000118878,1.454,-0.0168559,363.5,0.000143855
1.455,0.0473028,,,1.455,0.0298648,363.75,0.000210019,1.455,0.0282197,363.75,0.000140737,1.455,-0.00895946,363.75,0.000153305
1.456,0.0400644,,,1.456,0.0180201,364,0.000229119,1.456,0.0321679,364,0.000152409,1.456,-0.000404971,364,0.00017455
1.457,0.0328259,,,1.457,0.00683344,364.25,0.000180435,1.457,0.0357871,364.25,0.000153597,1.457,0.00716246,364.25,0.000177994
1.458,0.0259165,,,1.458,-0.00599829,364.5,0.000168821,1.458,0.0377612,364.5,0.000153319,1.458,0.0150589,364.5,0.000172794
1.459,0.017033,,,1.459,-0.017843,364.75,0.000360657,1.459,0.0374322,364.75,0.000146188,1.459,0.0222973,364.75,0.000200152
1.46,0.00749148,,,1.46,-0.0303457,365,0.000533614,1.46,0.0361161,365,0.000121193,1.46,0.0282197,365,0.000191012
1.461,-0.00303712,,,1.461,-0.0408743,365.25,0.000538879,1.461,0.0348,365.25,5.86E-05,1.461,0.033484,365.25,0.000184508
1.462,-0.0125787,,,1.462,-0.0504159,365.5,0.00036589,1.462,0.0324969,365.5,6.45E-05,1.462,0.0387483,365.5,0.000204441
1.463,-0.0217912,,,1.463,-0.0589703,365.75,0.000147508,1.463,0.0285487,365.75,4.31E-05,1.463,0.0413804,365.75,0.000178266
1.464,-0.0287006,,,1.464,-0.0648927,366,0.000140581,1.464,0.0147299,366,6.22E-05,1.464,0.0426965,366,0.000178648
1.465,-0.0379131,,,1.465,-0.070486,366.25,0.000201069,1.465,-0.0027081,366.25,5.97E-05,1.465,0.0436836,366.25,0.00015931
1.466,-0.0382421,,,1.466,-0.0737762,366.5,0.000337808,1.466,0.016375,366.5,3.68E-05,1.466,0.0426965,366.5,0.000157647
1.467,-0.0563382,,,1.467,-0.0744342,366.75,0.000448782,1.467,0.00847854,366.75,3.70E-05,1.467,0.0410514,366.75,0.000152407
1.468,-0.05239,,,1.468,-0.0737762,367,0.000461959,1.468,-0.00402418,367,6.48E-05,1.468,0.0377612,367,0.000133395
1.469,-0.0629186,,,1.469,-0.070815,367.25,0.000317819,1.469,-0.00665633,367.25,9.36E-05,1.469,0.0328259,367.25,0.000115226
1.47,-0.0635766,,,1.47,-0.0665378,367.5,9.49E-05,1.47,-0.0129077,367.5,9.40E-05,1.47,0.0275616,367.5,0.00011485
1.471,-0.0658797,,,1.471,-0.0602864,367.75,0.000134507,1.471,-0.0214622,367.75,7.32E-05,1.471,0.0213103,367.75,0.000109295
1.472,-0.0546931,,,1.472,-0.05239,368,0.000221557,1.472,-0.0263975,368,3.36E-05,1.472,0.0153879,368,0.000108722
1.473,-0.0560092,,,1.473,-0.0428484,368.25,0.000240467,1.473,-0.0303457,368.25,1.69E-05,1.473,0.00749148,368.25,8.95E-05
1.474,-0.0543641,,,1.474,-0.0316618,368.5,0.000217141,1.474,-0.0346229,368.5,7.28E-05,1.474,-0.000404971,368.5,8.26E-05
1.475,-0.0389002,,,1.475,-0.0204751,368.75,0.000216025,1.475,-0.0382421,368.75,8.93E-05,1.475,-0.00830143,368.75,6.37E-05
1.476,-0.0365971,,,1.476,-0.00830143,369,0.000258825,1.476,-0.0398872,369,9.79E-05,1.476,-0.0158689,369,6.92E-05
1.477,-0.0326488,,,1.477,0.00354326,369.25,0.000316143,1.477,-0.0421904,369.25,9.44E-05,1.477,-0.0224492,369.25,4.88E-05
1.478,-0.0158689,,,1.478,0.016375,369.5,0.000308913,1.478,-0.0412033,369.5,0.000103363,1.478,-0.0293586,369.5,5.87E-05
1.479,-0.00895946,,,1.479,0.0269036,369.75,0.000238127,1.479,-0.0402163,369.75,9.70E-05,1.479,-0.0346229,369.75,5.53E-05
1.48,-7.60E-05,,,1.48,0.0390773,370,0.00016529,1.48,-0.0382421,370,8.89E-05,1.48,-0.0402163,370,6.63E-05
1.481,0.0114397,,,1.481,0.0476318,370.25,8.77E-05,1.481,-0.035939,370.25,9.26E-05,1.481,-0.0444935,370.25,7.15E-05
1.482,0.0190071,,,1.482,0.0555282,370.5,3.09E-05,1.482,-0.0313328,370.5,0.000115253,1.482,-0.0471257,370.5,6.41E-05
1.483,0.0278907,,,1.483,0.0614506,370.75,0.000156191,1.483,-0.0267265,370.75,0.000158568,1.483,-0.0481127,370.75,7.24E-05
1.484,0.0354581,,,1.484,0.0663859,371,0.000248272,1.484,-0.0211332,371,0.000202194,1.484,-0.0477837,371,7.14E-05
1.485,0.0417094,,,1.485,0.068689,371.25,0.000278193,1.485,-0.0155398,371.25,0.000246645,1.485,-0.0464676,371.25,8.76E-05
1.486,0.0466447,,,1.486,0.069018,371.5,0.000223419,1.486,-0.00928848,371.5,0.000258659,1.486,-0.0444935,371.5,8.25E-05
1.487,0.050593,,,1.487,0.0663859,371.75,0.000169306,1.487,-0.00303712,371.75,0.000219601,1.487,-0.0412033,371.75,6.00E-05
1.488,0.05158,,,1.488,0.0630957,372,0.000220795,1.488,0.00321424,372,0.000163341,1.488,-0.0365971,372,6.44E-05
1.489,0.052238,,,1.489,0.0578314,372.25,0.000279057,1.489,0.0101236,372.25,0.00011279,1.489,-0.0303457,372.25,7.88E-05
1.49,0.0571733,,,1.49,0.050922,372.5,0.000320631,1.49,0.016046,372.5,9.17E-05,1.49,-0.0244234,372.5,7.57E-05
1.491,0.0364451,,,1.491,0.0423675,372.75,0.000340506,1.491,0.0209813,372.75,0.00010583,1.491,-0.018172,372.75,8.97E-05
1.492,0.051909,,,1.492,0.0321679,373,0.000386082,1.492,0.0252585,373,7.66E-05,1.492,-0.0102755,373,8.71E-05
1.493,0.0377612,,,1.493,0.0213103,373.25,0.000389637,1.493,0.0292067,373.25,2.81E-05,1.493,-0.00336614,373.25,7.22E-05
1.494,0.0324969,,,1.494,0.00551737,373.5,0.000287499,1.494,0.0318389,373.5,6.64E-06,1.494,0.00420129,373.5,8.95E-05
1.495,0.0262456,,,1.495,0.0219683,373.75,0.000135622,1.495,0.0348,373.75,5.97E-05,1.495,0.0114397,373.75,9.43E-05
1.496,0.016704,,,1.496,-0.0583123,374,0.00019646,1.496,0.0351291,374,6.23E-05,1.496,0.0183491,374,0.000105099
1.497,0.00847854,,,1.497,0.00617541,374.25,0.000391969,1.497,0.033813,374.25,2.93E-05,1.497,0.0246005,374.25,0.000124977
1.498,-0.000404971,,,1.498,-0.0671958,374.5,0.000527155,1.498,0.0298648,374.5,6.85E-05,1.498,0.0295357,374.5,0.000118731
1.499,-0.00994652,,,1.499,-0.0395582,374.75,0.000519961,1.499,0.0239424,374.75,0.000138148,1.499,0.034471,374.75,0.000136051
1.5,-0.01883,,,1.5,-0.05239,375,0.000419441,1.5,0.0292067,375,0.000180716,1.5,0.0380902,375,0.000136812
1.501,-0.0270555,,,1.501,-0.0616025,375.25,0.000248009,1.501,0.0239424,375.25,0.000215498,1.501,0.0400644,375.25,0.000147004
1.502,-0.035281,,,1.502,-0.0665378,375.5,5.95E-05,1.502,0.0246005,375.5,0.000167328,1.502,0.0407224,375.5,0.000148683
1.503,-0.0415323,,,1.503,-0.0658797,375.75,0.000224209,1.503,0.0140719,375.75,0.000100329,1.503,0.0400644,375.75,0.000153298
1.504,-0.0474547,,,1.504,-0.0790405,376,0.000305068,1.504,0.00222718,376,6.01E-05,1.504,0.0387483,376,0.00014444
1.505,-0.0520609,,,1.505,-0.070815,376.25,0.000154301,1.505,0.00189816,376.25,6.17E-05,1.505,0.0364451,376.25,0.000148075
1.506,-0.0550221,,,1.506,-0.070157,376.5,0.000199608,1.506,-0.00468222,376.5,6.49E-05,1.506,0.0328259,376.5,0.000142224
1.507,-0.0569962,,,1.507,-0.0671958,376.75,0.000381388,1.507,-0.0129077,376.75,5.57E-05,1.507,0.0282197,376.75,0.00012825
1.508,-0.0569962,,,1.508,-0.0606154,377,0.000449611,1.508,-0.017514,377,0.000126634,1.508,0.0219683,377,0.000129558
1.509,-0.0556802,,,1.509,-0.0543641,377.25,0.000420572,1.509,-0.0237653,377.25,0.000185075,1.509,0.015717,377.25,0.000136921
1.51,-0.052719,,,1.51,-0.0474547,377.5,0.000370804,1.51,-0.0283716,377.5,0.000232344,1.51,0.00880756,377.5,0.000121053
1.511,-0.0484417,,,1.511,-0.0365971,377.75,0.000284244,1.511,-0.0316618,377.75,0.000251176,1.511,0.0025562,377.75,0.000121319
1.512,-0.0435065,,,1.512,-0.0254104,378,0.000100578,1.512,-0.034952,378,0.000210486,1.512,-0.00501124,378,0.000122035
1.513,-0.0372551,,,1.513,-0.0145528,378.25,0.00014603,1.513,-0.0375841,378.25,0.000141461,1.513,-0.0119206,378.25,0.00012508
1.514,-0.0290296,,,1.514,-0.00303712,378.5,0.000250502,1.514,-0.0392292,378.5,0.000101375,1.514,-0.019159,378.5,0.000124335
1.515,-0.0214622,,,1.515,0.00749148,378.75,0.000175507,1.515,-0.0398872,378.75,9.96E-05,1.515,-0.0260684,378.75,0.000109385
1.516,-0.0119206,,,1.516,0.0190071,379,0.00013149,1.516,-0.0395582,379,0.000127974,1.516,-0.0313328,379,0.00011745
1.517,-0.0043532,,,1.517,0.0298648,379.25,0.000296327,1.517,-0.036268,379.25,0.000160308,1.517,-0.036268,379.25,0.00011255
1.518,0.00551737,,,1.518,0.0400644,379.5,0.000360344,1.518,-0.034952,379.5,0.000181311,1.518,-0.0398872,379.5,0.000114485
1.519,0.0140719,,,1.519,0.0476318,379.75,0.000263167,1.519,-0.0306747,379.75,0.00017687,1.519,-0.0431774,379.75,0.000116204
1.52,0.0222973,,,1.52,0.0542122,380,0.000228916,1.52,-0.0267265,380,0.000160904,1.52,-0.0444935,380,0.000116581
1.521,0.0318389,,,1.521,0.0584894,380.25,0.000269829,1.521,-0.0217912,380.25,0.000127443,1.521,-0.0444935,380.25,0.00012474
1.522,0.0374322,,,1.522,0.0630957,380.5,0.000288431,1.522,-0.0158689,380.5,6.59E-05,1.522,-0.0438355,380.5,0.000106228
1.523,0.0413804,,,1.523,0.0630957,380.75,0.000319502,1.523,-0.00928848,380.75,2.51E-05,1.523,-0.0421904,380.75,0.000122573
1.524,0.0449996,,,1.524,0.0637537,381,0.000361267,1.524,-0.00303712,381,4.05E-05,1.524,-0.0389002,381,0.000123405
1.525,0.0489479,,,1.525,0.0607925,381.25,0.000302096,1.525,0.0025562,381.25,5.82E-05,1.525,-0.035281,381.25,0.000111989
1.526,0.050593,,,1.526,0.0565153,381.5,0.000144342,1.526,0.0078205,381.5,5.40E-05,1.526,-0.0303457,381.5,0.000121643
1.527,0.0502639,,,1.527,0.0502639,381.75,6.14E-05,1.527,0.0137428,381.75,3.69E-05,1.527,-0.0247524,381.75,0.00012238
1.528,0.0479608,,,1.528,0.0568443,382,0.000172321,1.528,0.0193362,382,1.01E-05,1.528,-0.018172,382,9.27E-05
1.529,0.0443416,,,1.529,0.0111107,382.25,0.000228942,1.529,0.0236134,382.25,5.99E-06,1.529,-0.0119206,382.25,9.87E-05
1.53,0.0397353,,,1.53,0.0246005,382.5,0.000178081,1.53,0.0269036,382.5,3.38E-05,1.53,-0.00501124,382.5,8.62E-05
1.531,0.0348,,,1.531,0.0199942,382.75,6.83E-05,1.531,0.0295357,382.75,8.56E-05,1.531,0.00189816,382.75,8.18E-05
1.532,0.0275616,,,1.532,0.00354326,383,9.34E-05,1.532,0.0311808,383,0.000130247,1.532,0.00847854,383,7.25E-05
1.533,0.0196652,,,1.533,-0.0102755,383.25,0.000242973,1.533,0.0321679,383.25,0.000171022,1.533,0.0153879,383.25,5.57E-05
1.534,0.0111107,,,1.534,-0.0152108,383.5,0.000343669,1.534,0.0321679,383.5,0.000180348,1.534,0.0213103,383.5,4.17E-05
1.535,0.00288522,,,1.535,-0.0257394,383.75,0.000361929,1.535,0.0301938,383.75,0.000161221,1.535,0.0265746,383.75,4.00E-05
1.536,-0.00599829,,,1.536,-0.0369261,384,0.000253172,1.536,0.0282197,384,0.000131487,1.536,0.0308518,384,5.53E-05
1.537,-0.0138947,,,1.537,-0.0448225,384.25,0.000140933,1.537,0.0229554,384.25,7.55E-05,1.537,0.034471,384.25,4.45E-05
1.538,-0.0227783,,,1.538,-0.053048,384.5,0.000203032,1.538,0.0114397,384.5,7.72E-05,1.538,0.0367742,384.5,5.95E-05
1.539,-0.0306747,,,1.539,-0.0625896,384.75,0.000256785,1.539,0.0176911,384.75,0.000134037,1.539,0.0380902,384.75,5.51E-05
1.54,-0.0263975,,,1.54,-0.0619315,385,0.000214523,1.54,0.00913658,385,0.00017684,1.54,0.0387483,385,4.26E-05
1.541,-0.0467966,,,1.541,-0.0619315,385.25,0.00020619,1.541,0.00551737,385.25,0.000189126,1.541,0.0371032,385.25,6.12E-05
1.542,-0.0435065,,,1.542,-0.0671958,385.5,0.000250938,1.542,0.000582086,385.5,0.000186257,1.542,0.0351291,385.5,5.93E-05
1.543,-0.0517319,,,1.543,-0.0648927,385.75,0.000312631,1.543,-0.0043532,385.75,0.000166176,1.543,0.0311808,385.75,6.62E-05
1.544,-0.05239,,,1.544,-0.0606154,386,0.000301993,1.544,-0.0106046,386,0.000131362,1.544,0.0265746,386,7.53E-05
1.545,-0.05239,,,1.545,-0.0592994,386.25,0.000187579,1.545,-0.0145528,386.25,0.000109278,1.545,0.0219683,386.25,6.49E-05
1.546,-0.0490998,,,1.546,-0.053377,386.5,4.11E-05,1.546,-0.0204751,386.5,0.000122836,1.546,0.016046,386.5,8.13E-05
1.547,-0.0487708,,,1.547,-0.0435065,386.75,0.000127443,1.547,-0.0254104,386.75,0.000135397,1.547,0.0094656,386.75,9.35E-05
1.548,-0.0461386,,,1.548,-0.0369261,387,0.000216911,1.548,-0.0296877,387,0.00011979,1.548,0.00321424,387,9.83E-05
1.549,-0.0405453,,,1.549,-0.0280426,387.25,0.000246851,1.549,-0.0319908,387.25,0.000110088,1.549,-0.00369516,387.25,0.000107375
1.55,-0.0395582,,,1.55,-0.017843,387.5,0.000199531,1.55,-0.0346229,387.5,7.99E-05,1.55,-0.00994652,387.5,0.000126764
1.551,-0.0323198,,,1.551,-0.00632731,387.75,0.000122415,1.551,-0.035281,387.75,5.74E-05,1.551,-0.0168559,387.75,0.00013637
1.552,-0.0194881,,,1.552,0.00453031,388,0.000107936,1.552,-0.0372551,388,2.73E-05,1.552,-0.0227783,388,0.000124106
1.553,-0.0122497,,,1.553,0.0144009,388.25,0.000217757,1.553,-0.0365971,388.25,2.19E-05,1.553,-0.0287006,388.25,0.000140395
1.554,-0.00599829,,,1.554,0.0236134,388.5,0.000295486,1.554,-0.03561,388.5,6.27E-05,1.554,-0.0333069,388.5,0.000137062
1.555,0.00354326,,,1.555,0.0321679,388.75,0.000271083,1.555,-0.0326488,388.75,8.32E-05,1.555,-0.0365971,388.75,0.000136717
1.556,0.0111107,,,1.556,0.0413804,389,0.000161152,1.556,-0.0287006,389,9.38E-05,1.556,-0.0395582,389,0.000132019
1.557,0.0193362,,,1.557,0.0482898,389.25,0.000128996,1.557,-0.0250814,389.25,7.78E-05,1.557,-0.0415323,389.25,0.000146605
1.558,0.0262456,,,1.558,0.0535541,389.5,0.000252635,1.558,-0.0208041,389.5,6.13E-05,1.558,-0.0425194,389.5,0.000120808
1.559,0.034471,,,1.559,0.0561863,389.75,0.000309526,1.559,-0.0158689,389.75,6.21E-05,1.559,-0.0428484,389.75,0.000135812
1.56,0.0384193,,,1.56,0.0588184,390,0.000214614,1.56,-0.0106046,390,8.41E-05,1.56,-0.0408743,390,0.000126781
1.561,0.0410514,,,1.561,0.0588184,390.25,4.99E-05,1.561,-0.0043532,390.25,0.000109472,1.561,-0.0385712,390.25,0.000121077
1.562,0.0456577,,,1.562,0.0581604,390.5,0.000196649,1.562,0.00124012,390.5,0.000113786,1.562,-0.035281,390.5,0.000117485
1.563,0.0466447,,,1.563,0.0542122,390.75,0.000366844,1.563,0.00584639,390.75,8.11E-05,1.563,-0.0306747,390.75,0.000115047
1.564,0.0469737,,,1.564,0.0502639,391,0.000455138,1.564,0.0111107,391,4.91E-05,1.564,-0.0260684,391,0.000107292
1.565,0.0456577,,,1.565,0.0430255,391.25,0.000480079,1.565,0.016704,391.25,0.000100086,1.565,-0.0198171,391.25,0.000121839
1.566,0.0420385,,,1.566,0.0357871,391.5,0.000395698,1.566,0.0216393,391.5,0.000178268,1.566,-0.0138947,391.5,0.000117991
1.567,0.0387483,,,1.567,0.0265746,391.75,0.000243857,1.567,0.0246005,391.75,0.000230774,1.567,-0.00731437,391.75,0.000111841
1.568,0.0324969,,,1.568,0.0180201,392,0.000217532,1.568,0.0282197,392,0.000250425,1.568,-0.000404971,392,9.17E-05
1.569,0.0275616,,,1.569,0.0315099,392.25,0.000341372,1.569,0.0282197,392.25,0.000241577,1.569,0.00584639,392.25,0.000100724
1.57,0.0199942,,,1.57,0.00288522,392.5,0.000354795,1.57,0.0295357,392.5,0.000211478,1.57,0.0120977,392.5,9.09E-05
1.571,0.0117687,,,1.571,-0.0474547,392.75,0.000296282,1.571,0.0301938,392.75,0.000208538,1.571,0.0180201,392.75,8.76E-05
1.572,0.00321424,,,1.572,0.0107817,393,0.000332677,1.572,0.0288777,393,0.000214115,1.572,0.0236134,393,0.00010945
1.573,-0.00402418,,,1.573,-0.0250814,393.25,0.000341928,1.573,0.0357871,393.25,0.000228768,1.573,0.0285487,393.25,8.01E-05
1.574,-0.0119206,,,1.574,-0.0560092,393.5,0.00026987,1.574,0.033155,393.5,0.000224957,1.574,0.0315099,393.5,7.65E-05
1.575,-0.0194881,,,1.575,-0.0448225,393.75,0.000273761,1.575,0.0183491,393.75,0.00021332,1.575,0.034142,393.75,7.76E-05
1.576,-0.0273845,,,1.576,-0.0517319,394,0.000402153,1.576,0.0176911,394,0.000186911,1.576,0.0351291,394,7.31E-05
1.577,-0.0342939,,,1.577,-0.0658797,394.25,0.000369132,1.577,0.0137428,394.25,0.000127145,1.577,0.0361161,394.25,6.76E-05
1.578,-0.0398872,,,1.578,-0.0573252,394.5,0.000162628,1.578,0.00617541,394.5,0.000115309,1.578,0.0357871,394.5,7.35E-05
1.579,-0.0444935,,,1.579,-0.0635766,394.75,0.000127935,1.579,0.00156914,394.75,0.000118389,1.579,0.0328259,394.75,6.72E-05
1.58,-0.0467966,,,1.58,-0.0642346,395,0.000342904,1.58,-0.00303712,395,0.000145577,1.58,0.0305228,395,7.52E-05
1.581,-0.0500868,,,1.581,-0.0592994,395.25,0.00040379,1.581,-0.0106046,395.25,0.000177193,1.581,0.0262456,395.25,6.85E-05
1.582,-0.0514029,,,1.582,-0.0576543,395.5,0.000352348,1.582,-0.0148818,395.5,0.000206203,1.582,0.0219683,395.5,6.51E-05
1.583,-0.0514029,,,1.583,-0.053706,395.75,0.00021762,1.583,-0.0201461,395.75,0.000215526,1.583,0.017033,395.75,6.35E-05
1.584,-0.0487708,,,1.584,-0.0467966,396,8.53E-05,1.584,-0.0240943,396,0.000214475,1.584,0.0107817,396,6.69E-05
1.585,-0.0448225,,,1.585,-0.0389002,396.25,0.000114392,1.585,-0.0280426,396.25,0.000212262,1.585,0.00453031,396.25,7.62E-05
1.586,-0.0402163,,,1.586,-0.0300167,396.5,0.000196061,1.586,-0.0316618,396.5,0.000198421,1.586,-0.00172105,396.5,6.96E-05
1.587,-0.036268,,,1.587,-0.0221202,396.75,0.000207849,1.587,-0.0333069,396.75,0.000162126,1.587,-0.00863044,396.75,8.76E-05
1.588,-0.0300167,,,1.588,-0.0122497,397,9.38E-05,1.588,-0.0346229,397,0.000135593,1.588,-0.0142238,397,6.45E-05
1.589,-0.0231073,,,1.589,-0.00237908,397.25,0.000154689,1.589,-0.0346229,397.25,8.97E-05,1.589,-0.0204751,397.25,7.46E-05
1.59,-0.0148818,,,1.59,0.00814952,397.5,0.000333336,1.59,-0.0346229,397.5,5.37E-06,1.59,-0.0250814,397.5,8.35E-05
1.591,-0.00665633,,,1.591,0.0176911,397.75,0.0004219,1.591,-0.0329778,397.75,5.44E-05,1.591,-0.0303457,397.75,7.34E-05
1.592,-0.000404971,,,1.592,0.0265746,398,0.000403813,1.592,-0.0313328,398,0.000117902,1.592,-0.0336359,398,6.73E-05
1.593,0.00814952,,,1.593,0.0348,398.25,0.000323152,1.593,-0.0283716,398.25,0.000145628,1.593,-0.0369261,398.25,5.79E-05
1.594,0.016375,,,1.594,0.0417094,398.5,0.000191403,1.594,-0.0240943,398.5,0.00015909,1.594,-0.0382421,398.5,5.56E-05
1.595,0.0239424,,,1.595,0.0476318,398.75,7.51E-05,1.595,-0.0198171,398.75,0.000158862,1.595,-0.0395582,398.75,7.01E-05
1.596,0.0301938,,,1.596,0.052238,399,6.93E-06,1.596,-0.0155398,399,0.000145478,1.596,-0.0398872,399,6.05E-05
1.597,0.034471,,,1.597,0.0548702,399.25,4.27E-05,1.597,-0.00994652,399.25,0.000160589,1.597,-0.0389002,399.25,5.78E-05
1.598,0.0394063,,,1.598,0.0561863,399.5,7.68E-05,1.598,-0.00501124,399.5,0.000162897,1.598,-0.0365971,399.5,3.86E-05
1.599,0.0423675,,,1.599,0.0551992,399.75,0.000115078,1.599,0.000582086,399.75,0.000171552,1.599,-0.0333069,399.75,6.87E-05
1.6,0.0433545,,,1.6,0.052238,400,0.000204087,1.6,0.00584639,400,0.000207997,1.6,-0.0300167,400,7.11E-05
1.601,0.0446706,,,1.601,0.0482898,400.25,0.000318393,1.601,0.0107817,400.25,0.000236323,1.601,-0.0250814,400.25,5.51E-05
1.602,0.0433545,,,1.602,0.0433545,400.5,0.000358233,1.602,0.0147299,400.5,0.000255532,1.602,-0.0201461,400.5,6.24E-05
1.603,0.0410514,,,1.603,0.0371032,400.75,0.000359186,1.603,0.0193362,400.75,0.000243386,1.603,-0.0145528,400.75,6.03E-05
1.604,0.0367742,,,1.604,0.0229554,401,0.000293413,1.604,0.0226264,401,0.000208598,1.604,-0.00764339,401,6.15E-05
1.605,0.0321679,,,1.605,0.0324969,401.25,0.000156714,1.605,0.0249295,401.25,0.00012314,1.605,-0.00106301,401.25,7.43E-05
1.606,0.0269036,,,1.606,0.00551737,401.5,4.35E-05,1.606,0.0269036,401.5,8.99E-05,1.606,0.00453031,401.5,7.27E-05
1.607,0.0206522,,,1.607,0.00453031,401.75,0.000243935,1.607,0.0278907,401.75,0.000125537,1.607,0.0107817,401.75,9.64E-05
1.608,0.0137428,,,1.608,-0.0027081,402,0.000353941,1.608,0.0275616,402,0.000168981,1.608,0.016375,402,9.45E-05
1.609,0.00617541,,,1.609,-0.018501,402.25,0.000344168,1.609,0.0269036,402.25,0.000144183,1.609,0.0206522,402.25,8.81E-05
1.61,-0.00237908,,,1.61,-0.0267265,402.5,0.000190735,1.61,0.0255875,402.5,0.000127543,1.61,0.0255875,402.5,0.000108471
1.611,-0.00863044,,,1.611,-0.0323198,402.75,0.000117055,1.611,0.0226264,402.75,8.90E-05,1.611,0.0288777,402.75,0.000101216
1.612,-0.0165269,,,1.612,-0.0405453,403,0.000303196,1.612,0.033813,403,5.25E-05,1.612,0.0318389,403,0.000119425
1.613,-0.0198171,,,1.613,-0.0474547,403.25,0.00039064,1.613,0.00880756,403.25,4.64E-05,1.613,0.0328259,403.25,9.18E-05
1.614,-0.0267265,,,1.614,-0.0507449,403.5,0.0002849,1.614,0.0265746,403.5,6.24E-05,1.614,0.033484,403.5,0.000138438
1.615,-0.0306747,,,1.615,-0.0556802,403.75,0.000159873,1.615,0.00518835,403.75,7.64E-05,1.615,0.0328259,403.75,0.000107685
1.616,-0.0474547,,,1.616,-0.0550221,404,0.00022774,1.616,-0.00073399,404,8.10E-05,1.616,0.0315099,404,0.000117415
1.617,-0.0392292,,,1.617,-0.0583123,404.25,0.000265804,1.617,-0.00106301,404.25,6.64E-05,1.617,0.0292067,404.25,0.000123704
1.618,-0.0484417,,,1.618,-0.0556802,404.5,0.000222919,1.618,-0.00830143,404.5,4.99E-05,1.618,0.0255875,404.5,9.38E-05
1.619,-0.0458096,,,1.619,-0.053048,404.75,0.000216711,1.619,-0.0148818,404.75,3.11E-05,1.619,0.0206522,404.75,0.000118333
1.62,-0.0490998,,,1.62,-0.0500868,405,0.000156294,1.62,-0.0171849,405,7.68E-05,1.62,0.016704,405,9.98E-05
1.621,-0.0477837,,,1.621,-0.0448225,405.25,0.000164162,1.621,-0.0231073,405.25,0.000138912,1.621,0.0107817,405.25,7.66E-05
1.622,-0.0507449,,,1.622,-0.0379131,405.5,0.000390447,1.622,-0.0260684,405.5,0.000178282,1.622,0.00584639,405.5,8.71E-05
1.623,-0.035939,,,1.623,-0.0306747,405.75,0.000569937,1.623,-0.0290296,405.75,0.00020094,1.623,-0.000404971,405.75,9.17E-05
1.624,-0.034952,,,1.624,-0.0221202,406,0.000567427,1.624,-0.0313328,406,0.00019694,1.624,-0.00632731,406,9.09E-05
1.625,-0.0300167,,,1.625,-0.0138947,406.25,0.000382562,1.625,-0.0323198,406.25,0.000205918,1.625,-0.0129077,406.25,8.90E-05
1.626,-0.0234363,,,1.626,-0.00566927,406.5,0.000233191,1.626,-0.0329778,406.5,0.000194497,1.626,-0.017843,406.5,5.69E-05
1.627,-0.0155398,,,1.627,0.00420129,406.75,0.000163554,1.627,-0.0326488,406.75,0.000197428,1.627,-0.0227783,406.75,5.47E-05
1.628,-0.00895946,,,1.628,0.0140719,407,0.000135395,1.628,-0.0316618,407,0.000179762,1.628,-0.0270555,407,7.42E-05
1.629,0.00124012,,,1.629,0.0236134,407.25,0.000301363,1.629,-0.0296877,407.25,0.000147262,1.629,-0.0319908,407.25,7.51E-05
1.63,0.00584639,,,1.63,0.0301938,407.5,0.000461059,1.63,-0.0270555,407.5,0.000107796,1.63,-0.03561,407.5,7.75E-05
1.631,0.0130848,,,1.631,0.0367742,407.75,0.000452547,1.631,-0.0231073,407.75,5.84E-05,1.631,-0.0369261,407.75,8.63E-05
1.632,0.0206522,,,1.632,0.0420385,408,0.000284057,1.632,-0.0198171,408,5.37E-05,1.632,-0.0379131,408,6.03E-05
1.633,0.0259165,,,1.633,0.0473028,408.25,0.000107985,1.633,-0.0148818,408.25,6.59E-05,1.633,-0.0382421,408.25,6.36E-05
1.634,0.0311808,,,1.634,0.050593,408.5,0.000207385,1.634,-0.0112626,408.5,7.64E-05,1.634,-0.0375841,408.5,8.57E-05
1.635,0.0357871,,,1.635,0.051909,408.75,0.000253585,1.635,-0.00534025,408.75,0.000105728,1.635,-0.03561,408.75,6.95E-05
1.636,0.0384193,,,1.636,0.050922,409,0.000181749,1.636,-0.00073399,409,0.000113903,1.636,-0.0333069,409,6.66E-05
1.637,0.0403934,,,1.637,0.0489479,409.25,0.000101995,1.637,0.00420129,409.25,0.000123464,1.637,-0.0293586,409.25,8.35E-05
1.638,0.0417094,,,1.638,0.0453287,409.5,0.00010266,1.638,0.00880756,409.5,0.000156348,1.638,-0.0254104,409.5,6.91E-05
1.639,0.0407224,,,1.639,0.0426965,409.75,0.000195981,1.639,0.0134138,409.75,0.000194502,1.639,-0.0204751,409.75,6.31E-05
1.64,0.0387483,,,1.64,0.0364451,410,0.00027868,1.64,0.017362,410,0.000220847,1.64,-0.0148818,410,6.98E-05
1.641,0.0351291,,,1.641,0.0295357,410.25,0.000308135,1.641,0.0206522,410.25,0.000222652,1.641,-0.00928848,410.25,6.31E-05
1.642,0.0315099,,,1.642,0.0209813,410.5,0.000269083,1.642,0.0229554,410.5,0.000226303,1.642,-0.00369516,410.5,6.01E-05
1.643,0.0259165,,,1.643,0.0134138,410.75,0.00021421,1.643,0.0246005,410.75,0.00017779,1.643,0.00288522,410.75,5.04E-05
1.644,0.0206522,,,1.644,0.00584639,411,0.000158616,1.644,0.0262456,411,0.000117719,1.644,0.00880756,411,5.58E-05
1.645,0.0134138,,,1.645,-0.0208041,411.25,0.000162958,1.645,0.0265746,411.25,7.83E-05,1.645,0.0134138,411.25,3.73E-05
1.646,0.00683344,,,1.646,-0.00698535,411.5,0.000185225,1.646,0.0259165,411.5,9.90E-05,1.646,0.0183491,411.5,4.20E-05
1.647,0.000253067,,,1.647,-0.0125787,411.75,0.000138615,1.647,0.0246005,411.75,0.000137539,1.647,0.0229554,411.75,4.25E-05
1.648,-0.00797241,,,1.648,-0.0102755,412,4.86E-05,1.648,0.0219683,412,0.000196568,1.648,0.0259165,412,4.00E-05
1.649,-0.0138947,,,1.649,-0.0481127,412.25,0.000106026,1.649,0.0186781,412.25,0.000239049,1.649,0.0285487,412.25,4.11E-05
1.65,-0.0204751,,,1.65,-0.0438355,412.5,0.000200058,1.65,0.0150589,412.5,0.000239291,1.65,0.0305228,412.5,5.01E-05
1.651,-0.0277135,,,1.651,-0.0405453,412.75,0.000246962,1.651,0.0101236,412.75,0.000229702,1.651,0.0308518,412.75,3.65E-05
1.652,-0.0323198,,,1.652,-0.0543641,413,0.00025566,1.652,0.00584639,413,0.000194066,1.652,0.0305228,413,4.48E-05
1.653,-0.0372551,,,1.653,-0.0652217,413.25,0.000204008,1.653,0.00124012,413.25,0.000170717,1.653,0.0298648,413.25,4.55E-05
1.654,-0.0415323,,,1.654,-0.052719,413.5,0.000152282,1.654,-0.00303712,413.5,0.000160551,1.654,0.0278907,413.5,7.71E-05
1.655,-0.0435065,,,1.655,-0.0540351,413.75,0.000174499,1.655,-0.00797241,413.75,0.000178875,1.655,0.0249295,413.75,6.98E-05
1.656,-0.0451515,,,1.656,-0.0543641,414,0.000209521,1.656,-0.0125787,414,0.000183908,1.656,0.0213103,414,6.19E-05
1.657,-0.0451515,,,1.657,-0.0481127,414.25,0.000210965,1.657,-0.0168559,414.25,0.000161131,1.657,0.016704,414.25,7.53E-05
1.658,-0.0438355,,,1.658,-0.0441645,414.5,0.00016507,1.658,-0.0201461,414.5,0.000125953,1.658,0.0117687,414.5,7.86E-05
1.659,-0.0418614,,,1.659,-0.0402163,414.75,0.000166669,1.659,-0.0247524,414.75,8.66E-05,1.659,0.00650443,414.75,8.14E-05
1.66,-0.0389002,,,1.66,-0.0326488,415,0.000229247,1.66,-0.0270555,415,5.10E-05,1.66,0.000582086,415,7.72E-05
1.661,-0.0346229,,,1.661,-0.0254104,415.25,0.000311421,1.661,-0.0290296,415.25,2.89E-05,1.661,-0.00468222,415.25,9.59E-05
1.662,-0.0293586,,,1.662,-0.0148818,415.5,0.000306104,1.662,-0.0300167,415.5,3.18E-05,1.662,-0.0106046,415.5,9.49E-05
1.663,-0.0234363,,,1.663,-0.00764339,415.75,0.000171973,1.663,-0.0306747,415.75,3.86E-05,1.663,-0.0165269,415.75,7.64E-05
1.664,-0.0168559,,,1.664,0.00124012,416,5.33E-05,1.664,-0.0303457,416,5.47E-05,1.664,-0.0211332,416,8.14E-05
1.665,-0.00994652,,,1.665,0.00880756,416.25,0.000232686,1.665,-0.0303457,416.25,7.10E-05,1.665,-0.0257394,416.25,8.54E-05
1.666,-0.00303712,,,1.666,0.0180201,416.5,0.000263519,1.666,-0.0283716,416.5,5.75E-05,1.666,-0.0287006,416.5,7.63E-05
1.667,0.00354326,,,1.667,0.0255875,416.75,0.000158078,1.667,-0.0257394,416.75,9.87E-05,1.667,-0.0316618,416.75,0.000101691
1.668,0.0117687,,,1.668,0.0328259,417,6.67E-05,1.668,-0.0227783,417,0.000125628,1.668,-0.0346229,417,7.37E-05
1.669,0.0183491,,,1.669,0.0377612,417.25,0.000263895,1.669,-0.0198171,417.25,0.000147698,1.669,-0.036268,417.25,7.86E-05
1.67,0.0229554,,,1.67,0.0430255,417.5,0.000410049,1.67,-0.0152108,417.5,0.000110565,1.67,-0.035939,417.5,8.84E-05
1.671,0.0285487,,,1.671,0.0453287,417.75,0.000450257,1.671,-0.0109336,417.75,8.16E-05,1.671,-0.035281,417.75,9.34E-05
1.672,0.0318389,,,1.672,0.0473028,418,0.000394632,1.672,-0.00566927,418,5.50E-05,1.672,-0.0339649,418,9.26E-05
1.673,0.0364451,,,1.673,0.0482898,418.25,0.000253002,1.673,-0.00106301,418.25,0.000114171,1.673,-0.0313328,418.25,9.28E-05
1.674,0.0387483,,,1.674,0.0469737,418.5,0.000131017,1.674,0.00321424,418.5,0.000181075,1.674,-0.0280426,418.5,9.71E-05
1.675,0.0380902,,,1.675,0.0407224,418.75,0.000247157,1.675,0.0078205,418.75,0.000217659,1.675,-0.0240943,418.75,0.000104327
1.676,0.0384193,,,1.676,0.0361161,419,0.000291871,1.676,0.0120977,419,0.000203667,1.676,-0.0198171,419,0.000103325
1.677,0.0374322,,,1.677,0.0417094,419.25,0.000198062,1.677,0.015717,419.25,0.000152082,1.677,-0.0145528,419.25,7.68E-05
1.678,0.034471,,,1.678,0.0305228,419.5,4.09E-05,1.678,0.0183491,419.5,0.000116902,1.678,-0.00928848,419.5,0.000118263
1.679,0.0315099,,,1.679,0.0209813,419.75,0.000140359,1.679,0.0216393,419.75,0.000111327,1.679,-0.00369516,419.75,7.15E-05
1.68,0.0265746,,,1.68,0.016046,420,0.000161396,1.68,0.0229554,420,0.000110337,1.68,0.00124012,420,9.78E-05
1.681,0.0203232,,,1.681,0.00847854,420.25,9.52E-05,1.681,0.0236134,420.25,0.000124696,1.681,0.00650443,420.25,8.21E-05
1.682,0.0150589,,,1.682,-0.00303712,420.5,5.67E-05,1.682,0.0239424,420.5,0.000144917,1.682,0.0117687,420.5,9.40E-05
1.683,0.00814952,,,1.683,-0.00895946,420.75,9.89E-05,1.683,0.0236134,420.75,0.000151172,1.683,0.016375,420.75,6.03E-05
1.684,0.00189816,,,1.684,-0.0171849,421,0.000210144,1.684,0.0213103,421,0.000144115,1.684,0.0203232,421,5.61E-05
1.685,-0.00534025,,,1.685,-0.0260684,421.25,0.000335264,1.685,0.0147299,421.25,9.53E-05,1.685,0.0236134,421.25,4.50E-05
1.686,-0.0152108,,,1.686,-0.0313328,421.5,0.00036069,1.686,0.0229554,421.5,9.83E-05,1.686,0.0269036,421.5,3.21E-05
1.687,-0.018172,,,1.687,-0.0389002,421.75,0.000260077,1.687,0.0117687,421.75,0.000141469,1.687,0.0285487,421.75,4.35E-05
1.688,-0.0240943,,,1.688,-0.0444935,422,0.000106433,1.688,0.0107817,422,0.000181059,1.688,0.0295357,422,5.58E-05
1.689,-0.0287006,,,1.689,-0.0471257,422.25,7.91E-05,1.689,0.00749148,422.25,0.000218782,1.689,0.0292067,422.25,3.24E-05
1.69,-0.0339649,,,1.69,-0.0497578,422.5,0.000169069,1.69,0.00189816,422.5,0.000237651,1.69,0.0282197,422.5,4.43E-05
1.691,-0.0385712,,,1.691,-0.0517319,422.75,0.000149738,1.691,-0.00172105,422.75,0.000248633,1.691,0.0265746,422.75,5.08E-05
1.692,-0.0412033,,,1.692,-0.0510739,423,9.25E-05,1.692,-0.00599829,423,0.0002501,1.692,0.0236134,423,5.20E-05
1.693,-0.0438355,,,1.693,-0.0500868,423.25,0.000145209,1.693,-0.0112626,423.25,0.000252002,1.693,0.0206522,423.25,7.42E-05
1.694,-0.0421904,,,1.694,-0.0471257,423.5,0.000274157,1.694,-0.0142238,423.5,0.00023252,1.694,0.016704,423.5,5.08E-05
1.695,-0.0425194,,,1.695,-0.0431774,423.75,0.000355274,1.695,-0.01883,423.75,0.000220404,1.695,0.0114397,423.75,8.74E-05
1.696,-0.0405453,,,1.696,-0.0375841,424,0.000366714,1.696,-0.0217912,424,0.000171619,1.696,0.00683344,424,7.84E-05
1.697,-0.0375841,,,1.697,-0.0319908,424.25,0.000251683,1.697,-0.0247524,424.25,0.000127836,1.697,0.00156914,424.25,5.67E-05
1.698,-0.0336359,,,1.698,-0.0244234,424.5,9.89E-05,1.698,-0.0267265,424.5,8.49E-05,1.698,-0.00402418,424.5,6.92E-05
1.699,-0.0287006,,,1.699,-0.017514,424.75,4.83E-05,1.699,-0.0287006,424.75,4.53E-05,1.699,-0.0096175,424.75,7.55E-05
1.7,-0.0231073,,,1.7,-0.00895946,425,0.000103453,1.7,-0.0287006,425,3.99E-05,1.7,-0.0145528,425,7.81E-05
1.701,-0.0171849,,,1.701,-0.00139203,425.25,9.20E-05,1.701,-0.0290296,425.25,6.82E-05,1.701,-0.019159,425.25,7.16E-05
1.702,-0.00994652,,,1.702,0.00716246,425.5,0.000120782,1.702,-0.0283716,425.5,9.55E-05,1.702,-0.0237653,425.5,7.67E-05
1.703,-0.00402418,,,1.703,0.0140719,425.75,0.000194941,1.703,-0.0277135,425.75,0.000131943,1.703,-0.0270555,425.75,7.46E-05
1.704,0.0025562,,,1.704,0.0216393,426,0.000285135,1.704,-0.0247524,426,0.000172593,1.704,-0.0300167,426,7.50E-05
1.705,0.00880756,,,1.705,0.0275616,426.25,0.00023198,1.705,-0.0221202,426.25,0.000183975,1.705,-0.0323198,426.25,8.38E-05
1.706,0.015717,,,1.706,0.034142,426.5,3.38E-05,1.706,-0.018172,426.5,0.000164623,1.706,-0.0339649,426.5,9.55E-05
1.707,0.0209813,,,1.707,0.0380902,426.75,0.000171647,1.707,-0.0148818,426.75,0.000152569,1.707,-0.0342939,426.75,8.04E-05
1.708,0.0259165,,,1.708,0.0423675,427,0.000296206,1.708,-0.0109336,427,0.000149115,1.708,-0.0333069,427,5.85E-05
1.709,0.0295357,,,1.709,0.0436836,427.25,0.000309075,1.709,-0.00599829,427.25,0.000142222,1.709,-0.0326488,427.25,7.12E-05
1.71,0.0321679,,,1.71,0.0449996,427.5,0.000234807,1.71,-0.00205007,427.5,0.000137652,1.71,-0.0300167,427.5,6.65E-05
1.711,0.0351291,,,1.711,0.0440126,427.75,0.000139634,1.711,0.00189816,427.75,0.000132332,1.711,-0.0280426,427.75,4.83E-05
1.712,0.0361161,,,1.712,0.0423675,428,0.000101189,1.712,0.00683344,428,0.00010774,1.712,-0.0247524,428,3.09E-05
1.713,0.0374322,,,1.713,0.0387483,428.25,0.000171053,1.713,0.0104527,428.25,9.62E-05,1.713,-0.0201461,428.25,2.32E-05
1.714,0.0348,,,1.714,0.034471,428.5,0.000204143,1.714,0.0144009,428.5,9.01E-05,1.714,-0.0155398,428.5,1.05E-05
1.715,0.033484,,,1.715,0.0288777,428.75,0.000130351,1.715,0.017033,428.75,8.75E-05,1.715,-0.0106046,428.75,1.80E-06
1.716,0.0292067,,,1.716,0.0216393,429,8.30E-05,1.716,0.0186781,429,6.42E-05,1.716,-0.00534025,429,2.86E-05
1.717,0.0259165,,,1.717,0.0265746,429.25,0.000246382,1.717,0.0213103,429.25,4.55E-05,1.717,-0.000404971,429.25,2.77E-05
1.718,0.0203232,,,1.718,0.0120977,429.5,0.000349729,1.718,0.0216393,429.5,3.89E-05,1.718,0.00518835,429.5,4.96E-05
1.719,0.0153879,,,1.719,-0.00073399,429.75,0.000313048,1.719,0.0232844,429.75,4.52E-05,1.719,0.00979461,429.75,5.30E-05
1.72,0.00847854,,,1.72,0.000253067,430,0.000159555,1.72,0.0213103,430,7.32E-05,1.72,0.0147299,430,5.85E-05
1.721,0.00222718,,,1.721,-0.0135657,430.25,3.73E-05,1.721,0.0213103,430.25,0.000108874,1.721,0.0186781,430.25,6.19E-05
1.722,-0.00369516,,,1.722,-0.0277135,430.5,0.000187922,1.722,0.0196652,430.5,0.000149932,1.722,0.0222973,430.5,6.72E-05
1.723,-0.00994652,,,1.723,-0.0273845,430.75,0.000232641,1.723,0.016704,430.75,0.000168092,1.723,0.0246005,430.75,9.53E-05
1.724,-0.0165269,,,1.724,-0.0319908,431,0.000169587,1.724,0.0127558,431,0.000148988,1.724,0.0265746,431,8.91E-05
1.725,-0.0227783,,,1.725,-0.0425194,431.25,0.000130617,1.725,0.0101236,431.25,9.83E-05,1.725,0.0278907,431.25,0.000112783
1.726,-0.0280426,,,1.726,-0.0425194,431.5,0.000217952,1.726,0.00650443,431.5,3.73E-05,1.726,0.0282197,431.5,0.000111854
1.727,-0.0323198,,,1.727,-0.0464676,431.75,0.000328709,1.727,0.00222718,431.75,2.76E-05,1.727,0.0275616,431.75,0.000111931
1.728,-0.035281,,,1.728,-0.0484417,432,0.000417501,1.728,-0.00237908,432,6.05E-05,1.728,0.0255875,432,9.82E-05
1.729,-0.0385712,,,1.729,-0.0481127,432.25,0.000435094,1.729,-0.00632731,432.25,5.95E-05,1.729,0.0229554,432.25,0.000121166
1.73,-0.0398872,,,1.73,-0.0474547,432.5,0.000375992,1.73,-0.0109336,432.5,2.25E-05,1.73,0.0196652,432.5,0.000103233
1.731,-0.0408743,,,1.731,-0.0458096,432.75,0.00028757,1.731,-0.0142238,432.75,3.54E-05,1.731,0.015717,432.75,9.37E-05
1.732,-0.0402163,,,1.732,-0.0425194,433,0.000238161,1.732,-0.017843,433,6.26E-05,1.732,0.0114397,433,9.03E-05
1.733,-0.0385712,,,1.733,-0.0375841,433.25,0.000228029,1.733,-0.0214622,433.25,5.55E-05,1.733,0.00716246,433.25,8.89E-05
1.734,-0.035939,,,1.734,-0.0319908,433.5,0.000213539,1.734,-0.0240943,433.5,3.13E-05,1.734,0.0025562,433.5,8.52E-05
1.735,-0.0326488,,,1.735,-0.0254104,433.75,0.00026297,1.735,-0.0263975,433.75,5.60E-06,1.735,-0.0027081,433.75,6.85E-05
1.736,-0.0283716,,,1.736,-0.0194881,434,0.000235765,1.736,-0.0270555,434,4.61E-05,1.736,-0.00797241,434,5.20E-05
1.737,-0.0234363,,,1.737,-0.0125787,434.25,0.000101385,1.737,-0.0273845,434.25,5.45E-05,1.737,-0.0122497,434.25,5.22E-05
1.738,-0.017514,,,1.738,-0.00501124,434.5,9.87E-05,1.738,-0.0273845,434.5,4.22E-05,1.738,-0.017514,434.5,5.28E-05
1.739,-0.0122497,,,1.739,0.00288522,434.75,0.000205879,1.739,-0.0273845,434.75,1.69E-05,1.739,-0.0211332,434.75,3.57E-05
1.74,-0.00534025,,,1.74,0.0111107,435,0.000224694,1.74,-0.0250814,435,4.06E-05,1.74,-0.0247524,435,5.45E-05
1.741,0.000911104,,,1.741,0.0180201,435.25,0.000191689,1.741,-0.0234363,435.25,7.66E-05,1.741,-0.0277135,435.25,4.25E-05
1.742,0.00650443,,,1.742,0.0239424,435.5,0.000187065,1.742,-0.0201461,435.5,0.000102138,1.742,-0.0303457,435.5,4.56E-05
1.743,0.0127558,,,1.743,0.0301938,435.75,0.00019395,1.743,-0.017843,435.75,0.000100598,1.743,-0.0313328,435.75,3.68E-05
1.744,0.0190071,,,1.744,0.0351291,436,0.000171428,1.744,-0.0135657,436,0.000135875,1.744,-0.0319908,436,6.27E-05
1.745,0.0239424,,,1.745,0.0387483,436.25,0.00013031,1.745,-0.0106046,436.25,0.00011505,1.745,-0.0323198,436.25,3.80E-05
1.746,0.0282197,,,1.746,0.0400644,436.5,6.35E-05,1.746,-0.00632731,436.5,0.000139788,1.746,-0.0310037,436.5,4.29E-05
1.747,0.0311808,,,1.747,0.0384193,436.75,1.95E-05,1.747,-0.00205007,436.75,0.000155503,1.747,-0.0290296,436.75,5.06E-05
1.748,0.033484,,,1.748,0.0426965,437,2.67E-05,1.748,0.00189816,437,0.000151794,1.748,-0.0263975,437,3.53E-05
1.749,0.0351291,,,1.749,0.0364451,437.25,9.69E-05,1.749,0.00518835,437.25,0.000138921,1.749,-0.0231073,437.25,4.28E-05
1.75,0.0351291,,,1.75,0.033484,437.5,0.000159564,1.75,0.00913658,437.5,0.000127688,1.75,-0.0198171,437.5,5.01E-05
1.751,0.034142,,,1.751,0.0407224,437.75,0.000213856,1.751,0.0120977,437.75,0.00012329,1.751,-0.0148818,437.75,1.96E-05
1.752,0.0315099,,,1.752,0.0295357,438,0.000246251,1.752,0.0150589,438,0.000127229,1.752,-0.0109336,438,3.74E-05
1.753,0.0292067,,,1.753,0.0232844,438.25,0.000203379,1.753,0.017362,438.25,0.000117468,1.753,-0.00501124,438.25,9.59E-06
1.754,0.0246005,,,1.754,0.0183491,438.5,0.000139985,1.754,0.0190071,438.5,7.01E-05,1.754,-0.000404971,438.5,1.06E-05
1.755,0.0206522,,,1.755,0.0111107,438.75,8.92E-05,1.755,0.0203232,438.75,8.14E-05,1.755,0.00453031,438.75,1.88E-07
1.756,0.0153879,,,1.756,0.00288522,439,5.26E-05,1.756,0.0209813,439,0.000111189,1.756,0.00880756,439,1.25E-05
1.757,0.00979461,,,1.757,-0.00336614,439.25,4.95E-05,1.757,0.0206522,439.25,0.000111889,1.757,0.0134138,439.25,5.04E-06
1.758,0.00288522,,,1.758,-0.0115916,439.5,8.39E-05,1.758,0.0196652,439.5,0.000131862,1.758,0.017362,439.5,1.39E-05
1.759,-0.00303712,,,1.759,-0.0198171,439.75,0.00013805,1.759,0.0180201,439.75,0.000106938,1.759,0.0199942,439.75,1.07E-05
1.76,-0.00895946,,,1.76,-0.0257394,440,0.000161266,1.76,0.016375,440,6.43E-05,1.76,0.0232844,440,1.60E-05
1.761,-0.0142238,,,1.761,-0.0303457,440.25,0.000181435,1.761,0.0130848,440.25,1.37E-05,1.761,0.0249295,440.25,1.09E-05
1.762,-0.0204751,,,1.762,-0.035939,440.5,0.000245849,1.762,0.00979461,440.5,4.24E-05,1.762,0.0259165,440.5,1.06E-05
1.763,-0.0247524,,,1.763,-0.0402163,440.75,0.000292547,1.763,0.00617541,440.75,5.40E-05,1.763,0.0262456,440.75,1.12E-05
1.764,-0.0293586,,,1.764,-0.0441645,441,0.000342528,1.764,0.0025562,441,3.29E-05,1.764,0.0255875,441,1.71E-05
1.765,-0.0316618,,,1.765,-0.0458096,441.25,0.000346266,1.765,-0.00172105,441.25,4.33E-05,1.765,0.0239424,441.25,1.54E-05
1.766,-0.036268,,,1.766,-0.0454806,441.5,0.000350892,1.766,-0.00599829,441.5,8.83E-05,1.766,0.0219683,441.5,2.62E-05
1.767,-0.0369261,,,1.767,-0.0451515,441.75,0.000314341,1.767,-0.0096175,441.75,0.000128498,1.767,0.0186781,441.75,3.15E-05
1.768,-0.0375841,,,1.768,-0.0428484,442,0.00020348,1.768,-0.0132367,442,0.000126041,1.768,0.0153879,442,3.87E-05
1.769,-0.0382421,,,1.769,-0.0408743,442.25,0.000204476,1.769,-0.0168559,442.25,8.53E-05,1.769,0.0114397,442.25,2.44E-05
1.77,-0.0372551,,,1.77,-0.0369261,442.5,0.000335891,1.77,-0.0201461,442.5,5.32E-05,1.77,0.00716246,442.5,3.31E-05
1.771,-0.0346229,,,1.771,-0.0323198,442.75,0.000388391,1.771,-0.0227783,442.75,5.38E-06,1.771,0.0025562,442.75,2.11E-05
1.772,-0.0316618,,,1.772,-0.0260684,443,0.000236639,1.772,-0.0240943,443,4.16E-05,1.772,-0.00172105,443,2.37E-05
1.773,-0.0277135,,,1.773,-0.0198171,443.25,9.01E-05,1.773,-0.0254104,443.25,5.26E-05,1.773,-0.00665633,443.25,2.85E-05
1.774,-0.0227783,,,1.774,-0.0125787,443.5,0.00035229,1.774,-0.0260684,443.5,5.21E-05,1.774,-0.0115916,443.5,2.22E-05
1.775,-0.017843,,,1.775,-0.00632731,443.75,0.000533413,1.775,-0.0257394,443.75,7.31E-05,1.775,-0.0155398,443.75,4.07E-05
1.776,-0.0125787,,,1.776,0.00124012,444,0.000545179,1.776,-0.0254104,444,0.000102468,1.776,-0.0194881,444,3.85E-05
1.777,-0.00632731,,,1.777,0.00847854,444.25,0.000422808,1.777,-0.0240943,444.25,9.43E-05,1.777,-0.0227783,444.25,3.42E-05
1.778,-7.60E-05,,,1.778,0.015717,444.5,0.000234701,1.778,-0.0224492,444.5,7.32E-05,1.778,-0.0260684,444.5,4.06E-05
1.779,0.00584639,,,1.779,0.0222973,444.75,5.84E-05,1.779,-0.0198171,444.75,7.42E-05,1.779,-0.0287006,444.75,5.30E-05
1.78,0.0117687,,,1.78,0.0272326,445,0.000176034,1.78,-0.0171849,445,0.000108033,1.78,-0.0306747,445,4.73E-05
1.781,0.016375,,,1.781,0.0315099,445.25,0.000230506,1.781,-0.0138947,445.25,0.000133843,1.781,-0.0310037,445.25,5.85E-05
1.782,0.0219683,,,1.782,0.0351291,445.5,0.000118708,1.782,-0.0102755,445.5,0.000138768,1.782,-0.0306747,445.5,7.59E-05
1.783,0.0242714,,,1.783,0.0380902,445.75,0.000116643,1.783,-0.00665633,445.75,0.00012029,1.783,-0.0300167,445.75,6.20E-05
1.784,0.0292067,,,1.784,0.0394063,446,0.000402956,1.784,-0.0027081,446,8.36E-05,1.784,-0.0283716,446,7.02E-05
1.785,0.0305228,,,1.785,0.0394063,446.25,0.00055223,1.785,0.00124012,446.25,0.000101646,1.785,-0.0260684,446.25,7.84E-05
1.786,0.0324969,,,1.786,0.0380902,446.5,0.000518219,1.786,0.00518835,446.5,0.000111922,1.786,-0.0227783,446.5,7.73E-05
1.787,0.0315099,,,1.787,0.0354581,446.75,0.000359898,1.787,0.00814952,446.75,0.000102866,1.787,-0.019159,446.75,7.52E-05
1.788,0.0321679,,,1.788,0.0321679,447,0.000218641,1.788,0.0117687,447,7.46E-05,1.788,-0.0152108,447,6.21E-05
1.789,0.0295357,,,1.789,0.0288777,447.25,0.000121483,1.789,0.0144009,447.25,6.65E-06,1.789,-0.0115916,447.25,6.78E-05
1.79,0.0282197,,,1.79,0.0226264,447.5,2.54E-05,1.79,0.016704,447.5,6.30E-05,1.79,-0.00665633,447.5,6.43E-05
1.791,0.0239424,,,1.791,0.015717,447.75,0.000190597,1.791,0.0180201,447.75,9.82E-05,1.791,-0.00139203,447.75,3.69E-05
1.792,0.0199942,,,1.792,-0.00632731,448,0.000299088,1.792,0.0190071,448,0.000100129,1.792,0.00288522,448,4.43E-05
1.793,0.0144009,,,1.793,0.0236134,448.25,0.000268151,1.793,0.0196652,448.25,6.70E-05,1.793,0.00749148,448.25,3.47E-05
1.794,0.0094656,,,1.794,-0.00764339,448.5,0.000144887,1.794,0.0193362,448.5,2.95E-05,1.794,0.0111107,448.5,2.82E-05
1.795,0.00387227,,,1.795,-0.0145528,448.75,0.000117763,1.795,0.0186781,448.75,3.88E-05,1.795,0.0153879,448.75,3.67E-05
1.796,-0.00139203,,,1.796,-0.0109336,449,0.000250806,1.796,0.017033,449,5.64E-05,1.796,0.0183491,449,3.46E-05
1.797,-0.00731437,,,1.797,-0.0231073,449.25,0.000334969,1.797,0.0147299,449.25,7.27E-05,1.797,0.0206522,449.25,6.53E-05
1.798,-0.0132367,,,1.798,-0.0316618,449.5,0.000397604,1.798,0.0124268,449.5,6.62E-05,1.798,0.0226264,449.5,4.82E-05
1.799,-0.01883,,,1.799,-0.0319908,449.75,0.000414047,1.799,0.00913658,449.75,8.49E-05,1.799,0.0236134,449.75,7.05E-05
1.8,-0.0231073,,,1.8,-0.0382421,450,0.000372136,1.8,0.00584639,450,9.38E-05,1.8,0.0242714,450,7.56E-05
1.801,-0.0267265,,,1.801,-0.0412033,450.25,0.000273256,1.801,0.00222718,450.25,6.08E-05,1.801,0.0236134,450.25,8.99E-05
1.802,-0.0313328,,,1.802,-0.0425194,450.5,0.000152623,1.802,-0.00172105,450.5,2.11E-05,1.802,0.0226264,450.5,9.67E-05
1.803,-0.0333069,,,1.803,-0.0435065,450.75,2.27E-05,1.803,-0.00566927,450.75,2.75E-05,1.803,0.0209813,450.75,0.000108337
1.804,-0.036268,,,1.804,-0.0444935,451,0.000118626,1.804,-0.00863044,451,8.42E-05,1.804,0.0186781,451,0.000107901
1.805,-0.035939,,,1.805,-0.0421904,451.25,0.000112606,1.805,-0.0119206,451.25,0.000115249,1.805,0.0150589,451.25,0.000127165
1.806,-0.036268,,,1.806,-0.0402163,451.5,3.48E-05,1.806,-0.0155398,451.5,0.000131474,1.806,0.0120977,451.5,9.84E-05
1.807,-0.0346229,,,1.807,-0.03561,451.75,0.000159276,1.807,-0.017843,451.75,0.000115326,1.807,0.0078205,451.75,0.00010386
1.808,-0.0336359,,,1.808,-0.0323198,452,0.000267618,1.808,-0.0204751,452,9.43E-05,1.808,0.00354326,452,0.0001143
1.809,-0.0306747,,,1.809,-0.0263975,452.25,0.000318263,1.809,-0.0217912,452.25,3.66E-05,1.809,-0.00139203,452.25,8.50E-05
1.81,-0.0270555,,,1.81,-0.0214622,452.5,0.000285652,1.81,-0.0234363,452.5,2.06E-05,1.81,-0.00566927,452.5,8.05E-05
1.811,-0.0224492,,,1.811,-0.0135657,452.75,0.000264076,1.811,-0.0240943,452.75,4.73E-05,1.811,-0.0102755,452.75,7.34E-05
1.812,-0.017843,,,1.812,-0.00632731,453,0.000326604,1.812,-0.0250814,453,4.15E-05,1.812,-0.0138947,453,5.07E-05
1.813,-0.0122497,,,1.813,-7.60E-05,453.25,0.000451637,1.813,-0.0244234,453.25,5.62E-05,1.813,-0.018172,453.25,5.40E-05
1.814,-0.00665633,,,1.814,0.00617541,453.5,0.000454841,1.814,-0.0237653,453.5,4.76E-05,1.814,-0.0214622,453.5,6.28E-05
1.815,-0.00073399,,,1.815,0.0130848,453.75,0.00030741,1.815,-0.0214622,453.75,7.05E-05,1.815,-0.0250814,453.75,5.00E-05
1.816,0.00453031,,,1.816,0.0186781,454,0.000201282,1.816,-0.0194881,454,7.54E-05,1.816,-0.0270555,454,7.63E-05
1.817,0.0111107,,,1.817,0.0249295,454.25,0.000329866,1.817,-0.0161979,454.25,5.16E-05,1.817,-0.0287006,454.25,6.57E-05
1.818,0.0150589,,,1.818,0.0295357,454.5,0.000408409,1.818,-0.0138947,454.5,3.51E-05,1.818,-0.0293586,454.5,7.75E-05
1.819,0.0196652,,,1.819,0.0321679,454.75,0.000412532,1.819,-0.0109336,454.75,7.05E-05,1.819,-0.0293586,454.75,7.71E-05
1.82,0.0246005,,,1.82,0.0351291,455,0.00029054,1.82,-0.00698535,455,0.000135822,1.82,-0.0293586,455,8.49E-05
1.821,0.0265746,,,1.821,0.0364451,455.25,0.000141721,1.821,-0.0027081,455.25,0.000176929,1.821,-0.0270555,455.25,0.000112378
1.822,0.0295357,,,1.822,0.0367742,455.5,0.000332138,1.822,0.000582086,455.5,0.000158199,1.822,-0.0250814,455.5,8.76E-05
1.823,0.0308518,,,1.823,0.0397353,455.75,0.000518251,1.823,0.00420129,455.75,0.000125408,1.823,-0.0217912,455.75,0.000125273
1.824,0.0311808,,,1.824,0.0357871,456,0.000533046,1.824,0.00749148,456,8.12E-05,1.824,-0.019159,456,0.00012194
1.825,0.0298648,,,1.825,0.0282197,456.25,0.000356407,1.825,0.0101236,456.25,3.53E-05,1.825,-0.0152108,456.25,0.000123891
1.826,0.0288777,,,1.826,0.0249295,456.5,0.000170895,1.826,0.0127558,456.5,5.37E-05,1.826,-0.0112626,456.5,0.000125694
1.827,0.0259165,,,1.827,0.0242714,456.75,0.000341456,1.827,0.015717,456.75,6.30E-05,1.827,-0.00698535,456.75,0.000116192
1.828,0.0232844,,,1.828,0.017362,457,0.000451981,1.828,0.017033,457,5.15E-05,1.828,-0.00237908,457,0.000119752
1.829,0.0196652,,,1.829,0.0114397,457.25,0.000377659,1.829,0.0180201,457.25,6.15E-05,1.829,0.00222718,457.25,9.41E-05
1.83,0.0147299,,,1.83,0.00518835,457.5,0.0002596,1.83,0.0180201,457.5,0.000107205,1.83,0.00617541,457.5,0.000104115
1.831,0.0101236,,,1.831,-0.00172105,457.75,0.000344381,1.831,0.0180201,457.75,0.000156745,1.831,0.00979461,457.75,0.000103844
1.832,0.00453031,,,1.832,-0.00698535,458,0.000506871,1.832,0.017033,458,0.000157618,1.832,0.0137428,458,8.26E-05
1.833,-7.60E-05,,,1.833,-0.0138947,458.25,0.000591533,1.833,0.016046,458.25,0.000149141,1.833,0.016704,458.25,9.49E-05
1.834,-0.00566927,,,1.834,-0.0194881,458.5,0.000537002,1.834,0.0137428,458.5,0.000158654,1.834,0.0190071,458.5,9.73E-05
1.835,-0.0106046,,,1.835,-0.0257394,458.75,0.000393344,1.835,0.0117687,458.75,0.000165257,1.835,0.0213103,458.75,9.08E-05
1.836,-0.0171849,,,1.836,-0.0300167,459,0.000213844,1.836,0.00847854,459,0.000161168,1.836,0.0226264,459,9.39E-05
1.837,-0.0214622,,,1.837,-0.0336359,459.25,7.99E-05,1.837,0.00551737,459.25,0.000161444,1.837,0.0232844,459.25,8.71E-05
1.838,-0.0250814,,,1.838,-0.0392292,459.5,0.000200871,1.838,0.0025562,459.5,0.00016159,1.838,0.0229554,459.5,0.000114572
1.839,-0.0290296,,,1.839,-0.0412033,459.75,0.000251275,1.839,-0.00106301,459.75,0.000205956,1.839,0.0219683,459.75,9.30E-05
1.84,-0.0313328,,,1.84,-0.03561,460,0.000173734,1.84,-0.0043532,460,0.00021292,1.84,0.0203232,460,9.10E-05
1.841,-0.0336359,,,1.841,-0.0392292,460.25,5.97E-05,1.841,-0.00764339,460.25,0.000185672,1.841,0.0180201,460.25,9.61E-05
1.842,-0.035281,,,1.842,-0.0415323,460.5,2.73E-05,1.842,-0.0109336,460.5,0.000147461,1.842,0.0150589,460.5,8.56E-05
1.843,-0.034952,,,1.843,-0.0369261,460.75,8.47E-05,1.843,-0.0132367,460.75,0.000134484,1.843,0.0117687,460.75,8.27E-05
1.844,-0.0333069,,,1.844,-0.0342939,461,0.00012277,1.844,-0.0165269,461,0.000130657,1.844,0.0078205,461,7.00E-05
1.845,-0.0319908,,,1.845,-0.0306747,461.25,0.000194557,1.845,-0.0194881,461.25,0.000163406,1.845,0.00354326,461.25,6.28E-05
1.846,-0.0290296,,,1.846,-0.0254104,461.5,0.000297746,1.846,-0.0214622,461.5,0.000196602,1.846,-0.00106301,461.5,4.56E-05
1.847,-0.0257394,,,1.847,-0.0204751,461.75,0.000376159,1.847,-0.0227783,461.75,0.000204181,1.847,-0.00501124,461.75,4.72E-05
1.848,-0.0217912,,,1.848,-0.0152108,462,0.000334678,1.848,-0.0227783,462,0.000223518,1.848,-0.0096175,462,2.43E-05
1.849,-0.0165269,,,1.849,-0.00764339,462.25,0.000153847,1.849,-0.0237653,462.25,0.000208264,1.849,-0.0135657,462.25,2.81E-05
1.85,-0.0115916,,,1.85,-0.00172105,462.5,8.08E-05,1.85,-0.0231073,462.5,0.000168069,1.85,-0.0168559,462.5,2.16E-05
1.851,-0.00698535,,,1.851,0.00518835,462.75,0.000298577,1.851,-0.0224492,462.75,0.000207245,1.851,-0.0208041,462.75,2.77E-05
1.852,-0.00139203,,,1.852,0.0101236,463,0.000386717,1.852,-0.0208041,463,0.000218409,1.852,-0.0234363,463,2.62E-05
1.853,0.00321424,,,1.853,0.016375,463.25,0.00030756,1.853,-0.018501,463.25,0.000208391,1.853,-0.0254104,463.25,3.97E-05
1.854,0.00913658,,,1.854,0.0209813,463.5,0.000180859,1.854,-0.0161979,463.5,0.000189643,1.854,-0.0267265,463.5,3.48E-05
1.855,0.0140719,,,1.855,0.0262456,463.75,0.000158977,1.855,-0.0129077,463.75,0.000138308,1.855,-0.0273845,463.75,4.18E-05
1.856,0.0176911,,,1.856,0.0292067,464,0.000262512,1.856,-0.0102755,464,7.50E-05,1.856,-0.0273845,464,5.42E-05
1.857,0.0219683,,,1.857,0.0328259,464.25,0.000345389,1.857,-0.00665633,464.25,4.17E-05,1.857,-0.0270555,464.25,5.34E-05
1.858,0.0242714,,,1.858,0.033484,464.5,0.000346746,1.858,-0.00369516,464.5,0.000108856,1.858,-0.0260684,464.5,4.95E-05
1.859,0.0278907,,,1.859,0.0348,464.75,0.000317465,1.859,0.000582086,464.75,0.000139633,1.859,-0.0240943,464.75,5.44E-05
1.86,0.0278907,,,1.86,0.034142,465,0.000247139,1.86,0.00321424,465,0.000156811,1.86,-0.0217912,465,5.88E-05
1.861,0.0288777,,,1.861,0.033155,465.25,0.000223182,1.861,0.00683344,465.25,0.000132866,1.861,-0.018501,465.25,5.97E-05
1.862,0.0288777,,,1.862,0.0305228,465.5,0.0001839,1.862,0.0094656,465.5,9.44E-05,1.862,-0.0155398,465.5,6.42E-05
1.863,0.0272326,,,1.863,0.0269036,465.75,0.000133312,1.863,0.0117687,465.75,5.79E-05,1.863,-0.0112626,465.75,7.97E-05
1.864,0.0246005,,,1.864,0.0229554,466,0.000193669,1.864,0.0137428,466,4.66E-05,1.864,-0.00764339,466,5.84E-05
1.865,0.0222973,,,1.865,0.0111107,466.25,0.000268989,1.865,0.015717,466.25,5.69E-05,1.865,-0.00369516,466.25,6.35E-05
1.866,0.0190071,,,1.866,-0.00172105,466.5,0.000278553,1.866,0.016375,466.5,3.30E-05,1.866,0.000253067,466.5,6.09E-05
1.867,0.0150589,,,1.867,0.0186781,466.75,0.00023868,1.867,0.016375,466.75,2.69E-05,1.867,0.00485933,466.75,7.49E-05
1.868,0.0104527,,,1.868,-0.0027081,467,0.000183584,1.868,0.016375,467,5.77E-05,1.868,0.00847854,467,5.68E-05
1.869,0.00485933,,,1.869,-0.0109336,467.25,0.000180427,1.869,0.0153879,467.25,5.09E-05,1.869,0.0124268,467.25,6.86E-05
1.87,-7.60E-05,,,1.87,-0.0106046,467.5,0.00017626,1.87,0.0147299,467.5,2.42E-05,1.87,0.0153879,467.5,5.81E-05
1.871,-0.00566927,,,1.871,-0.018501,467.75,0.000171723,1.871,0.0137428,467.75,1.69E-05,1.871,0.017362,467.75,4.76E-05
1.872,-0.0102755,,,1.872,-0.0244234,468,0.000130372,1.872,0.0107817,468,8.66E-05,1.872,0.0199942,468,5.67E-05
1.873,-0.0155398,,,1.873,-0.0280426,468.25,0.000175375,1.873,0.00814952,468.25,0.000130239,1.873,0.0213103,468.25,4.83E-05
1.874,-0.0194881,,,1.874,-0.0336359,468.5,0.000185608,1.874,0.00518835,468.5,0.000146644,1.874,0.0216393,468.5,3.86E-05
1.875,-0.0240943,,,1.875,-0.0365971,468.75,0.000189961,1.875,0.00189816,468.75,0.000137295,1.875,0.0216393,468.75,3.08E-05
1.876,-0.0270555,,,1.876,-0.0382421,469,0.000176648,1.876,-0.00073399,469,9.86E-05,1.876,0.0209813,469,4.69E-05
1.877,-0.0300167,,,1.877,-0.0389002,469.25,0.000219765,1.877,-0.00369516,469.25,3.87E-05,1.877,0.0190071,469.25,4.43E-05
1.878,-0.0310037,,,1.878,-0.0392292,469.5,0.000236051,1.878,-0.00731437,469.5,4.71E-05,1.878,0.016704,469.5,2.25E-05
1.879,-0.0326488,,,1.879,-0.0382421,469.75,0.000317854,1.879,-0.0106046,469.75,6.98E-05,1.879,0.0140719,469.75,4.30E-06
1.88,-0.0326488,,,1.88,-0.035939,470,0.000383439,1.88,-0.0135657,470,6.85E-05,1.88,0.0111107,470,1.99E-05
1.881,-0.0326488,,,1.881,-0.0333069,470.25,0.000321271,1.881,-0.0158689,470.25,5.62E-05,1.881,0.00716246,470.25,1.54E-05
1.882,-0.0303457,,,1.882,-0.0293586,470.5,0.000170929,1.882,-0.018501,470.5,2.90E-05,1.882,0.00354326,470.5,3.01E-05
1.883,-0.0287006,,,1.883,-0.0247524,470.75,7.20E-05,1.883,-0.0204751,470.75,4.02E-05,1.883,-7.60E-05,470.75,4.05E-05
1.884,-0.0250814,,,1.884,-0.0201461,471,0.000184737,1.884,-0.0214622,471,3.97E-05,1.884,-0.0043532,471,3.44E-05
1.885,-0.0214622,,,1.885,-0.0148818,471.25,0.000246477,1.885,-0.0221202,471.25,8.81E-05,1.885,-0.00797241,471.25,3.25E-05
1.886,-0.0171849,,,1.886,-0.00928848,471.5,0.000242479,1.886,-0.0227783,471.5,0.00015653,1.886,-0.0122497,471.5,2.58E-05
1.887,-0.0125787,,,1.887,-0.00303712,471.75,0.000230753,1.887,-0.0217912,471.75,0.000216738,1.887,-0.0155398,471.75,2.37E-05
1.888,-0.00731437,,,1.888,0.00321424,472,0.000288584,1.888,-0.0211332,472,0.000279413,1.888,-0.018501,472,3.06E-05
1.889,-0.00336614,,,1.889,0.00880756,472.25,0.000383863,1.889,-0.0198171,472.25,0.000281697,1.889,-0.0214622,472.25,2.79E-06
1.89,0.00189816,,,1.89,0.0140719,472.5,0.000423835,1.89,-0.017843,472.5,0.000251019,1.89,-0.0240943,472.5,2.85E-05
1.891,0.00683344,,,1.891,0.0193362,472.75,0.000336699,1.891,-0.0152108,472.75,0.000207806,1.891,-0.0254104,472.75,1.59E-05
1.892,0.0120977,,,1.892,0.0232844,473,0.000191372,1.892,-0.0129077,473,0.000197537,1.892,-0.0260684,473,2.56E-05
1.893,0.016375,,,1.893,0.0275616,473.25,0.000187736,1.893,-0.0096175,473.25,0.000191113,1.893,-0.0260684,473.25,4.06E-05
1.894,0.0203232,,,1.894,0.0298648,473.5,0.000260002,1.894,-0.00632731,473.5,0.000187258,1.894,-0.0260684,473.5,5.97E-05
1.895,0.0229554,,,1.895,0.0321679,473.75,0.000283568,1.895,-0.00336614,473.75,0.000126966,1.895,-0.0247524,473.75,3.89E-05
1.896,0.0249295,,,1.896,0.033155,474,0.000251052,1.896,-0.000404971,474,4.74E-05,1.896,-0.0234363,474,6.13E-05
1.897,0.0265746,,,1.897,0.0324969,474.25,0.000216836,1.897,0.00288522,474.25,1.84E-05,1.897,-0.0211332,474.25,5.70E-05
1.898,0.0272326,,,1.898,0.0318389,474.5,0.000179618,1.898,0.00551737,474.5,5.07E-05,1.898,-0.01883,474.5,7.64E-05
1.899,0.0272326,,,1.899,0.0292067,474.75,0.000217988,1.899,0.00847854,474.75,5.88E-05,1.899,-0.0152108,474.75,6.42E-05
1.9,0.0259165,,,1.9,0.0265746,475,0.000332871,1.9,0.0104527,475,9.01E-05,1.9,-0.0119206,475,5.87E-05
1.901,0.0246005,,,1.901,0.0278907,475.25,0.000438894,1.901,0.0124268,475.25,0.000143609,1.901,-0.00764339,475.25,5.97E-05
1.902,0.0213103,,,1.902,0.016704,475.5,0.00039852,1.902,0.0140719,475.5,0.000197359,1.902,-0.0043532,475.5,6.21E-05
1.903,0.0176911,,,1.903,0.00814952,475.75,0.000335134,1.903,0.0147299,475.75,0.000243414,1.903,0.000253067,475.75,4.45E-05
1.904,0.0137428,,,1.904,0.00387227,476,0.000357868,1.904,0.0153879,476,0.000229799,1.904,0.00387227,476,6.22E-05
1.905,0.00979461,,,1.905,0.00288522,476.25,0.00035388,1.905,0.016046,476.25,0.000204248,1.905,0.00749148,476.25,2.32E-05
1.906,0.00485933,,,1.906,-0.0043532,476.5,0.000242884,1.906,0.0147299,476.5,0.000230517,1.906,0.0117687,476.5,7.39E-05
1.907,0.000582086,,,1.907,-0.0115916,476.75,8.10E-05,1.907,0.0137428,476.75,0.000232573,1.907,0.0140719,476.75,6.23E-05
1.908,-0.00468222,,,1.908,-0.0158689,477,6.58E-05,1.908,0.0124268,477,0.000209234,1.908,0.016375,477,9.03E-05
1.909,-0.0096175,,,1.909,-0.0211332,477.25,0.000196965,1.909,0.0107817,477.25,0.00016369,1.909,0.0180201,477.25,7.72E-05
1.91,-0.0142238,,,1.91,-0.0257394,477.5,0.000223298,1.91,0.00814952,477.5,0.000161485,1.91,0.0196652,477.5,0.000127796
1.911,-0.018172,,,1.911,-0.0290296,477.75,0.000108721,1.911,0.00518835,477.75,0.000202691,1.911,0.0203232,477.75,0.000112529
1.912,-0.0234363,,,1.912,-0.0326488,478,0.000124146,1.912,0.0025562,478,0.000247878,1.912,0.0199942,478,0.000148169
1.913,-0.0250814,,,1.913,-0.03561,478.25,0.000279616,1.913,-0.00106301,478.25,0.000242272,1.913,0.0193362,478.25,0.000159017
1.914,-0.0283716,,,1.914,-0.036268,478.5,0.000332936,1.914,-0.00369516,478.5,0.000164987,1.914,0.0176911,478.5,0.000170209
1.915,-0.0300167,,,1.915,-0.035939,478.75,0.000337302,1.915,-0.00698535,478.75,3.57E-05,1.915,0.016046,478.75,0.000143379
1.916,-0.0303457,,,1.916,-0.036268,479,0.000233861,1.916,-0.0102755,479,9.73E-05,1.916,0.0134138,479,0.000155655
1.917,-0.0310037,,,1.917,-0.0342939,479.25,0.00020737,1.917,-0.0132367,479.25,0.000172887,1.917,0.0101236,479.25,0.000131137
1.918,-0.0303457,,,1.918,-0.0319908,479.5,0.000229377,1.918,-0.0152108,479.5,0.000229891,1.918,0.00749148,479.5,0.000149299
1.919,-0.0296877,,,1.919,-0.0293586,479.75,0.000234872,1.919,-0.017514,479.75,0.000242706,1.919,0.00354326,479.75,0.000127334
1.92,-0.0267265,,,1.92,-0.0244234,480,0.000140659,1.92,-0.019159,480,0.000237781,1.92,0.000253067,480,0.000127606
1.921,-0.0244234,,,1.921,-0.0201461,480.25,0.000141621,1.921,-0.0201461,480.25,0.000231836,1.921,-0.00336614,480.25,0.0001173
1.922,-0.0204751,,,1.922,-0.0152108,480.5,0.000359929,1.922,-0.0211332,480.5,0.000247174,1.922,-0.00731437,480.5,0.000109289
1.923,-0.0168559,,,1.923,-0.0102755,480.75,0.000466608,1.923,-0.0214622,480.75,0.000248964,1.923,-0.0109336,480.75,9.83E-05
1.924,-0.0125787,,,1.924,-0.0043532,481,0.000355451,1.924,-0.0204751,481,0.000219175,1.924,-0.0145528,481,0.00011203
1.925,-0.00830143,,,1.925,0.00189816,481.25,0.000196939,1.925,-0.0198171,481.25,0.000216291,1.925,-0.0168559,481.25,0.000125845
1.926,-0.00303712,,,1.926,0.00749148,481.5,0.000235107,1.926,-0.018501,481.5,0.00021593,1.926,-0.0201461,481.5,0.000119409
1.927,0.00124012,,,1.927,0.0124268,481.75,0.000410539,1.927,-0.0165269,481.75,0.000273255,1.927,-0.0221202,481.75,0.000148739
1.928,0.00650443,,,1.928,0.017033,482,0.00054925,1.928,-0.0148818,482,0.000341659,1.928,-0.0234363,482,0.000158016
1.929,0.0114397,,,1.929,0.0209813,482.25,0.00059145,1.929,-0.0119206,482.25,0.000334788,1.929,-0.0250814,482.25,0.000180501
1.93,0.0147299,,,1.93,0.0252585,482.5,0.000478831,1.93,-0.00928848,482.5,0.000305973,1.93,-0.0250814,482.5,0.000229942
1.931,0.0183491,,,1.931,0.0275616,482.75,0.000496803,1.931,-0.00665633,482.75,0.000223449,1.931,-0.0257394,482.75,0.000249212
1.932,0.0213103,,,1.932,0.0305228,483,0.000680281,1.932,-0.00369516,483,0.000208825,1.932,-0.0237653,483,0.000273321
1.933,0.0232844,,,1.933,0.0305228,483.25,0.000785851,1.933,-0.00073399,483.25,0.000207531,1.933,-0.0221202,483.25,0.000288468
1.934,0.0252585,,,1.934,0.0305228,483.5,0.000529581,1.934,0.00222718,483.5,0.000230765,1.934,-0.0201461,483.5,0.000306736
1.935,0.0255875,,,1.935,0.0288777,483.75,2.48E-05,1.935,0.00485933,483.75,0.00020159,1.935,-0.017843,483.75,0.000323515
1.936,0.0252585,,,1.936,0.0275616,484,0.000516831,1.936,0.00716246,484,0.000203414,1.936,-0.0148818,484,0.000330102
1.937,0.0242714,,,1.937,0.0117687,484.25,0.000871697,1.937,0.0094656,484.25,0.000250081,1.937,-0.0115916,484.25,0.000323841
1.938,0.0222973,,,1.938,0.0186781,484.5,0.000925611,1.938,0.0111107,484.5,0.000287186,1.938,-0.00764339,484.5,0.000318777
1.939,0.0199942,,,1.939,0.0183491,484.75,0.000777373,1.939,0.0130848,484.75,0.000260361,1.939,-0.0043532,484.75,0.000312429
1.94,0.016704,,,1.94,0.00979461,485,0.000584718,1.94,0.0140719,485,0.000177244,1.94,-7.60E-05,485,0.000315182
1.941,0.0134138,,,1.941,0.00716246,485.25,0.000554199,1.941,0.0144009,485.25,8.14E-05,1.941,0.00321424,485.25,0.000295185
1.942,0.00880756,,,1.942,0.00387227,485.5,0.00062509,1.942,0.0147299,485.5,6.17E-05,1.942,0.00716246,485.5,0.000294457
1.943,0.00518835,,,1.943,-0.0043532,485.75,0.000657539,1.943,0.0140719,485.75,0.000132887,1.943,0.0101236,485.75,0.000273525
1.944,0.000911104,,,1.944,-0.00895946,486,0.000590696,1.944,0.0130848,486,0.000169254,1.944,0.0130848,486,0.00027994
1.945,-0.00369516,,,1.945,-0.0142238,486.25,0.00044381,1.945,0.0114397,486.25,0.000177737,1.945,0.0153879,486.25,0.000258757
1.946,-0.00863044,,,1.946,-0.019159,486.5,0.000435493,1.946,0.00979461,486.5,0.000209302,1.946,0.017033,486.5,0.000278765
1.947,-0.0132367,,,1.947,-0.0237653,486.75,0.000644036,1.947,0.00716246,486.75,0.000262588,1.947,0.0180201,486.75,0.000253883
1.948,-0.0168559,,,1.948,-0.0267265,487,0.000778213,1.948,0.00485933,487,0.000271385,1.948,0.0190071,487,0.000263192
1.949,-0.0208041,,,1.949,-0.0306747,487.25,0.000763288,1.949,0.00189816,487.25,0.00025469,1.949,0.0186781,487.25,0.000266474
1.95,-0.0234363,,,1.95,-0.0329778,487.5,0.000587858,1.95,-0.00073399,487.5,0.00020724,1.95,0.0183491,487.5,0.000246299
1.951,-0.0267265,,,1.951,-0.034952,487.75,0.000371956,1.951,-0.00402418,487.75,0.000229896,1.951,0.017033,487.75,0.000252495
1.952,-0.0283716,,,1.952,-0.03561,488,0.000226454,1.952,-0.00665633,488,0.000252161,1.952,0.0153879,488,0.000253859
1.953,-0.0293586,,,1.953,-0.0346229,488.25,0.00024387,1.953,-0.00928848,488.25,0.000268665,1.953,0.0130848,488.25,0.000224777
1.954,-0.0296877,,,1.954,-0.0336359,488.5,0.000376574,1.954,-0.0122497,488.5,0.000234991,1.954,0.0107817,488.5,0.000215674
1.955,-0.0290296,,,1.955,-0.0316618,488.75,0.000343653,1.955,-0.0145528,488.75,0.000148605,1.955,0.0078205,488.75,0.000200851
1.956,-0.0283716,,,1.956,-0.0287006,489,0.00017065,1.956,-0.0158689,489,7.88E-05,1.956,0.00420129,489,0.000209979
1.957,-0.0267265,,,1.957,-0.0254104,489.25,0.000226554,1.957,-0.017843,489.25,4.05E-05,1.957,0.00124012,489.25,0.000187757
1.958,-0.0240943,,,1.958,-0.0208041,489.5,0.000454376,1.958,-0.019159,489.5,5.86E-05,1.958,-0.00336614,489.5,0.00017244
1.959,-0.0208041,,,1.959,-0.0158689,489.75,0.000525686,1.959,-0.019159,489.75,0.000106404,1.959,-0.00665633,489.75,0.000166397
1.96,-0.0161979,,,1.96,-0.0109336,490,0.000439086,1.96,-0.0194881,490,0.000159725,1.96,-0.0096175,490,0.000168018
1.961,-0.0129077,,,1.961,-0.00534025,490.25,0.000287888,1.961,-0.0198171,490.25,0.00020574,1.961,-0.0125787,490.25,0.000170237
1.962,-0.00830143,,,1.962,-7.60E-05,490.5,0.000181842,1.962,-0.01883,490.5,0.000203014,1.962,-0.0161979,490.5,0.000191311
1.963,-0.00369516,,,1.963,0.00551737,490.75,9.83E-05,1.963,-0.0168559,490.75,0.000177484,1.963,-0.01883,490.75,0.00020409
1.964,0.000582086,,,1.964,0.0107817,491,9.44E-05,1.964,-0.0161979,491,0.000125447,1.964,-0.0208041,491,0.000230237
1.965,0.00551737,,,1.965,0.015717,491.25,9.96E-05,1.965,-0.0138947,491.25,0.000135603,1.965,-0.0227783,491.25,0.000205106
1.966,0.00979461,,,1.966,0.0199942,491.5,0.000151318,1.966,-0.0115916,491.5,0.000203219,1.966,-0.0231073,491.5,0.000248255
1.967,0.0137428,,,1.967,0.0229554,491.75,0.000169632,1.967,-0.0096175,491.75,0.000258312,1.967,-0.0237653,491.75,0.000227084
1.968,0.016704,,,1.968,0.0252585,492,0.000129342,1.968,-0.00665633,492,0.000278207,1.968,-0.0231073,492,0.00022417
1.969,0.0196652,,,1.969,0.0275616,492.25,0.000108567,1.969,-0.00369516,492.25,0.000248801,1.969,-0.0224492,492.25,0.000218711
1.97,0.0216393,,,1.97,0.0285487,492.5,0.000191603,1.97,-0.00139203,492.5,0.000190439,1.97,-0.0214622,492.5,0.00019755
1.971,0.0236134,,,1.971,0.0292067,492.75,0.000241331,1.971,0.00189816,492.75,0.00011583,1.971,-0.0194881,492.75,0.000182745
1.972,0.0242714,,,1.972,0.0282197,493,0.000213175,1.972,0.00387227,493,8.70E-05,1.972,-0.0168559,493,0.000157733
1.973,0.0236134,,,1.973,0.0265746,493.25,0.000152063,1.973,0.00650443,493.25,7.43E-05,1.973,-0.0142238,493.25,0.000140819
1.974,0.0226264,,,1.974,0.0239424,493.5,0.000158283,1.974,0.00880756,493.5,6.46E-05,1.974,-0.0112626,493.5,0.000112078
1.975,0.0213103,,,1.975,0.0209813,493.75,0.000184439,1.975,0.0107817,493.75,3.66E-05,1.975,-0.00797241,493.75,0.00010546
1.976,0.0190071,,,1.976,0.0130848,494,0.000214545,1.976,0.0117687,494,7.56E-05,1.976,-0.0043532,494,8.32E-05
1.977,0.016375,,,1.977,0.00650443,494.25,0.000205785,1.977,0.0130848,494.25,0.000154341,1.977,-0.00106301,494.25,6.46E-05
1.978,0.0130848,,,1.978,0.00847854,494.5,0.000242049,1.978,0.0137428,494.5,0.000179129,1.978,0.0025562,494.5,5.14E-05
1.979,0.0094656,,,1.979,0.00387227,494.75,0.000367125,1.979,0.0134138,494.75,0.000175151,1.979,0.00584639,494.75,4.45E-05
1.98,0.00551737,,,1.98,-0.00237908,495,0.000467504,1.98,0.0130848,495,0.00015834,1.98,0.00847854,495,3.05E-05
1.981,0.000911104,,,1.981,-0.00797241,495.25,0.000435167,1.981,0.0117687,495.25,9.37E-05,1.981,0.0111107,495.25,6.29E-05
1.982,-0.00303712,,,1.982,-0.0109336,495.5,0.000310473,1.982,0.0107817,495.5,7.64E-05,1.982,0.0140719,495.5,9.19E-05
1.983,-0.00731437,,,1.983,-0.0171849,495.75,0.000155776,1.983,0.00847854,495.75,7.05E-05,1.983,0.015717,495.75,0.000105559
1.984,-0.0122497,,,1.984,-0.0214622,496,2.52E-05,1.984,0.00650443,496,0.000105217,1.984,0.016704,496,0.000111042
1.985,-0.0148818,,,1.985,-0.0247524,496.25,0.000231803,1.985,0.00387227,496.25,9.34E-05,1.985,0.017362,496.25,0.000130585
1.986,-0.0194881,,,1.986,-0.0283716,496.5,0.000391365,1.986,0.00189816,496.5,7.27E-05,1.986,0.017362,496.5,0.000129774
1.987,-0.0227783,,,1.987,-0.0306747,496.75,0.000375967,1.987,-0.00106301,496.75,4.13E-05,1.987,0.0176911,496.75,0.00012788
1.988,-0.0244234,,,1.988,-0.0326488,497,0.000184583,1.988,-0.00402418,497,4.45E-05,1.988,0.016704,497,0.000129582
1.989,-0.0273845,,,1.989,-0.0333069,497.25,0.000166207,1.989,-0.00665633,497.25,4.53E-05,1.989,0.0150589,497.25,9.82E-05
1.99,-0.0280426,,,1.99,-0.0333069,497.5,0.000435727,1.99,-0.00863044,497.5,6.41E-05,1.99,0.0127558,497.5,0.000106086
1.991,-0.0287006,,,1.991,-0.0319908,497.75,0.000538186,1.991,-0.0109336,497.75,0.000100698,1.991,0.0104527,497.75,9.65E-05
1.992,-0.0283716,,,1.992,-0.0306747,498,0.000455256,1.992,-0.0129077,498,0.000134337,1.992,0.00749148,498,6.95E-05
1.993,-0.0270555,,,1.993,-0.0273845,498.25,0.000235786,1.993,-0.0148818,498.25,0.000148757,1.993,0.00387227,498.25,7.93E-05
1.994,-0.0254104,,,1.994,-0.0240943,498.5,6.30E-05,1.994,-0.0165269,498.5,9.33E-05,1.994,0.000911104,498.5,7.10E-05
1.995,-0.0227783,,,1.995,-0.0201461,498.75,0.000170058,1.995,-0.017843,498.75,6.24E-05,1.995,-0.00237908,498.75,7.30E-05
1.996,-0.0201461,,,1.996,-0.0161979,499,0.000308697,1.996,-0.01883,499,9.73E-05,1.996,-0.00566927,499,7.51E-05
1.997,-0.0165269,,,1.997,-0.0112626,499.25,0.000389927,1.997,-0.018501,499.25,0.000128392,1.997,-0.00928848,499.25,8.16E-05
1.998,-0.0129077,,,1.998,-0.00599829,499.5,0.000378369,1.998,-0.01883,499.5,0.000149196,1.998,-0.0125787,499.5,9.56E-05
1.999,-0.00797241,,,1.999,-0.00073399,499.75,0.000250456,1.999,-0.017843,499.75,0.000145835,1.999,-0.0152108,499.75,0.000102454
2,-0.00402418,,,2,0.00354326,,,2,-0.0168559,,,2,-0.017514,,
2.001,0.000582086,,,2.001,0.00880756,,,2.001,-0.0155398,,,2.001,-0.0198171,,
2.002,0.00420129,,,2.002,0.0134138,,,2.002,-0.0142238,,,2.002,-0.0211332,,
2.003,0.00847854,,,2.003,0.017362,,,2.003,-0.0112626,,,2.003,-0.0221202,,
2.004,0.0117687,,,2.004,0.0209813,,,2.004,-0.00895946,,,2.004,-0.0224492,,
2.005,0.0153879,,,2.005,0.0236134,,,2.005,-0.00632731,,,2.005,-0.0221202,,
2.006,0.0176911,,,2.006,0.0252585,,,2.006,-0.00402418,,,2.006,-0.0217912,,
2.007,0.0206522,,,2.007,0.0262456,,,2.007,-0.00139203,,,2.007,-0.0208041,,
2.008,0.0219683,,,2.008,0.0269036,,,2.008,0.00189816,,,2.008,-0.019159,,
2.009,0.0229554,,,2.009,0.0262456,,,2.009,0.00420129,,,2.009,-0.0165269,,
2.01,0.0219683,,,2.01,0.0259165,,,2.01,0.00650443,,,2.01,-0.0138947,,
2.011,0.0219683,,,2.011,0.0226264,,,2.011,0.00814952,,,2.011,-0.0106046,,
2.012,0.0199942,,,2.012,0.0199942,,,2.012,0.0094656,,,2.012,-0.00797241,,
2.013,0.0186781,,,2.013,0.017033,,,2.013,0.0111107,,,2.013,-0.00501124,,
2.014,0.0153879,,,2.014,0.0127558,,,2.014,0.0117687,,,2.014,-0.00172105,,
2.015,0.0127558,,,2.015,0.0078205,,,2.015,0.0124268,,,2.015,0.00124012,,
2.016,0.00880756,,,2.016,0.00354326,,,2.016,0.0120977,,,2.016,0.00453031,,
2.017,0.00485933,,,2.017,-0.00106301,,,2.017,0.0114397,,,2.017,0.0078205,,
2.018,0.000911104,,,2.018,-0.00665633,,,2.018,0.0107817,,,2.018,0.0107817,,
2.019,-0.00336614,,,2.019,-0.0119206,,,2.019,0.0094656,,,2.019,0.0124268,,
2.02,-0.00797241,,,2.02,-0.0158689,,,2.02,0.00814952,,,2.02,0.0150589,,
2.021,-0.0115916,,,2.021,-0.0201461,,,2.021,0.00650443,,,2.021,0.015717,,
2.022,-0.0158689,,,2.022,-0.0237653,,,2.022,0.00387227,,,2.022,0.016375,,
2.023,-0.018172,,,2.023,-0.0273845,,,2.023,0.00189816,,,2.023,0.017033,,
2.024,-0.0214622,,,2.024,-0.0296877,,,2.024,-0.00106301,,,2.024,0.016704,,
2.025,-0.0244234,,,2.025,-0.0310037,,,2.025,-0.00303712,,,2.025,0.0153879,,
2.026,-0.0257394,,,2.026,-0.0313328,,,2.026,-0.00599829,,,2.026,0.0137428,,
2.027,-0.0267265,,,2.027,-0.0316618,,,2.027,-0.00797241,,,2.027,0.0120977,,
2.028,-0.0273845,,,2.028,-0.0310037,,,2.028,-0.0102755,,,2.028,0.0101236,,
2.029,-0.0270555,,,2.029,-0.0293586,,,2.029,-0.0129077,,,2.029,0.00683344,,
2.03,-0.0257394,,,2.03,-0.0267265,,,2.03,-0.0145528,,,2.03,0.00420129,,
2.031,-0.0247524,,,2.031,-0.0231073,,,2.031,-0.0158689,,,2.031,0.000911104,,
2.032,-0.0211332,,,2.032,-0.0201461,,,2.032,-0.0165269,,,2.032,-0.00205007,,
2.033,-0.019159,,,2.033,-0.0155398,,,2.033,-0.017843,,,2.033,-0.00566927,,
2.034,-0.0152108,,,2.034,-0.0115916,,,2.034,-0.017843,,,2.034,-0.00863044,,
2.035,-0.0122497,,,2.035,-0.00665633,,,2.035,-0.017514,,,2.035,-0.0115916,,
2.036,-0.00797241,,,2.036,-0.00205007,,,2.036,-0.0165269,,,2.036,-0.0145528,,
2.037,-0.00402418,,,2.037,0.0025562,,,2.037,-0.0158689,,,2.037,-0.0171849,,
2.038,0.000582086,,,2.038,0.00683344,,,2.038,-0.0142238,,,2.038,-0.018172,,
2.039,0.00387227,,,2.039,0.0117687,,,2.039,-0.0125787,,,2.039,-0.0198171,,
2.04,0.00814952,,,2.04,0.0153879,,,2.04,-0.0109336,,,2.04,-0.0208041,,
2.041,0.0107817,,,2.041,0.0186781,,,2.041,-0.00863044,,,2.041,-0.0211332,,
2.042,0.0137428,,,2.042,0.0209813,,,2.042,-0.00599829,,,2.042,-0.0208041,,
2.043,0.017362,,,2.043,0.0239424,,,2.043,-0.00303712,,,2.043,-0.0204751,,
2.044,0.0183491,,,2.044,0.0249295,,,2.044,-0.00139203,,,2.044,-0.0194881,,
2.045,0.0203232,,,2.045,0.0255875,,,2.045,0.00156914,,,2.045,-0.018172,,
2.046,0.0203232,,,2.046,0.0252585,,,2.046,0.00387227,,,2.046,-0.0161979,,
2.047,0.0216393,,,2.047,0.0242714,,,2.047,0.00551737,,,2.047,-0.0142238,,
2.048,0.0203232,,,2.048,0.0232844,,,2.048,0.00683344,,,2.048,-0.0109336,,
2.049,0.0193362,,,2.049,0.0180201,,,2.049,0.00913658,,,2.049,-0.00830143,,
2.05,0.017362,,,2.05,0.0147299,,,2.05,0.00979461,,,2.05,-0.00566927,,
2.051,0.0150589,,,2.051,0.0140719,,,2.051,0.0107817,,,2.051,-0.00237908,,
2.052,0.0114397,,,2.052,0.0078205,,,2.052,0.0111107,,,2.052,0.000911104,,
2.053,0.00880756,,,2.053,0.00354326,,,2.053,0.0111107,,,2.053,0.00420129,,
2.054,0.00551737,,,2.054,-7.60E-05,,,2.054,0.0107817,,,2.054,0.00716246,,
2.055,0.00156914,,,2.055,-0.00534025,,,2.055,0.0101236,,,2.055,0.00979461,,
2.056,-0.00303712,,,2.056,-0.0102755,,,2.056,0.00880756,,,2.056,0.0120977,,
2.057,-0.00632731,,,2.057,-0.0152108,,,2.057,0.00749148,,,2.057,0.0130848,,
2.058,-0.0102755,,,2.058,-0.017843,,,2.058,0.00617541,,,2.058,0.0147299,,
2.059,-0.0138947,,,2.059,-0.0224492,,,2.059,0.00420129,,,2.059,0.0150589,,
2.06,-0.017843,,,2.06,-0.0247524,,,2.06,0.00156914,,,2.06,0.015717,,
2.061,-0.0198171,,,2.061,-0.0277135,,,2.061,-0.00139203,,,2.061,0.0150589,,
2.062,-0.0227783,,,2.062,-0.0290296,,,2.062,-0.00336614,,,2.062,0.0144009,,
2.063,-0.0237653,,,2.063,-0.0296877,,,2.063,-0.00566927,,,2.063,0.0130848,,
2.064,-0.0250814,,,2.064,-0.0293586,,,2.064,-0.00764339,,,2.064,0.0117687,,
2.065,-0.0254104,,,2.065,-0.0287006,,,2.065,-0.00994652,,,2.065,0.00913658,,
2.066,-0.0254104,,,2.066,-0.0270555,,,2.066,-0.0122497,,,2.066,0.00650443,,
2.067,-0.0237653,,,2.067,-0.0254104,,,2.067,-0.0138947,,,2.067,0.00354326,,
2.068,-0.0227783,,,2.068,-0.0231073,,,2.068,-0.0152108,,,2.068,0.000582086,,
2.069,-0.0201461,,,2.069,-0.019159,,,2.069,-0.0165269,,,2.069,-0.00237908,,
2.07,-0.017843,,,2.07,-0.0152108,,,2.07,-0.0165269,,,2.07,-0.00566927,,
2.071,-0.0152108,,,2.071,-0.0119206,,,2.071,-0.0171849,,,2.071,-0.00764339,,
2.072,-0.0115916,,,2.072,-0.00731437,,,2.072,-0.0168559,,,2.072,-0.0109336,,
2.073,-0.00830143,,,2.073,-0.00303712,,,2.073,-0.0158689,,,2.073,-0.0138947,,
2.074,-0.00402418,,,2.074,0.00189816,,,2.074,-0.0152108,,,2.074,-0.0152108,,
2.075,-0.000404971,,,2.075,0.00650443,,,2.075,-0.0132367,,,2.075,-0.017514,,
2.076,0.00354326,,,2.076,0.00979461,,,2.076,-0.0115916,,,2.076,-0.019159,,
2.077,0.00683344,,,2.077,0.0140719,,,2.077,-0.00994652,,,2.077,-0.0198171,,
2.078,0.00979461,,,2.078,0.016375,,,2.078,-0.00830143,,,2.078,-0.0201461,,
2.079,0.0127558,,,2.079,0.0199942,,,2.079,-0.00566927,,,2.079,-0.0204751,,
2.08,0.015717,,,2.08,0.0216393,,,2.08,-0.00369516,,,2.08,-0.0201461,,
2.081,0.017362,,,2.081,0.0232844,,,2.081,-0.00172105,,,2.081,-0.01883,,
2.082,0.0196652,,,2.082,0.0236134,,,2.082,0.00124012,,,2.082,-0.017843,,
2.083,0.0190071,,,2.083,0.0236134,,,2.083,0.0025562,,,2.083,-0.0161979,,
2.084,0.0203232,,,2.084,0.0226264,,,2.084,0.00485933,,,2.084,-0.0132367,,
2.085,0.0186781,,,2.085,0.0209813,,,2.085,0.00650443,,,2.085,-0.0112626,,
2.086,0.0180201,,,2.086,0.0183491,,,2.086,0.00716246,,,2.086,-0.00830143,,
2.087,0.015717,,,2.087,0.0153879,,,2.087,0.00913658,,,2.087,-0.00534025,,
2.088,0.0144009,,,2.088,0.0120977,,,2.088,0.0104527,,,2.088,-0.0027081,,
2.089,0.0117687,,,2.089,0.0078205,,,2.089,0.0101236,,,2.089,0.000911104,,
2.09,0.00814952,,,2.09,0.00420129,,,2.09,0.0107817,,,2.09,0.00354326,,
2.091,0.00387227,,,2.091,-0.000404971,,,2.091,0.0104527,,,2.091,0.00650443,,
2.092,0.00124012,,,2.092,-0.00534025,,,2.092,0.00913658,,,2.092,0.00913658,,
2.093,-0.00303712,,,2.093,-0.00863044,,,2.093,0.00847854,,,2.093,0.0101236,,
2.094,-0.00632731,,,2.094,-0.0132367,,,2.094,0.00650443,,,2.094,0.0124268,,
2.095,-0.0102755,,,2.095,-0.017514,,,2.095,0.00584639,,,2.095,0.0137428,,
2.096,-0.0129077,,,2.096,-0.0198171,,,2.096,0.00288522,,,2.096,0.0140719,,
2.097,-0.0161979,,,2.097,-0.0234363,,,2.097,0.000911104,,,2.097,0.0144009,,
2.098,-0.019159,,,2.098,-0.0254104,,,2.098,-0.00139203,,,2.098,0.0137428,,
2.099,-0.0208041,,,2.099,-0.0273845,,,2.099,-0.00303712,,,2.099,0.0130848,,
2.1,-0.0231073,,,2.1,-0.0273845,,,2.1,-0.00599829,,,2.1,0.0120977,,
2.101,-0.0237653,,,2.101,-0.0280426,,,2.101,-0.00797241,,,2.101,0.0107817,,
2.102,-0.0244234,,,2.102,-0.0277135,,,2.102,-0.00994652,,,2.102,0.00880756,,
2.103,-0.0240943,,,2.103,-0.0273845,,,2.103,-0.0115916,,,2.103,0.00584639,,
2.104,-0.0227783,,,2.104,-0.0247524,,,2.104,-0.0132367,,,2.104,0.00354326,,
2.105,-0.0221202,,,2.105,-0.0224492,,,2.105,-0.0148818,,,2.105,0.000253067,,
2.106,-0.0198171,,,2.106,-0.01883,,,2.106,-0.0152108,,,2.106,-0.00172105,,
2.107,-0.017514,,,2.107,-0.0155398,,,2.107,-0.0155398,,,2.107,-0.00468222,,
2.108,-0.0152108,,,2.108,-0.0122497,,,2.108,-0.0158689,,,2.108,-0.00698535,,
2.109,-0.0112626,,,2.109,-0.00797241,,,2.109,-0.0161979,,,2.109,-0.00994652,,
2.11,-0.00830143,,,2.11,-0.00303712,,,2.11,-0.0152108,,,2.11,-0.0125787,,
2.111,-0.00501124,,,2.111,0.00124012,,,2.111,-0.0138947,,,2.111,-0.0142238,,
2.112,-0.00073399,,,2.112,0.00518835,,,2.112,-0.0125787,,,2.112,-0.0171849,,
2.113,0.00321424,,,2.113,0.0094656,,,2.113,-0.0115916,,,2.113,-0.017843,,
2.114,0.00650443,,,2.114,0.0130848,,,2.114,-0.00994652,,,2.114,-0.019159,,
2.115,0.0094656,,,2.115,0.016046,,,2.115,-0.00863044,,,2.115,-0.0194881,,
2.116,0.0114397,,,2.116,0.0186781,,,2.116,-0.00599829,,,2.116,-0.0198171,,
2.117,0.0150589,,,2.117,0.0206522,,,2.117,-0.0043532,,,2.117,-0.0194881,,
2.118,0.016704,,,2.118,0.0216393,,,2.118,-0.00172105,,,2.118,-0.018501,,
2.119,0.0180201,,,2.119,0.0229554,,,2.119,-7.60E-05,,,2.119,-0.0168559,,
2.12,0.0186781,,,2.12,0.0219683,,,2.12,0.00222718,,,2.12,-0.0152108,,
2.121,0.0186781,,,2.121,0.0216393,,,2.121,0.00387227,,,2.121,-0.0125787,,
2.122,0.0176911,,,2.122,0.0196652,,,2.122,0.00617541,,,2.122,-0.0106046,,
2.123,0.017033,,,2.123,0.017362,,,2.123,0.0078205,,,2.123,-0.00830143,,
2.124,0.0147299,,,2.124,0.0150589,,,2.124,0.00847854,,,2.124,-0.00534025,,
2.125,0.0130848,,,2.125,0.0117687,,,2.125,0.0094656,,,2.125,-0.00237908,,
2.126,0.0104527,,,2.126,0.00814952,,,2.126,0.0094656,,,2.126,0.000582086,,
2.127,0.0078205,,,2.127,0.00485933,,,2.127,0.00979461,,,2.127,0.00288522,,
2.128,0.00420129,,,2.128,0.000911104,,,2.128,0.0094656,,,2.128,0.00518835,,
2.129,0.000911104,,,2.129,-0.00369516,,,2.129,0.00814952,,,2.129,0.0078205,,
2.13,-0.00205007,,,2.13,-0.00764339,,,2.13,0.0078205,,,2.13,0.0094656,,
2.131,-0.00599829,,,2.131,-0.0119206,,,2.131,0.00551737,,,2.131,0.0111107,,
2.132,-0.00895946,,,2.132,-0.0155398,,,2.132,0.00485933,,,2.132,0.0120977,,
2.133,-0.0119206,,,2.133,-0.018501,,,2.133,0.00222718,,,2.133,0.0134138,,
2.134,-0.0155398,,,2.134,-0.0214622,,,2.134,0.000253067,,,2.134,0.0130848,,
2.135,-0.017843,,,2.135,-0.0237653,,,2.135,-0.00139203,,,2.135,0.0134138,,
2.136,-0.0201461,,,2.136,-0.0250814,,,2.136,-0.00369516,,,2.136,0.0127558,,
2.137,-0.0214622,,,2.137,-0.0267265,,,2.137,-0.00534025,,,2.137,0.0114397,,
2.138,-0.0227783,,,2.138,-0.0267265,,,2.138,-0.00764339,,,2.138,0.0101236,,
2.139,-0.0227783,,,2.139,-0.0267265,,,2.139,-0.0096175,,,2.139,0.00814952,,
2.14,-0.0227783,,,2.14,-0.0254104,,,2.14,-0.0112626,,,2.14,0.00650443,,
2.141,-0.0227783,,,2.141,-0.0237653,,,2.141,-0.0122497,,,2.141,0.00354326,,
2.142,-0.0208041,,,2.142,-0.0217912,,,2.142,-0.0135657,,,2.142,0.00124012,,
2.143,-0.0194881,,,2.143,-0.01883,,,2.143,-0.0142238,,,2.143,-0.00172105,,
2.144,-0.0165269,,,2.144,-0.0152108,,,2.144,-0.0148818,,,2.144,-0.00402418,,
2.145,-0.0142238,,,2.145,-0.0122497,,,2.145,-0.0148818,,,2.145,-0.00665633,,
2.146,-0.0115916,,,2.146,-0.00797241,,,2.146,-0.0145528,,,2.146,-0.00928848,,
2.147,-0.00797241,,,2.147,-0.00369516,,,2.147,-0.0138947,,,2.147,-0.0119206,,
2.148,-0.00402418,,,2.148,0.000253067,,,2.148,-0.0135657,,,2.148,-0.0145528,,
2.149,-0.00106301,,,2.149,0.00420129,,,2.149,-0.0122497,,,2.149,-0.0152108,,
2.15,0.00222718,,,2.15,0.00814952,,,2.15,-0.0109336,,,2.15,-0.0171849,,
2.151,0.00551737,,,2.151,0.0107817,,,2.151,-0.0096175,,,2.151,-0.017843,,
2.152,0.00880756,,,2.152,0.0140719,,,2.152,-0.00731437,,,2.152,-0.018501,,
2.153,0.0124268,,,2.153,0.016375,,,2.153,-0.00566927,,,2.153,-0.017843,,
2.154,0.0130848,,,2.154,0.0193362,,,2.154,-0.00402418,,,2.154,-0.018172,,
2.155,0.0153879,,,2.155,0.0203232,,,2.155,-0.00139203,,,2.155,-0.0171849,,
2.156,0.016046,,,2.156,0.0206522,,,2.156,0.000582086,,,2.156,-0.0158689,,
2.157,0.016704,,,2.157,0.0206522,,,2.157,0.00222718,,,2.157,-0.0145528,,
2.158,0.017362,,,2.158,0.0193362,,,2.158,0.00387227,,,2.158,-0.0119206,,
2.159,0.016704,,,2.159,0.0186781,,,2.159,0.00551737,,,2.159,-0.00994652,,
2.16,0.015717,,,2.16,0.017033,,,2.16,0.00716246,,,2.16,-0.00797241,,
2.161,0.0140719,,,2.161,0.0150589,,,2.161,0.0078205,,,2.161,-0.00566927,,
2.162,0.0124268,,,2.162,0.0111107,,,2.162,0.00913658,,,2.162,-0.00237908,,
2.163,0.00979461,,,2.163,0.00814952,,,2.163,0.00880756,,,2.163,0.000253067,,
2.164,0.00716246,,,2.164,0.00453031,,,2.164,0.00880756,,,2.164,0.00189816,,
2.165,0.00420129,,,2.165,0.000911104,,,2.165,0.00814952,,,2.165,0.00453031,,
2.166,0.00156914,,,2.166,-0.00303712,,,2.166,0.00716246,,,2.166,0.00716246,,
2.167,-0.00205007,,,2.167,-0.00698535,,,2.167,0.00617541,,,2.167,0.00847854,,
2.168,-0.00534025,,,2.168,-0.0109336,,,2.168,0.00518835,,,2.168,0.0101236,,
2.169,-0.00895946,,,2.169,-0.0138947,,,2.169,0.00321424,,,2.169,0.0107817,,
2.17,-0.0119206,,,2.17,-0.0171849,,,2.17,0.00156914,,,2.17,0.0127558,,
2.171,-0.0148818,,,2.171,-0.0208041,,,2.171,-7.60E-05,,,2.171,0.0127558,,
2.172,-0.0168559,,,2.172,-0.0227783,,,2.172,-0.00172105,,,2.172,0.0127558,,
2.173,-0.019159,,,2.173,-0.0247524,,,2.173,-0.00336614,,,2.173,0.0124268,,
2.174,-0.0204751,,,2.174,-0.0257394,,,2.174,-0.00599829,,,2.174,0.0104527,,
2.175,-0.0214622,,,2.175,-0.0260684,,,2.175,-0.00731437,,,2.175,0.00979461,,
2.176,-0.0221202,,,2.176,-0.0260684,,,2.176,-0.00895946,,,2.176,0.0078205,,
2.177,-0.0214622,,,2.177,-0.0250814,,,2.177,-0.0106046,,,2.177,0.00617541,,
2.178,-0.0214622,,,2.178,-0.0224492,,,2.178,-0.0115916,,,2.178,0.00387227,,
2.179,-0.0201461,,,2.179,-0.0211332,,,2.179,-0.0129077,,,2.179,0.000582086,,
2.18,-0.017514,,,2.18,-0.018501,,,2.18,-0.0138947,,,2.18,-0.00139203,,
2.181,-0.0158689,,,2.181,-0.0155398,,,2.181,-0.0145528,,,2.181,-0.0043532,,
2.182,-0.0132367,,,2.182,-0.0119206,,,2.182,-0.0138947,,,2.182,-0.00665633,,
2.183,-0.00994652,,,2.183,-0.00830143,,,2.183,-0.0145528,,,2.183,-0.00928848,,
2.184,-0.00764339,,,2.184,-0.00402418,,,2.184,-0.0138947,,,2.184,-0.0109336,,
2.185,-0.00402418,,,2.185,-0.00106301,,,2.185,-0.0125787,,,2.185,-0.0129077,,
2.186,-0.00106301,,,2.186,0.0025562,,,2.186,-0.0115916,,,2.186,-0.0148818,,
2.187,0.00222718,,,2.187,0.00683344,,,2.187,-0.0106046,,,2.187,-0.0161979,,
2.188,0.00485933,,,2.188,0.0101236,,,2.188,-0.00928848,,,2.188,-0.0171849,,
2.189,0.00814952,,,2.189,0.0130848,,,2.189,-0.00665633,,,2.189,-0.017514,,
2.19,0.0104527,,,2.19,0.0153879,,,2.19,-0.00501124,,,2.19,-0.0168559,,
2.191,0.0127558,,,2.191,0.017033,,,2.191,-0.0027081,,,2.191,-0.0165269,,
2.192,0.0144009,,,2.192,0.0190071,,,2.192,-0.00139203,,,2.192,-0.0165269,,
2.193,0.015717,,,2.193,0.0183491,,,2.193,0.000253067,,,2.193,-0.0152108,,
2.194,0.016046,,,2.194,0.0196652,,,2.194,0.00222718,,,2.194,-0.0135657,,
2.195,0.016375,,,2.195,0.0190071,,,2.195,0.00354326,,,2.195,-0.0115916,,
2.196,0.015717,,,2.196,0.0180201,,,2.196,0.00551737,,,2.196,-0.0102755,,
2.197,0.0150589,,,2.197,0.016704,,,2.197,0.00617541,,,2.197,-0.00764339,,
2.198,0.0137428,,,2.198,0.0140719,,,2.198,0.00650443,,,2.198,-0.00534025,,
2.199,0.0114397,,,2.199,0.0114397,,,2.199,0.00716246,,,2.199,-0.00303712,,
2.2,0.00979461,,,2.2,0.00880756,,,2.2,0.0078205,,,2.2,-0.00073399,,
2.201,0.00683344,,,2.201,0.00453031,,,2.201,0.00749148,,,2.201,0.00189816,,
2.202,0.00420129,,,2.202,0.000911104,,,2.202,0.00716246,,,2.202,0.00420129,,
2.203,0.00124012,,,2.203,-0.0027081,,,2.203,0.00683344,,,2.203,0.00584639,,
2.204,-0.00172105,,,2.204,-0.00599829,,,2.204,0.00584639,,,2.204,0.0078205,,
2.205,-0.00566927,,,2.205,-0.0096175,,,2.205,0.00453031,,,2.205,0.00979461,,
2.206,-0.00863044,,,2.206,-0.0132367,,,2.206,0.00321424,,,2.206,0.0107817,,
2.207,-0.0115916,,,2.207,-0.0165269,,,2.207,0.00156914,,,2.207,0.0117687,,
2.208,-0.0142238,,,2.208,-0.0194881,,,2.208,0.000253067,,,2.208,0.0120977,,
2.209,-0.0165269,,,2.209,-0.0214622,,,2.209,-0.00106301,,,2.209,0.0120977,,
2.21,-0.018172,,,2.21,-0.0227783,,,2.21,-0.00402418,,,2.21,0.0117687,,
2.211,-0.0194881,,,2.211,-0.0231073,,,2.211,-0.00501124,,,2.211,0.0101236,,
2.212,-0.0204751,,,2.212,-0.0240943,,,2.212,-0.00698535,,,2.212,0.00913658,,
2.213,-0.0204751,,,2.213,-0.0240943,,,2.213,-0.00895946,,,2.213,0.00716246,,
2.214,-0.0204751,,,2.214,-0.0234363,,,2.214,-0.0102755,,,2.214,0.00518835,,
2.215,-0.0198171,,,2.215,-0.0214622,,,2.215,-0.0115916,,,2.215,0.00321424,,
2.216,-0.018501,,,2.216,-0.0194881,,,2.216,-0.0122497,,,2.216,0.000911104,,
2.217,-0.0165269,,,2.217,-0.017514,,,2.217,-0.0132367,,,2.217,-0.00139203,,
2.218,-0.0148818,,,2.218,-0.0152108,,,2.218,-0.0135657,,,2.218,-0.00369516,,
2.219,-0.0122497,,,2.219,-0.0115916,,,2.219,-0.0135657,,,2.219,-0.00632731,,
2.22,-0.00994652,,,2.22,-0.00895946,,,2.22,-0.0135657,,,2.22,-0.00830143,,
2.221,-0.00731437,,,2.221,-0.00501124,,,2.221,-0.0135657,,,2.221,-0.0102755,,
2.222,-0.00468222,,,2.222,-0.00073399,,,2.222,-0.0125787,,,2.222,-0.0122497,,
2.223,-0.00172105,,,2.223,0.0025562,,,2.223,-0.0109336,,,2.223,-0.0132367,,
2.224,0.00156914,,,2.224,0.00551737,,,2.224,-0.00928848,,,2.224,-0.0155398,,
2.225,0.00453031,,,2.225,0.00880756,,,2.225,-0.00797241,,,2.225,-0.0158689,,
2.226,0.00749148,,,2.226,0.0114397,,,2.226,-0.00599829,,,2.226,-0.0168559,,
2.227,0.00979461,,,2.227,0.0144009,,,2.227,-0.00501124,,,2.227,-0.0168559,,
2.228,0.0117687,,,2.228,0.015717,,,2.228,-0.00336614,,,2.228,-0.0165269,,
2.229,0.0127558,,,2.229,0.017362,,,2.229,-0.00106301,,,2.229,-0.0158689,,
2.23,0.0140719,,,2.23,0.0180201,,,2.23,0.000582086,,,2.23,-0.0152108,,
2.231,0.0153879,,,2.231,0.0183491,,,2.231,0.00156914,,,2.231,-0.0135657,,
2.232,0.015717,,,2.232,0.0183491,,,2.232,0.00288522,,,2.232,-0.0119206,,
2.233,0.0147299,,,2.233,0.017362,,,2.233,0.00485933,,,2.233,-0.0102755,,
2.234,0.0140719,,,2.234,0.015717,,,2.234,0.00551737,,,2.234,-0.00764339,,
2.235,0.0127558,,,2.235,0.0130848,,,2.235,0.00617541,,,2.235,-0.00599829,,
2.236,0.0117687,,,2.236,0.0104527,,,2.236,0.00683344,,,2.236,-0.00303712,,
2.237,0.0094656,,,2.237,0.00716246,,,2.237,0.00716246,,,2.237,-0.000404971,,
2.238,0.00617541,,,2.238,0.00420129,,,2.238,0.00716246,,,2.238,0.00124012,,
2.239,0.00321424,,,2.239,0.00124012,,,2.239,0.00683344,,,2.239,0.00387227,,
2.24,0.000253067,,,2.24,-0.00205007,,,2.24,0.00584639,,,2.24,0.00617541,,
2.241,-0.00205007,,,2.241,-0.00632731,,,2.241,0.00518835,,,2.241,0.00716246,,
2.242,-0.00501124,,,2.242,-0.00895946,,,2.242,0.00420129,,,2.242,0.00880756,,
2.243,-0.00830143,,,2.243,-0.0125787,,,2.243,0.00288522,,,2.243,0.0101236,,
2.244,-0.0112626,,,2.244,-0.0152108,,,2.244,0.00156914,,,2.244,0.0101236,,
2.245,-0.0135657,,,2.245,-0.017514,,,2.245,-7.60E-05,,,2.245,0.0107817,,
2.246,-0.0148818,,,2.246,-0.0198171,,,2.246,-0.00172105,,,2.246,0.0107817,,
2.247,-0.0168559,,,2.247,-0.0217912,,,2.247,-0.00336614,,,2.247,0.0104527,,
2.248,-0.018172,,,2.248,-0.0221202,,,2.248,-0.00501124,,,2.248,0.00913658,,
2.249,-0.0194881,,,2.249,-0.0231073,,,2.249,-0.00731437,,,2.249,0.00814952,,
2.25,-0.0194881,,,2.25,-0.0224492,,,2.25,-0.00830143,,,2.25,0.00650443,,
2.251,-0.01883,,,2.251,-0.0224492,,,2.251,-0.0096175,,,2.251,0.00485933,,
2.252,-0.01883,,,2.252,-0.0214622,,,2.252,-0.0109336,,,2.252,0.00288522,,
2.253,-0.017514,,,2.253,-0.0194881,,,2.253,-0.0119206,,,2.253,0.000911104,,
2.254,-0.0158689,,,2.254,-0.0171849,,,2.254,-0.0125787,,,2.254,-0.00106301,,
2.255,-0.0142238,,,2.255,-0.0145528,,,2.255,-0.0125787,,,2.255,-0.00369516,,
2.256,-0.0119206,,,2.256,-0.0115916,,,2.256,-0.0129077,,,2.256,-0.00534025,,
2.257,-0.00895946,,,2.257,-0.00863044,,,2.257,-0.0119206,,,2.257,-0.00797241,,
2.258,-0.00731437,,,2.258,-0.00534025,,,2.258,-0.0115916,,,2.258,-0.0102755,,
2.259,-0.0043532,,,2.259,-0.00106301,,,2.259,-0.0106046,,,2.259,-0.0119206,,
2.26,-0.00106301,,,2.26,0.00156914,,,2.26,-0.00994652,,,2.26,-0.0129077,,
2.261,0.00156914,,,2.261,0.00551737,,,2.261,-0.00863044,,,2.261,-0.0148818,,
2.262,0.00453031,,,2.262,0.00814952,,,2.262,-0.00731437,,,2.262,-0.0155398,,
2.263,0.00716246,,,2.263,0.0104527,,,2.263,-0.00599829,,,2.263,-0.0161979,,
2.264,0.0094656,,,2.264,0.0134138,,,2.264,-0.00369516,,,2.264,-0.0158689,,
2.265,0.0111107,,,2.265,0.0150589,,,2.265,-0.00336614,,,2.265,-0.0158689,,
2.266,0.0130848,,,2.266,0.016704,,,2.266,-0.00139203,,,2.266,-0.0152108,,
2.267,0.0137428,,,2.267,0.017362,,,2.267,0.000582086,,,2.267,-0.0142238,,
2.268,0.0144009,,,2.268,0.017033,,,2.268,0.00156914,,,2.268,-0.0129077,,
2.269,0.0147299,,,2.269,0.016375,,,2.269,0.00288522,,,2.269,-0.0109336,,
2.27,0.0140719,,,2.27,0.0153879,,,2.27,0.00420129,,,2.27,-0.00928848,,
2.271,0.0134138,,,2.271,0.0140719,,,2.271,0.00518835,,,2.271,-0.00731437,,
2.272,0.0114397,,,2.272,0.0120977,,,2.272,0.00584639,,,2.272,-0.00534025,,
2.273,0.0101236,,,2.273,0.0104527,,,2.273,0.00617541,,,2.273,-0.00336614,,
2.274,0.00749148,,,2.274,0.00716246,,,2.274,0.00683344,,,2.274,-0.00073399,,
2.275,0.00584639,,,2.275,0.00453031,,,2.275,0.00650443,,,2.275,0.00156914,,
2.276,0.00288522,,,2.276,0.00124012,,,2.276,0.00617541,,,2.276,0.00354326,,
2.277,-7.60E-05,,,2.277,-0.00172105,,,2.277,0.00584639,,,2.277,0.00518835,,
2.278,-0.0027081,,,2.278,-0.00468222,,,2.278,0.00518835,,,2.278,0.00716246,,
2.279,-0.00501124,,,2.279,-0.00830143,,,2.279,0.00420129,,,2.279,0.00814952,,
2.28,-0.00698535,,,2.28,-0.0115916,,,2.28,0.0025562,,,2.28,0.00913658,,
2.281,-0.00994652,,,2.281,-0.0142238,,,2.281,0.000911104,,,2.281,0.00979461,,
2.282,-0.0125787,,,2.282,-0.0158689,,,2.282,-0.000404971,,,2.282,0.00979461,,
2.283,-0.0142238,,,2.283,-0.018172,,,2.283,-0.0027081,,,2.283,0.00979461,,
2.284,-0.0158689,,,2.284,-0.0201461,,,2.284,-0.00402418,,,2.284,0.0094656,,
2.285,-0.0171849,,,2.285,-0.0211332,,,2.285,-0.00534025,,,2.285,0.00913658,,
2.286,-0.018172,,,2.286,-0.0214622,,,2.286,-0.00731437,,,2.286,0.00749148,,
2.287,-0.018172,,,2.287,-0.0217912,,,2.287,-0.00863044,,,2.287,0.00617541,,
2.288,-0.018501,,,2.288,-0.0214622,,,2.288,-0.00895946,,,2.288,0.00453031,,
2.289,-0.018172,,,2.289,-0.0201461,,,2.289,-0.0096175,,,2.289,0.00321424,,
2.29,-0.0165269,,,2.29,-0.017843,,,2.29,-0.0112626,,,2.29,0.000582086,,
2.291,-0.0158689,,,2.291,-0.0165269,,,2.291,-0.0119206,,,2.291,-0.00106301,,
2.292,-0.0142238,,,2.292,-0.0142238,,,2.292,-0.0115916,,,2.292,-0.00336614,,
2.293,-0.0112626,,,2.293,-0.0112626,,,2.293,-0.0112626,,,2.293,-0.00501124,,
2.294,-0.00863044,,,2.294,-0.00895946,,,2.294,-0.0115916,,,2.294,-0.00764339,,
2.295,-0.00665633,,,2.295,-0.00501124,,,2.295,-0.0115916,,,2.295,-0.00928848,,
2.296,-0.0043532,,,2.296,-0.00205007,,,2.296,-0.0106046,,,2.296,-0.0112626,,
2.297,-0.00139203,,,2.297,0.000911104,,,2.297,-0.0096175,,,2.297,-0.0125787,,
2.298,0.00156914,,,2.298,0.00453031,,,2.298,-0.00863044,,,2.298,-0.0138947,,
2.299,0.00321424,,,2.299,0.00749148,,,2.299,-0.00731437,,,2.299,-0.0155398,,
2.3,0.00617541,,,2.3,0.00979461,,,2.3,-0.00599829,,,2.3,-0.0148818,,
2.301,0.00880756,,,2.301,0.0120977,,,2.301,-0.0043532,,,2.301,-0.0155398,,
2.302,0.0104527,,,2.302,0.0137428,,,2.302,-0.0027081,,,2.302,-0.0148818,,
2.303,0.0114397,,,2.303,0.0147299,,,2.303,-0.00172105,,,2.303,-0.0145528,,
2.304,0.0127558,,,2.304,0.016046,,,2.304,-7.60E-05,,,2.304,-0.0135657,,
2.305,0.0137428,,,2.305,0.016704,,,2.305,0.00124012,,,2.305,-0.0122497,,
2.306,0.0134138,,,2.306,0.016046,,,2.306,0.00321424,,,2.306,-0.0112626,,
2.307,0.0127558,,,2.307,0.0150589,,,2.307,0.00354326,,,2.307,-0.00895946,,
2.308,0.0124268,,,2.308,0.0137428,,,2.308,0.00485933,,,2.308,-0.00698535,,
2.309,0.0107817,,,2.309,0.0124268,,,2.309,0.00518835,,,2.309,-0.00534025,,
2.31,0.00913658,,,2.31,0.0104527,,,2.31,0.00584639,,,2.31,-0.00303712,,
2.311,0.00716246,,,2.311,0.0078205,,,2.311,0.00617541,,,2.311,-0.00106301,,
2.312,0.00518835,,,2.312,0.00485933,,,2.312,0.00584639,,,2.312,0.00124012,,
2.313,0.00288522,,,2.313,0.00189816,,,2.313,0.00584639,,,2.313,0.00288522,,
2.314,-7.60E-05,,,2.314,-0.00172105,,,2.314,0.00453031,,,2.314,0.00453031,,
2.315,-0.00237908,,,2.315,-0.0043532,,,2.315,0.00387227,,,2.315,0.00551737,,
2.316,-0.00468222,,,2.316,-0.00731437,,,2.316,0.0025562,,,2.316,0.00683344,,
2.317,-0.00731437,,,2.317,-0.0106046,,,2.317,0.00189816,,,2.317,0.00814952,,
2.318,-0.0096175,,,2.318,-0.0132367,,,2.318,0.000253067,,,2.318,0.00880756,,
2.319,-0.0119206,,,2.319,-0.0152108,,,2.319,-0.000404971,,,2.319,0.0094656,,
2.32,-0.0142238,,,2.32,-0.017514,,,2.32,-0.00205007,,,2.32,0.00880756,,
2.321,-0.0158689,,,2.321,-0.0194881,,,2.321,-0.00402418,,,2.321,0.00913658,,
2.322,-0.0165269,,,2.322,-0.0204751,,,2.322,-0.00534025,,,2.322,0.0078205,,
2.323,-0.017514,,,2.323,-0.0208041,,,2.323,-0.00698535,,,2.323,0.00749148,,
2.324,-0.017843,,,2.324,-0.0211332,,,2.324,-0.00797241,,,2.324,0.00584639,,
2.325,-0.017514,,,2.325,-0.0204751,,,2.325,-0.00830143,,,2.325,0.00420129,,
2.326,-0.0171849,,,2.326,-0.019159,,,2.326,-0.00928848,,,2.326,0.00288522,,
2.327,-0.0161979,,,2.327,-0.017843,,,2.327,-0.0106046,,,2.327,0.000582086,,
2.328,-0.0148818,,,2.328,-0.0155398,,,2.328,-0.0109336,,,2.328,-0.00106301,,
2.329,-0.0129077,,,2.329,-0.0138947,,,2.329,-0.0109336,,,2.329,-0.00402418,,
2.33,-0.0106046,,,2.33,-0.0112626,,,2.33,-0.0106046,,,2.33,-0.00566927,,
2.331,-0.00830143,,,2.331,-0.00830143,,,2.331,-0.0112626,,,2.331,-0.00764339,,
2.332,-0.00599829,,,2.332,-0.00501124,,,2.332,-0.0106046,,,2.332,-0.00994652,,
2.333,-0.00336614,,,2.333,-0.00205007,,,2.333,-0.0102755,,,2.333,-0.0109336,,
2.334,-0.00106301,,,2.334,0.000911104,,,2.334,-0.0096175,,,2.334,-0.0125787,,
2.335,0.00156914,,,2.335,0.00387227,,,2.335,-0.00830143,,,2.335,-0.0138947,,
2.336,0.00354326,,,2.336,0.00584639,,,2.336,-0.00632731,,,2.336,-0.0138947,,
2.337,0.00617541,,,2.337,0.00913658,,,2.337,-0.00599829,,,2.337,-0.0148818,,
2.338,0.00847854,,,2.338,0.0107817,,,2.338,-0.00468222,,,2.338,-0.0145528,,
2.339,0.0094656,,,2.339,0.0124268,,,2.339,-0.0027081,,,2.339,-0.0138947,,
2.34,0.0104527,,,2.34,0.0140719,,,2.34,-0.00172105,,,2.34,-0.0138947,,
2.341,0.0114397,,,2.341,0.0150589,,,2.341,0.000253067,,,2.341,-0.0125787,,
2.342,0.0114397,,,2.342,0.0150589,,,2.342,0.00156914,,,2.342,-0.0115916,,
2.343,0.0120977,,,2.343,0.0147299,,,2.343,0.00288522,,,2.343,-0.00994652,,
2.344,0.0114397,,,2.344,0.0140719,,,2.344,0.00288522,,,2.344,-0.00830143,,
2.345,0.0114397,,,2.345,0.0127558,,,2.345,0.00453031,,,2.345,-0.00698535,,
2.346,0.0101236,,,2.346,0.0114397,,,2.346,0.00518835,,,2.346,-0.00501124,,
2.347,0.00847854,,,2.347,0.0094656,,,2.347,0.00551737,,,2.347,-0.00336614,,
2.348,0.00650443,,,2.348,0.00716246,,,2.348,0.00485933,,,2.348,-0.00073399,,
2.349,0.00485933,,,2.349,0.00485933,,,2.349,0.00518835,,,2.349,0.000911104,,
2.35,0.00222718,,,2.35,0.00156914,,,2.35,0.00453031,,,2.35,0.0025562,,
2.351,-7.60E-05,,,2.351,-0.00139203,,,2.351,0.00420129,,,2.351,0.00420129,,
2.352,-0.00237908,,,2.352,-0.00369516,,,2.352,0.00288522,,,2.352,0.00551737,,
2.353,-0.00468222,,,2.353,-0.00698535,,,2.353,0.00189816,,,2.353,0.00683344,,
2.354,-0.00665633,,,2.354,-0.00994652,,,2.354,0.000911104,,,2.354,0.00716246,,
2.355,-0.00928848,,,2.355,-0.0125787,,,2.355,0.000253067,,,2.355,0.00880756,,
2.356,-0.0115916,,,2.356,-0.0148818,,,2.356,-0.00106301,,,2.356,0.00880756,,
2.357,-0.0132367,,,2.357,-0.0161979,,,2.357,-0.00205007,,,2.357,0.00880756,,
2.358,-0.0148818,,,2.358,-0.018172,,,2.358,-0.00369516,,,2.358,0.00814952,,
2.359,-0.0158689,,,2.359,-0.01883,,,2.359,-0.00534025,,,2.359,0.0078205,,
2.36,-0.0165269,,,2.36,-0.0198171,,,2.36,-0.00632731,,,2.36,0.00683344,,
2.361,-0.0168559,,,2.361,-0.0198171,,,2.361,-0.00731437,,,2.361,0.00551737,,
2.362,-0.0171849,,,2.362,-0.019159,,,2.362,-0.00863044,,,2.362,0.00354326,,
2.363,-0.0158689,,,2.363,-0.018172,,,2.363,-0.0096175,,,2.363,0.00288522,,
2.364,-0.0152108,,,2.364,-0.0168559,,,2.364,-0.0102755,,,2.364,0.000911104,,
2.365,-0.0138947,,,2.365,-0.0145528,,,2.365,-0.00994652,,,2.365,-0.00139203,,
2.366,-0.0119206,,,2.366,-0.0132367,,,2.366,-0.0106046,,,2.366,-0.00336614,,
2.367,-0.0102755,,,2.367,-0.0109336,,,2.367,-0.0112626,,,2.367,-0.00534025,,
2.368,-0.00797241,,,2.368,-0.00797241,,,2.368,-0.0106046,,,2.368,-0.00698535,,
2.369,-0.00566927,,,2.369,-0.00534025,,,2.369,-0.0106046,,,2.369,-0.00863044,,
2.37,-0.00336614,,,2.37,-0.0027081,,,2.37,-0.00928848,,,2.37,-0.0102755,,
2.371,-0.00139203,,,2.371,-7.60E-05,,,2.371,-0.00863044,,,2.371,-0.0112626,,
2.372,0.000911104,,,2.372,0.0025562,,,2.372,-0.00731437,,,2.372,-0.0122497,,
2.373,0.00321424,,,2.373,0.00485933,,,2.373,-0.00632731,,,2.373,-0.0132367,,
2.374,0.00584639,,,2.374,0.0078205,,,2.374,-0.00534025,,,2.374,-0.0138947,,
2.375,0.00749148,,,2.375,0.0101236,,,2.375,-0.00402418,,,2.375,-0.0138947,,
2.376,0.00814952,,,2.376,0.0117687,,,2.376,-0.00237908,,,2.376,-0.0132367,,
2.377,0.0101236,,,2.377,0.0127558,,,2.377,-0.00106301,,,2.377,-0.0135657,,
2.378,0.0111107,,,2.378,0.0137428,,,2.378,-7.60E-05,,,2.378,-0.0115916,,
2.379,0.0111107,,,2.379,0.0140719,,,2.379,0.00156914,,,2.379,-0.0112626,,
2.38,0.0117687,,,2.38,0.0140719,,,2.38,0.00222718,,,2.38,-0.0102755,,
2.381,0.0107817,,,2.381,0.0130848,,,2.381,0.00354326,,,2.381,-0.00863044,,
2.382,0.00979461,,,2.382,0.0124268,,,2.382,0.00387227,,,2.382,-0.00698535,,
2.383,0.0094656,,,2.383,0.0107817,,,2.383,0.00387227,,,2.383,-0.00534025,,
2.384,0.0078205,,,2.384,0.00880756,,,2.384,0.00420129,,,2.384,-0.00303712,,
2.385,0.00584639,,,2.385,0.00650443,,,2.385,0.00453031,,,2.385,-0.00073399,,
2.386,0.00387227,,,2.386,0.00420129,,,2.386,0.00453031,,,2.386,0.000911104,,
2.387,0.00189816,,,2.387,0.00156914,,,2.387,0.00453031,,,2.387,0.00222718,,
2.388,-0.00073399,,,2.388,-0.00139203,,,2.388,0.00354326,,,2.388,0.00453031,,
2.389,-0.00237908,,,2.389,-0.0043532,,,2.389,0.0025562,,,2.389,0.00551737,,
2.39,-0.00501124,,,2.39,-0.00731437,,,2.39,0.00156914,,,2.39,0.00716246,,
2.391,-0.00698535,,,2.391,-0.00895946,,,2.391,0.000582086,,,2.391,0.00749148,,
2.392,-0.00928848,,,2.392,-0.0122497,,,2.392,0.000253067,,,2.392,0.00814952,,
2.393,-0.0109336,,,2.393,-0.0138947,,,2.393,-0.00106301,,,2.393,0.00814952,,
2.394,-0.0125787,,,2.394,-0.0155398,,,2.394,-0.0027081,,,2.394,0.00847854,,
2.395,-0.0142238,,,2.395,-0.0168559,,,2.395,-0.00369516,,,2.395,0.00749148,,
2.396,-0.0148818,,,2.396,-0.017843,,,2.396,-0.00501124,,,2.396,0.00683344,,
2.397,-0.0161979,,,2.397,-0.01883,,,2.397,-0.00632731,,,2.397,0.00584639,,
2.398,-0.0155398,,,2.398,-0.018501,,,2.398,-0.00764339,,,2.398,0.00453031,,
2.399,-0.0158689,,,2.399,-0.018501,,,2.399,-0.00928848,,,2.399,0.00321424,,
2.4,-0.0142238,,,2.4,-0.017514,,,2.4,-0.0096175,,,2.4,0.00222718,,
2.401,-0.0138947,,,2.401,-0.0158689,,,2.401,-0.0102755,,,2.401,0.000582086,,
2.402,-0.0125787,,,2.402,-0.0145528,,,2.402,-0.0106046,,,2.402,-0.00139203,,
2.403,-0.0115916,,,2.403,-0.0129077,,,2.403,-0.0102755,,,2.403,-0.00303712,,
2.404,-0.00928848,,,2.404,-0.0109336,,,2.404,-0.0102755,,,2.404,-0.00468222,,
2.405,-0.00830143,,,2.405,-0.00895946,,,2.405,-0.00994652,,,2.405,-0.00665633,,
2.406,-0.00566927,,,2.406,-0.00534025,,,2.406,-0.00928848,,,2.406,-0.00797241,,
2.407,-0.00369516,,,2.407,-0.00303712,,,2.407,-0.00895946,,,2.407,-0.0096175,,
2.408,-0.00172105,,,2.408,-0.00073399,,,2.408,-0.00797241,,,2.408,-0.0106046,,
2.409,0.000582086,,,2.409,0.00288522,,,2.409,-0.00698535,,,2.409,-0.0115916,,
2.41,0.00321424,,,2.41,0.00518835,,,2.41,-0.00566927,,,2.41,-0.0122497,,
2.411,0.00485933,,,2.411,0.00683344,,,2.411,-0.0043532,,,2.411,-0.0132367,,
2.412,0.00683344,,,2.412,0.0094656,,,2.412,-0.00336614,,,2.412,-0.0125787,,
2.413,0.00814952,,,2.413,0.0111107,,,2.413,-0.0027081,,,2.413,-0.0129077,,
2.414,0.0094656,,,2.414,0.0120977,,,2.414,-0.00073399,,,2.414,-0.0125787,,
2.415,0.0104527,,,2.415,0.0127558,,,2.415,0.000582086,,,2.415,-0.0119206,,
2.416,0.0107817,,,2.416,0.0130848,,,2.416,0.00124012,,,2.416,-0.0106046,,
2.417,0.0104527,,,2.417,0.0134138,,,2.417,0.00222718,,,2.417,-0.00928848,,
2.418,0.0107817,,,2.418,0.0127558,,,2.418,0.00222718,,,2.418,-0.00830143,,
2.419,0.0094656,,,2.419,0.0111107,,,2.419,0.00321424,,,2.419,-0.00665633,,
2.42,0.00880756,,,2.42,0.00979461,,,2.42,0.00387227,,,2.42,-0.0043532,,
2.421,0.00716246,,,2.421,0.00716246,,,2.421,0.00453031,,,2.421,-0.00237908,,
2.422,0.00518835,,,2.422,0.00617541,,,2.422,0.00387227,,,2.422,-0.00139203,,
2.423,0.00354326,,,2.423,0.00387227,,,2.423,0.00387227,,,2.423,0.000911104,,
2.424,0.00156914,,,2.424,0.00189816,,,2.424,0.00354326,,,2.424,0.00189816,,
2.425,-0.00073399,,,2.425,-0.00073399,,,2.425,0.00321424,,,2.425,0.00354326,,
2.426,-0.00237908,,,2.426,-0.00369516,,,2.426,0.00288522,,,2.426,0.00485933,,
2.427,-0.00501124,,,2.427,-0.00665633,,,2.427,0.00189816,,,2.427,0.00551737,,
2.428,-0.00731437,,,2.428,-0.00863044,,,2.428,0.000911104,,,2.428,0.00749148,,
2.429,-0.00895946,,,2.429,-0.0109336,,,2.429,-0.000404971,,,2.429,0.00716246,,
2.43,-0.0109336,,,2.43,-0.0129077,,,2.43,-0.00205007,,,2.43,0.0078205,,
2.431,-0.0122497,,,2.431,-0.0145528,,,2.431,-0.00336614,,,2.431,0.00716246,,
2.432,-0.0132367,,,2.432,-0.0165269,,,2.432,-0.00402418,,,2.432,0.00683344,,
2.433,-0.0142238,,,2.433,-0.0171849,,,2.433,-0.00534025,,,2.433,0.00617541,,
2.434,-0.0142238,,,2.434,-0.017514,,,2.434,-0.00665633,,,2.434,0.00518835,,
2.435,-0.0145528,,,2.435,-0.017843,,,2.435,-0.00731437,,,2.435,0.00453031,,
2.436,-0.0145528,,,2.436,-0.0171849,,,2.436,-0.00863044,,,2.436,0.00321424,,
2.437,-0.0148818,,,2.437,-0.0165269,,,2.437,-0.00928848,,,2.437,0.00156914,,
2.438,-0.0135657,,,2.438,-0.0158689,,,2.438,-0.00928848,,,2.438,-7.60E-05,,
2.439,-0.0115916,,,2.439,-0.0138947,,,2.439,-0.0096175,,,2.439,-0.00205007,,
2.44,-0.0106046,,,2.44,-0.0132367,,,2.44,-0.00928848,,,2.44,-0.00336614,,
2.441,-0.00928848,,,2.441,-0.0102755,,,2.441,-0.00994652,,,2.441,-0.00534025,,
2.442,-0.00731437,,,2.442,-0.00830143,,,2.442,-0.00895946,,,2.442,-0.00632731,,
2.443,-0.00534025,,,2.443,-0.00599829,,,2.443,-0.00830143,,,2.443,-0.00731437,,
2.444,-0.00336614,,,2.444,-0.00303712,,,2.444,-0.00797241,,,2.444,-0.0096175,,
2.445,-0.00139203,,,2.445,-7.60E-05,,,2.445,-0.00731437,,,2.445,-0.00994652,,
2.446,0.00156914,,,2.446,0.00222718,,,2.446,-0.00632731,,,2.446,-0.0112626,,
2.447,0.00321424,,,2.447,0.00453031,,,2.447,-0.00534025,,,2.447,-0.0119206,,
2.448,0.00518835,,,2.448,0.00650443,,,2.448,-0.00468222,,,2.448,-0.0129077,,
2.449,0.00650443,,,2.449,0.0078205,,,2.449,-0.00336614,,,2.449,-0.0122497,,
2.45,0.00749148,,,2.45,0.00979461,,,2.45,-0.00237908,,,2.45,-0.0122497,,
2.451,0.00880756,,,2.451,0.0104527,,,2.451,-0.00139203,,,2.451,-0.0122497,,
2.452,0.00979461,,,2.452,0.0120977,,,2.452,-0.00073399,,,2.452,-0.0115916,,
2.453,0.0101236,,,2.453,0.0124268,,,2.453,0.000911104,,,2.453,-0.0106046,,
2.454,0.00979461,,,2.454,0.0117687,,,2.454,0.00189816,,,2.454,-0.00928848,,
2.455,0.00913658,,,2.455,0.0117687,,,2.455,0.0025562,,,2.455,-0.00797241,,
2.456,0.00880756,,,2.456,0.0104527,,,2.456,0.00321424,,,2.456,-0.00665633,,
2.457,0.00716246,,,2.457,0.0094656,,,2.457,0.00354326,,,2.457,-0.00468222,,
2.458,0.00584639,,,2.458,0.00716246,,,2.458,0.00387227,,,2.458,-0.0027081,,
2.459,0.00420129,,,2.459,0.00551737,,,2.459,0.00321424,,,2.459,-0.00172105,,
2.46,0.00321424,,,2.46,0.00387227,,,2.46,0.00354326,,,2.46,-7.60E-05,,
2.461,0.00124012,,,2.461,0.00189816,,,2.461,0.00288522,,,2.461,0.00189816,,
2.462,-0.00073399,,,2.462,-0.00106301,,,2.462,0.0025562,,,2.462,0.00321424,,
2.463,-0.0027081,,,2.463,-0.00303712,,,2.463,0.00156914,,,2.463,0.00420129,,
2.464,-0.00468222,,,2.464,-0.00566927,,,2.464,0.00124012,,,2.464,0.00518835,,
2.465,-0.00632731,,,2.465,-0.00797241,,,2.465,-7.60E-05,,,2.465,0.00617541,,
2.466,-0.00830143,,,2.466,-0.0102755,,,2.466,-0.00139203,,,2.466,0.00650443,,
2.467,-0.00994652,,,2.467,-0.0119206,,,2.467,-0.00205007,,,2.467,0.00650443,,
2.468,-0.0119206,,,2.468,-0.0138947,,,2.468,-0.00336614,,,2.468,0.00617541,,
2.469,-0.0129077,,,2.469,-0.0152108,,,2.469,-0.0043532,,,2.469,0.00617541,,
2.47,-0.0135657,,,2.47,-0.0165269,,,2.47,-0.00566927,,,2.47,0.00584639,,
2.471,-0.0135657,,,2.471,-0.0171849,,,2.471,-0.00566927,,,2.471,0.00485933,,
2.472,-0.0145528,,,2.472,-0.017514,,,2.472,-0.00665633,,,2.472,0.00387227,,
2.473,-0.0142238,,,2.473,-0.0168559,,,2.473,-0.00797241,,,2.473,0.00288522,,
2.474,-0.0132367,,,2.474,-0.0165269,,,2.474,-0.00830143,,,2.474,0.00124012,,
2.475,-0.0129077,,,2.475,-0.0148818,,,2.475,-0.00797241,,,2.475,-0.000404971,,
2.476,-0.0119206,,,2.476,-0.0138947,,,2.476,-0.00863044,,,2.476,-0.00172105,,
2.477,-0.00994652,,,2.477,-0.0122497,,,2.477,-0.00863044,,,2.477,-0.00336614,,
2.478,-0.00797241,,,2.478,-0.0102755,,,2.478,-0.00895946,,,2.478,-0.0043532,,
2.479,-0.00698535,,,2.479,-0.00764339,,,2.479,-0.00895946,,,2.479,-0.00632731,,
2.48,-0.00501124,,,2.48,-0.00566927,,,2.48,-0.00797241,,,2.48,-0.00764339,,
2.481,-0.0027081,,,2.481,-0.00336614,,,2.481,-0.00764339,,,2.481,-0.00928848,,
2.482,-0.000404971,,,2.482,-0.000404971,,,2.482,-0.00698535,,,2.482,-0.0102755,,
2.483,0.00124012,,,2.483,0.000911104,,,2.483,-0.00632731,,,2.483,-0.0109336,,
2.484,0.00288522,,,2.484,0.00321424,,,2.484,-0.00534025,,,2.484,-0.0119206,,
2.485,0.00518835,,,2.485,0.00551737,,,2.485,-0.00402418,,,2.485,-0.0119206,,
2.486,0.00584639,,,2.486,0.00749148,,,2.486,-0.0027081,,,2.486,-0.0125787,,
2.487,0.00749148,,,2.487,0.00847854,,,2.487,-0.0027081,,,2.487,-0.0119206,,
2.488,0.00814952,,,2.488,0.0101236,,,2.488,-0.00073399,,,2.488,-0.0115916,,
2.489,0.00880756,,,2.489,0.0111107,,,2.489,-0.000404971,,,2.489,-0.0109336,,
2.49,0.00880756,,,2.49,0.0111107,,,2.49,0.00124012,,,2.49,-0.0096175,,
2.491,0.00880756,,,2.491,0.0107817,,,2.491,0.00156914,,,2.491,-0.00863044,,
2.492,0.00913658,,,2.492,0.0107817,,,2.492,0.00222718,,,2.492,-0.00764339,,
2.493,0.00814952,,,2.493,0.00913658,,,2.493,0.0025562,,,2.493,-0.00566927,,
2.494,0.00683344,,,2.494,0.00847854,,,2.494,0.00288522,,,2.494,-0.0043532,,
2.495,0.00551737,,,2.495,0.00749148,,,2.495,0.00321424,,,2.495,-0.00205007,,
2.496,0.00420129,,,2.496,0.00551737,,,2.496,0.00321424,,,2.496,-0.00139203,,
2.497,0.0025562,,,2.497,0.00387227,,,2.497,0.00288522,,,2.497,0.000253067,,
2.498,0.000911104,,,2.498,0.00189816,,,2.498,0.00189816,,,2.498,0.00124012,,
2.499,-0.000404971,,,2.499,-0.000404971,,,2.499,0.00222718,,,2.499,0.00288522,,
2.5,-0.0027081,,,2.5,-0.0027081,,,2.5,0.000911104,,,2.5,0.00321424,,
2.501,-0.00468222,,,2.501,-0.00566927,,,2.501,0.000253067,,,2.501,0.00485933,,
2.502,-0.00599829,,,2.502,-0.00764339,,,2.502,-7.60E-05,,,2.502,0.00518835,,
2.503,-0.00797241,,,2.503,-0.0096175,,,2.503,-0.00172105,,,2.503,0.00617541,,
2.504,-0.00994652,,,2.504,-0.0115916,,,2.504,-0.0027081,,,2.504,0.00617541,,
2.505,-0.0112626,,,2.505,-0.0135657,,,2.505,-0.00336614,,,2.505,0.00617541,,
2.506,-0.0119206,,,2.506,-0.0138947,,,2.506,-0.0043532,,,2.506,0.00584639,,
2.507,-0.0132367,,,2.507,-0.0152108,,,2.507,-0.00534025,,,2.507,0.00551737,,
2.508,-0.0135657,,,2.508,-0.0161979,,,2.508,-0.00599829,,,2.508,0.00453031,,
2.509,-0.0132367,,,2.509,-0.0161979,,,2.509,-0.00665633,,,2.509,0.00321424,,
2.51,-0.0132367,,,2.51,-0.0158689,,,2.51,-0.00665633,,,2.51,0.00288522,,
2.511,-0.0129077,,,2.511,-0.0148818,,,2.511,-0.00797241,,,2.511,0.00124012,,
2.512,-0.0119206,,,2.512,-0.0138947,,,2.512,-0.00863044,,,2.512,-0.000404971,,
2.513,-0.0106046,,,2.513,-0.0125787,,,2.513,-0.00764339,,,2.513,-0.0027081,,
2.514,-0.00928848,,,2.514,-0.0119206,,,2.514,-0.00895946,,,2.514,-0.00336614,,
2.515,-0.00797241,,,2.515,-0.00928848,,,2.515,-0.00895946,,,2.515,-0.00501124,,
2.516,-0.00599829,,,2.516,-0.00797241,,,2.516,-0.00830143,,,2.516,-0.00665633,,
2.517,-0.0043532,,,2.517,-0.00534025,,,2.517,-0.00797241,,,2.517,-0.00764339,,
2.518,-0.00237908,,,2.518,-0.00336614,,,2.518,-0.00764339,,,2.518,-0.00928848,,
2.519,-0.00073399,,,2.519,-0.00106301,,,2.519,-0.00599829,,,2.519,-0.00994652,,
2.52,0.000582086,,,2.52,0.00124012,,,2.52,-0.00599829,,,2.52,-0.0102755,,
2.521,0.00288522,,,2.521,0.00354326,,,2.521,-0.00501124,,,2.521,-0.0109336,,
2.522,0.00387227,,,2.522,0.00485933,,,2.522,-0.00402418,,,2.522,-0.0115916,,
2.523,0.00551737,,,2.523,0.00683344,,,2.523,-0.00303712,,,2.523,-0.0115916,,
2.524,0.00617541,,,2.524,0.0078205,,,2.524,-0.00172105,,,2.524,-0.0106046,,
2.525,0.00716246,,,2.525,0.00913658,,,2.525,-0.00073399,,,2.525,-0.0112626,,
2.526,0.0078205,,,2.526,0.0101236,,,2.526,-0.000404971,,,2.526,-0.00994652,,
2.527,0.00814952,,,2.527,0.0107817,,,2.527,0.000911104,,,2.527,-0.00928848,,
2.528,0.00814952,,,2.528,0.0104527,,,2.528,0.00124012,,,2.528,-0.00830143,,
2.529,0.00814952,,,2.529,0.00979461,,,2.529,0.00222718,,,2.529,-0.00698535,,
2.53,0.00683344,,,2.53,0.00913658,,,2.53,0.0025562,,,2.53,-0.00566927,,
2.531,0.00617541,,,2.531,0.00847854,,,2.531,0.00288522,,,2.531,-0.00468222,,
2.532,0.00518835,,,2.532,0.00683344,,,2.532,0.0025562,,,2.532,-0.0027081,,
2.533,0.00420129,,,2.533,0.00518835,,,2.533,0.00288522,,,2.533,-0.00106301,,
2.534,0.00222718,,,2.534,0.00321424,,,2.534,0.00189816,,,2.534,0.000253067,,
2.535,0.000582086,,,2.535,0.00124012,,,2.535,0.00189816,,,2.535,0.00124012,,
2.536,-0.00172105,,,2.536,-0.000404971,,,2.536,0.00156914,,,2.536,0.00222718,,
2.537,-0.00303712,,,2.537,-0.00336614,,,2.537,0.000582086,,,2.537,0.00354326,,
2.538,-0.0043532,,,2.538,-0.00534025,,,2.538,0.000253067,,,2.538,0.00387227,,
2.539,-0.00665633,,,2.539,-0.00665633,,,2.539,-0.00139203,,,2.539,0.00485933,,
2.54,-0.00830143,,,2.54,-0.00928848,,,2.54,-0.00172105,,,2.54,0.00518835,,
2.541,-0.0096175,,,2.541,-0.0112626,,,2.541,-0.00205007,,,2.541,0.00551737,,
2.542,-0.0106046,,,2.542,-0.0119206,,,2.542,-0.00336614,,,2.542,0.00518835,,
2.543,-0.0122497,,,2.543,-0.0138947,,,2.543,-0.00468222,,,2.543,0.00551737,,
2.544,-0.0122497,,,2.544,-0.0142238,,,2.544,-0.00501124,,,2.544,0.00518835,,
2.545,-0.0129077,,,2.545,-0.0148818,,,2.545,-0.00632731,,,2.545,0.00420129,,
2.546,-0.0122497,,,2.546,-0.0155398,,,2.546,-0.00665633,,,2.546,0.0025562,,
2.547,-0.0125787,,,2.547,-0.0145528,,,2.547,-0.00665633,,,2.547,0.00156914,,
2.548,-0.0119206,,,2.548,-0.0142238,,,2.548,-0.00797241,,,2.548,0.000582086,,
2.549,-0.0109336,,,2.549,-0.0132367,,,2.549,-0.00797241,,,2.549,-0.00073399,,
2.55,-0.00994652,,,2.55,-0.0119206,,,2.55,-0.00863044,,,2.55,-0.00205007,,
2.551,-0.00863044,,,2.551,-0.0106046,,,2.551,-0.00830143,,,2.551,-0.00402418,,
2.552,-0.00731437,,,2.552,-0.00895946,,,2.552,-0.00830143,,,2.552,-0.00468222,,
2.553,-0.00501124,,,2.553,-0.00731437,,,2.553,-0.00797241,,,2.553,-0.00632731,,
2.554,-0.0043532,,,2.554,-0.00566927,,,2.554,-0.00731437,,,2.554,-0.00698535,,
2.555,-0.00237908,,,2.555,-0.00303712,,,2.555,-0.00698535,,,2.555,-0.00830143,,
2.556,-0.00106301,,,2.556,-0.00172105,,,2.556,-0.00599829,,,2.556,-0.0096175,,
2.557,0.000911104,,,2.557,0.000253067,,,2.557,-0.00534025,,,2.557,-0.0096175,,
2.558,0.00222718,,,2.558,0.00288522,,,2.558,-0.0043532,,,2.558,-0.0102755,,
2.559,0.00354326,,,2.559,0.00420129,,,2.559,-0.00336614,,,2.559,-0.0106046,,
2.56,0.00485933,,,2.56,0.00584639,,,2.56,-0.0027081,,,2.56,-0.0106046,,
2.561,0.00584639,,,2.561,0.0078205,,,2.561,-0.00139203,,,2.561,-0.0106046,,
2.562,0.00683344,,,2.562,0.00847854,,,2.562,-0.00073399,,,2.562,-0.00994652,,
2.563,0.00716246,,,2.563,0.00913658,,,2.563,-7.60E-05,,,2.563,-0.00928848,,
2.564,0.00749148,,,2.564,0.00979461,,,2.564,0.000911104,,,2.564,-0.00830143,,
2.565,0.00749148,,,2.565,0.0101236,,,2.565,0.00156914,,,2.565,-0.00830143,,
2.566,0.00749148,,,2.566,0.00913658,,,2.566,0.00156914,,,2.566,-0.00731437,,
2.567,0.00650443,,,2.567,0.00880756,,,2.567,0.00222718,,,2.567,-0.00566927,,
2.568,0.00584639,,,2.568,0.00749148,,,2.568,0.00189816,,,2.568,-0.0043532,,
2.569,0.00420129,,,2.569,0.00650443,,,2.569,0.00156914,,,2.569,-0.0027081,,
2.57,0.00321424,,,2.57,0.00518835,,,2.57,0.00222718,,,2.57,-0.00172105,,
2.571,0.00189816,,,2.571,0.00321424,,,2.571,0.00189816,,,2.571,0.000253067,,
2.572,-7.60E-05,,,2.572,0.00124012,,,2.572,0.00124012,,,2.572,0.00124012,,
2.573,-0.00106301,,,2.573,-0.00073399,,,2.573,0.000582086,,,2.573,0.0025562,,
2.574,-0.00369516,,,2.574,-0.0027081,,,2.574,-7.60E-05,,,2.574,0.00321424,,
2.575,-0.00501124,,,2.575,-0.00534025,,,2.575,-0.00073399,,,2.575,0.00387227,,
2.576,-0.00665633,,,2.576,-0.00731437,,,2.576,-0.00106301,,,2.576,0.00420129,,
2.577,-0.00797241,,,2.577,-0.00863044,,,2.577,-0.00172105,,,2.577,0.00518835,,
2.578,-0.00928848,,,2.578,-0.0106046,,,2.578,-0.0027081,,,2.578,0.00518835,,
2.579,-0.0102755,,,2.579,-0.0112626,,,2.579,-0.00369516,,,2.579,0.00485933,,
2.58,-0.0109336,,,2.58,-0.0125787,,,2.58,-0.00468222,,,2.58,0.00453031,,
2.581,-0.0115916,,,2.581,-0.0132367,,,2.581,-0.00534025,,,2.581,0.00420129,,
2.582,-0.0115916,,,2.582,-0.0145528,,,2.582,-0.00665633,,,2.582,0.00321424,,
2.583,-0.0112626,,,2.583,-0.0138947,,,2.583,-0.00698535,,,2.583,0.0025562,,
2.584,-0.0115916,,,2.584,-0.0138947,,,2.584,-0.00764339,,,2.584,0.00124012,,
2.585,-0.0112626,,,2.585,-0.0145528,,,2.585,-0.00797241,,,2.585,0.000582086,,
2.586,-0.0102755,,,2.586,-0.0125787,,,2.586,-0.00797241,,,2.586,-0.00106301,,
2.587,-0.00928848,,,2.587,-0.0122497,,,2.587,-0.00797241,,,2.587,-0.00205007,,
2.588,-0.00797241,,,2.588,-0.0109336,,,2.588,-0.00797241,,,2.588,-0.00369516,,
2.589,-0.00665633,,,2.589,-0.00895946,,,2.589,-0.00797241,,,2.589,-0.0043532,,
2.59,-0.00566927,,,2.59,-0.00698535,,,2.59,-0.00731437,,,2.59,-0.00566927,,
2.591,-0.00369516,,,2.591,-0.00566927,,,2.591,-0.00698535,,,2.591,-0.00698535,,
2.592,-0.00303712,,,2.592,-0.00369516,,,2.592,-0.00599829,,,2.592,-0.00731437,,
2.593,-0.00073399,,,2.593,-0.00139203,,,2.593,-0.00566927,,,2.593,-0.00863044,,
2.594,0.000911104,,,2.594,-7.60E-05,,,2.594,-0.0043532,,,2.594,-0.00928848,,
2.595,0.00222718,,,2.595,0.00222718,,,2.595,-0.00336614,,,2.595,-0.00994652,,
2.596,0.00354326,,,2.596,0.00453031,,,2.596,-0.0027081,,,2.596,-0.00994652,,
2.597,0.00485933,,,2.597,0.00551737,,,2.597,-0.0027081,,,2.597,-0.0106046,,
2.598,0.00617541,,,2.598,0.00716246,,,2.598,-0.00139203,,,2.598,-0.0096175,,
2.599,0.00650443,,,2.599,0.00749148,,,2.599,-0.000404971,,,2.599,-0.00994652,,
2.6,0.00716246,,,2.6,0.00814952,,,2.6,-7.60E-05,,,2.6,-0.00863044,,
2.601,0.00716246,,,2.601,0.00880756,,,2.601,0.000253067,,,2.601,-0.00863044,,
2.602,0.00683344,,,2.602,0.00913658,,,2.602,0.000911104,,,2.602,-0.00764339,,
2.603,0.00650443,,,2.603,0.00880756,,,2.603,0.000911104,,,2.603,-0.00632731,,
2.604,0.00617541,,,2.604,0.00814952,,,2.604,0.00156914,,,2.604,-0.0043532,,
2.605,0.00518835,,,2.605,0.00683344,,,2.605,0.00189816,,,2.605,-0.00402418,,
2.606,0.00354326,,,2.606,0.00518835,,,2.606,0.00189816,,,2.606,-0.00237908,,
2.607,0.00222718,,,2.607,0.00387227,,,2.607,0.00156914,,,2.607,-0.00106301,,
2.608,0.000582086,,,2.608,0.00288522,,,2.608,0.00189816,,,2.608,0.000582086,,
2.609,-0.00073399,,,2.609,0.000911104,,,2.609,0.00124012,,,2.609,0.00124012,,
2.61,-0.00237908,,,2.61,-0.00073399,,,2.61,0.000253067,,,2.61,0.0025562,,
2.611,-0.0027081,,,2.611,-0.0027081,,,2.611,-0.000404971,,,2.611,0.00288522,,
2.612,-0.00501124,,,2.612,-0.00501124,,,2.612,-0.00073399,,,2.612,0.00420129,,
2.613,-0.00599829,,,2.613,-0.00698535,,,2.613,-0.00172105,,,2.613,0.00387227,,
2.614,-0.00764339,,,2.614,-0.00797241,,,2.614,-0.00237908,,,2.614,0.00453031,,
2.615,-0.00863044,,,2.615,-0.0096175,,,2.615,-0.00336614,,,2.615,0.00420129,,
2.616,-0.00863044,,,2.616,-0.0112626,,,2.616,-0.0043532,,,2.616,0.00453031,,
2.617,-0.0106046,,,2.617,-0.0125787,,,2.617,-0.00501124,,,2.617,0.00387227,,
2.618,-0.0109336,,,2.618,-0.0129077,,,2.618,-0.00566927,,,2.618,0.00321424,,
2.619,-0.0112626,,,2.619,-0.0132367,,,2.619,-0.00665633,,,2.619,0.00321424,,
2.62,-0.0109336,,,2.62,-0.0135657,,,2.62,-0.00698535,,,2.62,0.00189816,,
2.621,-0.0102755,,,2.621,-0.0142238,,,2.621,-0.00731437,,,2.621,0.00124012,,
2.622,-0.0109336,,,2.622,-0.0132367,,,2.622,-0.00764339,,,2.622,-0.000404971,,
2.623,-0.00994652,,,2.623,-0.0125787,,,2.623,-0.00764339,,,2.623,-0.00073399,,
2.624,-0.00863044,,,2.624,-0.0115916,,,2.624,-0.00731437,,,2.624,-0.00172105,,
2.625,-0.00797241,,,2.625,-0.0102755,,,2.625,-0.00731437,,,2.625,-0.00303712,,
2.626,-0.00665633,,,2.626,-0.00863044,,,2.626,-0.00698535,,,2.626,-0.00402418,,
2.627,-0.00501124,,,2.627,-0.00698535,,,2.627,-0.00665633,,,2.627,-0.00599829,,
2.628,-0.00402418,,,2.628,-0.00566927,,,2.628,-0.00632731,,,2.628,-0.00698535,,
2.629,-0.0027081,,,2.629,-0.00336614,,,2.629,-0.00599829,,,2.629,-0.00731437,,
2.63,-0.000404971,,,2.63,-0.00172105,,,2.63,-0.00501124,,,2.63,-0.00928848,,
2.631,0.00124012,,,2.631,0.000911104,,,2.631,-0.0043532,,,2.631,-0.00895946,,
2.632,0.0025562,,,2.632,0.0025562,,,2.632,-0.00369516,,,2.632,-0.0096175,,
2.633,0.00354326,,,2.633,0.00420129,,,2.633,-0.00303712,,,2.633,-0.00994652,,
2.634,0.00518835,,,2.634,0.00485933,,,2.634,-0.00237908,,,2.634,-0.0102755,,
2.635,0.00551737,,,2.635,0.00650443,,,2.635,-0.00139203,,,2.635,-0.0102755,,
2.636,0.00617541,,,2.636,0.00716246,,,2.636,-0.00073399,,,2.636,-0.00928848,,
2.637,0.00617541,,,2.637,0.0078205,,,2.637,0.000253067,,,2.637,-0.00928848,,
2.638,0.00650443,,,2.638,0.0078205,,,2.638,0.000911104,,,2.638,-0.00764339,,
2.639,0.00650443,,,2.639,0.0078205,,,2.639,0.00124012,,,2.639,-0.00665633,,
2.64,0.00551737,,,2.64,0.00814952,,,2.64,0.00124012,,,2.64,-0.00534025,,
2.641,0.00518835,,,2.641,0.00716246,,,2.641,0.00124012,,,2.641,-0.00501124,,
2.642,0.00453031,,,2.642,0.00584639,,,2.642,0.00222718,,,2.642,-0.00369516,,
2.643,0.00321424,,,2.643,0.00485933,,,2.643,0.00156914,,,2.643,-0.00172105,,
2.644,0.00189816,,,2.644,0.00387227,,,2.644,0.00156914,,,2.644,-0.00106301,,
2.645,0.00124012,,,2.645,0.00288522,,,2.645,0.000911104,,,2.645,-7.60E-05,,
2.646,-0.000404971,,,2.646,0.000582086,,,2.646,0.000911104,,,2.646,0.00156914,,
2.647,-0.00237908,,,2.647,-0.00073399,,,2.647,0.000253067,,,2.647,0.00156914,,
2.648,-0.00369516,,,2.648,-0.00205007,,,2.648,-0.000404971,,,2.648,0.00288522,,
2.649,-0.00468222,,,2.649,-0.0043532,,,2.649,-0.00139203,,,2.649,0.0025562,,
2.65,-0.00599829,,,2.65,-0.00599829,,,2.65,-0.00172105,,,2.65,0.00387227,,
2.651,-0.00731437,,,2.651,-0.00764339,,,2.651,-0.00369516,,,2.651,0.00420129,,
2.652,-0.00863044,,,2.652,-0.00895946,,,2.652,-0.00369516,,,2.652,0.00387227,,
2.653,-0.00895946,,,2.653,-0.0109336,,,2.653,-0.0043532,,,2.653,0.00387227,,
2.654,-0.0102755,,,2.654,-0.0115916,,,2.654,-0.00501124,,,2.654,0.00387227,,
2.655,-0.0106046,,,2.655,-0.0125787,,,2.655,-0.00566927,,,2.655,0.00354326,,
2.656,-0.0109336,,,2.656,-0.0129077,,,2.656,-0.00599829,,,2.656,0.00288522,,
2.657,-0.0112626,,,2.657,-0.0135657,,,2.657,-0.00632731,,,2.657,0.00222718,,
2.658,-0.0106046,,,2.658,-0.0132367,,,2.658,-0.00698535,,,2.658,0.00124012,,
2.659,-0.00994652,,,2.659,-0.0122497,,,2.659,-0.00665633,,,2.659,-7.60E-05,,
2.66,-0.00928848,,,2.66,-0.0115916,,,2.66,-0.00698535,,,2.66,-0.00139203,,
2.661,-0.00863044,,,2.661,-0.0112626,,,2.661,-0.00731437,,,2.661,-0.00205007,,
2.662,-0.00698535,,,2.662,-0.00928848,,,2.662,-0.00632731,,,2.662,-0.00369516,,
2.663,-0.00534025,,,2.663,-0.00830143,,,2.663,-0.00665633,,,2.663,-0.00468222,,
2.664,-0.0043532,,,2.664,-0.00665633,,,2.664,-0.00599829,,,2.664,-0.00566927,,
2.665,-0.00237908,,,2.665,-0.00501124,,,2.665,-0.00599829,,,2.665,-0.00665633,,
2.666,-0.00172105,,,2.666,-0.00303712,,,2.666,-0.00534025,,,2.666,-0.00764339,,
2.667,-0.00073399,,,2.667,-0.00172105,,,2.667,-0.00501124,,,2.667,-0.00863044,,
2.668,0.00156914,,,2.668,0.000253067,,,2.668,-0.00402418,,,2.668,-0.00895946,,
2.669,0.00222718,,,2.669,0.00156914,,,2.669,-0.00336614,,,2.669,-0.00928848,,
2.67,0.00288522,,,2.67,0.00321424,,,2.67,-0.0027081,,,2.67,-0.00895946,,
2.671,0.00453031,,,2.671,0.00453031,,,2.671,-0.00205007,,,2.671,-0.00928848,,
2.672,0.00485933,,,2.672,0.00551737,,,2.672,-0.00106301,,,2.672,-0.00895946,,
2.673,0.00518835,,,2.673,0.00617541,,,2.673,-0.000404971,,,2.673,-0.00863044,,
2.674,0.00584639,,,2.674,0.00650443,,,2.674,-7.60E-05,,,2.674,-0.00764339,,
2.675,0.00617541,,,2.675,0.00716246,,,2.675,0.000911104,,,2.675,-0.00731437,,
2.676,0.00551737,,,2.676,0.00716246,,,2.676,0.00156914,,,2.676,-0.00665633,,
2.677,0.00518835,,,2.677,0.00716246,,,2.677,0.00156914,,,2.677,-0.00501124,,
2.678,0.00387227,,,2.678,0.00617541,,,2.678,0.00124012,,,2.678,-0.0043532,,
2.679,0.00387227,,,2.679,0.00584639,,,2.679,0.00156914,,,2.679,-0.00336614,,
2.68,0.00288522,,,2.68,0.00485933,,,2.68,0.000911104,,,2.68,-0.00237908,,
2.681,0.00156914,,,2.681,0.00354326,,,2.681,0.00124012,,,2.681,-0.00073399,,
2.682,0.000253067,,,2.682,0.0025562,,,2.682,0.000911104,,,2.682,-0.00073399,,
2.683,-0.00139203,,,2.683,0.000582086,,,2.683,-7.60E-05,,,2.683,0.000582086,,
2.684,-0.00237908,,,2.684,-0.00073399,,,2.684,-0.00106301,,,2.684,0.00156914,,
2.685,-0.00336614,,,2.685,-0.00303712,,,2.685,-0.00106301,,,2.685,0.0025562,,
2.686,-0.00501124,,,2.686,-0.0043532,,,2.686,-0.00205007,,,2.686,0.00288522,,
2.687,-0.00599829,,,2.687,-0.00566927,,,2.687,-0.00205007,,,2.687,0.00321424,,
2.688,-0.00698535,,,2.688,-0.00830143,,,2.688,-0.00303712,,,2.688,0.00420129,,
2.689,-0.00863044,,,2.689,-0.00895946,,,2.689,-0.00402418,,,2.689,0.00354326,,
2.69,-0.00895946,,,2.69,-0.00994652,,,2.69,-0.0043532,,,2.69,0.00387227,,
2.691,-0.0096175,,,2.691,-0.0115916,,,2.691,-0.00501124,,,2.691,0.00354326,,
2.692,-0.00994652,,,2.692,-0.0125787,,,2.692,-0.00566927,,,2.692,0.0025562,,
2.693,-0.00994652,,,2.693,-0.0122497,,,2.693,-0.00501124,,,2.693,0.00222718,,
2.694,-0.00994652,,,2.694,-0.0125787,,,2.694,-0.00599829,,,2.694,0.00124012,,
2.695,-0.0096175,,,2.695,-0.0119206,,,2.695,-0.00665633,,,2.695,0.000253067,,
2.696,-0.00895946,,,2.696,-0.0115916,,,2.696,-0.00665633,,,2.696,-0.00073399,,
2.697,-0.00830143,,,2.697,-0.0106046,,,2.697,-0.00698535,,,2.697,-0.00172105,,
2.698,-0.00698535,,,2.698,-0.00994652,,,2.698,-0.00665633,,,2.698,-0.00303712,,
2.699,-0.00566927,,,2.699,-0.00863044,,,2.699,-0.00632731,,,2.699,-0.00402418,,
2.7,-0.00468222,,,2.7,-0.00764339,,,2.7,-0.00599829,,,2.7,-0.00534025,,
2.701,-0.00369516,,,2.701,-0.00665633,,,2.701,-0.00632731,,,2.701,-0.00599829,,
2.702,-0.00237908,,,2.702,-0.00501124,,,2.702,-0.00566927,,,2.702,-0.00665633,,
2.703,-0.000404971,,,2.703,-0.00336614,,,2.703,-0.00501124,,,2.703,-0.00797241,,
2.704,-7.60E-05,,,2.704,-0.00172105,,,2.704,-0.00402418,,,2.704,-0.00830143,,
2.705,0.00124012,,,2.705,-0.000404971,,,2.705,-0.00369516,,,2.705,-0.00863044,,
2.706,0.00222718,,,2.706,0.00156914,,,2.706,-0.00237908,,,2.706,-0.00928848,,
2.707,0.00321424,,,2.707,0.00288522,,,2.707,-0.00205007,,,2.707,-0.00895946,,
2.708,0.00354326,,,2.708,0.00453031,,,2.708,-0.00172105,,,2.708,-0.00863044,,
2.709,0.00518835,,,2.709,0.00453031,,,2.709,-0.00106301,,,2.709,-0.00863044,,
2.71,0.00485933,,,2.71,0.00617541,,,2.71,-7.60E-05,,,2.71,-0.00830143,,
2.711,0.00551737,,,2.711,0.00617541,,,2.711,-7.60E-05,,,2.711,-0.00797241,,
2.712,0.00485933,,,2.712,0.00683344,,,2.712,0.000253067,,,2.712,-0.00698535,,
2.713,0.00485933,,,2.713,0.00683344,,,2.713,0.00124012,,,2.713,-0.00599829,,
2.714,0.00485933,,,2.714,0.00683344,,,2.714,0.000911104,,,2.714,-0.00566927,,
2.715,0.00420129,,,2.715,0.00617541,,,2.715,0.000911104,,,2.715,-0.00501124,,
2.716,0.00321424,,,2.716,0.00551737,,,2.716,0.000911104,,,2.716,-0.00303712,,
2.717,0.00222718,,,2.717,0.00420129,,,2.717,0.000582086,,,2.717,-0.00237908,,
2.718,0.00156914,,,2.718,0.00321424,,,2.718,0.000911104,,,2.718,-0.00139203,,
2.719,-7.60E-05,,,2.719,0.00124012,,,2.719,0.000582086,,,2.719,-0.000404971,,
2.72,-0.00139203,,,2.72,0.000582086,,,2.72,-0.00073399,,,2.72,0.000582086,,
2.721,-0.00237908,,,2.721,-0.00172105,,,2.721,-0.00106301,,,2.721,0.00156914,,
2.722,-0.00369516,,,2.722,-0.0027081,,,2.722,-0.00106301,,,2.722,0.00189816,,
2.723,-0.00468222,,,2.723,-0.00501124,,,2.723,-0.00172105,,,2.723,0.00321424,,
2.724,-0.00599829,,,2.724,-0.00632731,,,2.724,-0.0027081,,,2.724,0.00321424,,
2.725,-0.00698535,,,2.725,-0.00764339,,,2.725,-0.00369516,,,2.725,0.00321424,,
2.726,-0.00830143,,,2.726,-0.00863044,,,2.726,-0.00369516,,,2.726,0.00354326,,
2.727,-0.00863044,,,2.727,-0.0096175,,,2.727,-0.00468222,,,2.727,0.00354326,,
2.728,-0.00928848,,,2.728,-0.0102755,,,2.728,-0.00468222,,,2.728,0.00321424,,
2.729,-0.0096175,,,2.729,-0.0112626,,,2.729,-0.00534025,,,2.729,0.00222718,,
2.73,-0.0096175,,,2.73,-0.0115916,,,2.73,-0.00566927,,,2.73,0.00156914,,
2.731,-0.00928848,,,2.731,-0.0115916,,,2.731,-0.00665633,,,2.731,0.000911104,,
2.732,-0.00863044,,,2.732,-0.0112626,,,2.732,-0.00665633,,,2.732,-7.60E-05,,
2.733,-0.00797241,,,2.733,-0.0112626,,,2.733,-0.00698535,,,2.733,-0.00106301,,
2.734,-0.00698535,,,2.734,-0.0102755,,,2.734,-0.00731437,,,2.734,-0.00205007,,
2.735,-0.00665633,,,2.735,-0.0096175,,,2.735,-0.00698535,,,2.735,-0.00303712,,
2.736,-0.00599829,,,2.736,-0.00895946,,,2.736,-0.00632731,,,2.736,-0.00369516,,
2.737,-0.00468222,,,2.737,-0.00698535,,,2.737,-0.00599829,,,2.737,-0.00501124,,
2.738,-0.00369516,,,2.738,-0.00632731,,,2.738,-0.00566927,,,2.738,-0.00566927,,
2.739,-0.0027081,,,2.739,-0.00468222,,,2.739,-0.00501124,,,2.739,-0.00665633,,
2.74,-0.00172105,,,2.74,-0.00303712,,,2.74,-0.0043532,,,2.74,-0.00731437,,
2.741,-7.60E-05,,,2.741,-0.00139203,,,2.741,-0.00369516,,,2.741,-0.00731437,,
2.742,0.000911104,,,2.742,0.000253067,,,2.742,-0.00303712,,,2.742,-0.00764339,,
2.743,0.00156914,,,2.743,0.000582086,,,2.743,-0.00205007,,,2.743,-0.00830143,,
2.744,0.00288522,,,2.744,0.00222718,,,2.744,-0.00172105,,,2.744,-0.00863044,,
2.745,0.00354326,,,2.745,0.00387227,,,2.745,-0.00106301,,,2.745,-0.00830143,,
2.746,0.00420129,,,2.746,0.00453031,,,2.746,-0.00073399,,,2.746,-0.00797241,,
2.747,0.00453031,,,2.747,0.00551737,,,2.747,-7.60E-05,,,2.747,-0.00797241,,
2.748,0.00485933,,,2.748,0.00617541,,,2.748,-7.60E-05,,,2.748,-0.00731437,,
2.749,0.00518835,,,2.749,0.00584639,,,2.749,0.000253067,,,2.749,-0.00698535,,
2.75,0.00420129,,,2.75,0.00650443,,,2.75,0.00124012,,,2.75,-0.00599829,,
2.751,0.00420129,,,2.751,0.00584639,,,2.751,0.000582086,,,2.751,-0.00534025,,
2.752,0.00321424,,,2.752,0.00551737,,,2.752,0.000253067,,,2.752,-0.00369516,,
2.753,0.0025562,,,2.753,0.00420129,,,2.753,0.000582086,,,2.753,-0.00336614,,
2.754,0.00156914,,,2.754,0.00321424,,,2.754,0.000582086,,,2.754,-0.00205007,,
2.755,0.000582086,,,2.755,0.00288522,,,2.755,0.000253067,,,2.755,-0.00139203,,
2.756,-0.000404971,,,2.756,0.00156914,,,2.756,-0.000404971,,,2.756,-0.000404971,,
2.757,-0.00172105,,,2.757,0.000253067,,,2.757,-0.00073399,,,2.757,0.00124012,,
2.758,-0.0027081,,,2.758,-0.00139203,,,2.758,-0.00106301,,,2.758,0.00156914,,
2.759,-0.00468222,,,2.759,-0.00303712,,,2.759,-0.00172105,,,2.759,0.00222718,,
2.76,-0.00566927,,,2.76,-0.0043532,,,2.76,-0.00205007,,,2.76,0.00222718,,
2.761,-0.00632731,,,2.761,-0.00566927,,,2.761,-0.00237908,,,2.761,0.00321424,,
2.762,-0.00731437,,,2.762,-0.00665633,,,2.762,-0.00336614,,,2.762,0.00321424,,
2.763,-0.00731437,,,2.763,-0.00797241,,,2.763,-0.00402418,,,2.763,0.00321424,,
2.764,-0.00863044,,,2.764,-0.00895946,,,2.764,-0.00468222,,,2.764,0.00288522,,
2.765,-0.00830143,,,2.765,-0.00928848,,,2.765,-0.00534025,,,2.765,0.00222718,,
2.766,-0.00928848,,,2.766,-0.00994652,,,2.766,-0.00599829,,,2.766,0.00189816,,
2.767,-0.00895946,,,2.767,-0.0109336,,,2.767,-0.00566927,,,2.767,0.00124012,,
2.768,-0.00895946,,,2.768,-0.0106046,,,2.768,-0.00665633,,,2.768,0.000253067,,
2.769,-0.00830143,,,2.769,-0.0112626,,,2.769,-0.00665633,,,2.769,-7.60E-05,,
2.77,-0.00863044,,,2.77,-0.0109336,,,2.77,-0.00665633,,,2.77,-0.00106301,,
2.771,-0.00698535,,,2.771,-0.00928848,,,2.771,-0.00665633,,,2.771,-0.00205007,,
2.772,-0.00665633,,,2.772,-0.00895946,,,2.772,-0.00665633,,,2.772,-0.0027081,,
2.773,-0.00534025,,,2.773,-0.00863044,,,2.773,-0.00566927,,,2.773,-0.00336614,,
2.774,-0.00501124,,,2.774,-0.00698535,,,2.774,-0.00534025,,,2.774,-0.00501124,,
2.775,-0.00369516,,,2.775,-0.00566927,,,2.775,-0.00534025,,,2.775,-0.00534025,,
2.776,-0.00237908,,,2.776,-0.0043532,,,2.776,-0.0043532,,,2.776,-0.00599829,,
2.777,-0.00106301,,,2.777,-0.00303712,,,2.777,-0.0043532,,,2.777,-0.00665633,,
2.778,-0.000404971,,,2.778,-0.00139203,,,2.778,-0.00336614,,,2.778,-0.00731437,,
2.779,0.00124012,,,2.779,-7.60E-05,,,2.779,-0.0027081,,,2.779,-0.00764339,,
2.78,0.00189816,,,2.78,0.00156914,,,2.78,-0.00237908,,,2.78,-0.00830143,,
2.781,0.00288522,,,2.781,0.0025562,,,2.781,-0.00139203,,,2.781,-0.00863044,,
2.782,0.00354326,,,2.782,0.00387227,,,2.782,-0.00172105,,,2.782,-0.00863044,,
2.783,0.00420129,,,2.783,0.00453031,,,2.783,-0.00139203,,,2.783,-0.00830143,,
2.784,0.00420129,,,2.784,0.00485933,,,2.784,-7.60E-05,,,2.784,-0.00764339,,
2.785,0.00453031,,,2.785,0.00551737,,,2.785,-7.60E-05,,,2.785,-0.00698535,,
2.786,0.00420129,,,2.786,0.00518835,,,2.786,0.000253067,,,2.786,-0.00632731,,
2.787,0.00420129,,,2.787,0.00584639,,,2.787,0.000582086,,,2.787,-0.00599829,,
2.788,0.00354326,,,2.788,0.00485933,,,2.788,0.000253067,,,2.788,-0.0043532,,
2.789,0.00288522,,,2.789,0.00453031,,,2.789,0.000582086,,,2.789,-0.00336614,,
2.79,0.00189816,,,2.79,0.00321424,,,2.79,0.000582086,,,2.79,-0.00237908,,
2.791,0.000911104,,,2.791,0.00321424,,,2.791,0.000253067,,,2.791,-0.00172105,,
2.792,-7.60E-05,,,2.792,0.00189816,,,2.792,-7.60E-05,,,2.792,-0.00106301,,
2.793,-0.00106301,,,2.793,0.000911104,,,2.793,-0.000404971,,,2.793,0.000253067,,
2.794,-0.00237908,,,2.794,-7.60E-05,,,2.794,-0.00073399,,,2.794,0.000911104,,
2.795,-0.00303712,,,2.795,-0.00106301,,,2.795,-0.00139203,,,2.795,0.00156914,,
2.796,-0.0043532,,,2.796,-0.00369516,,,2.796,-0.00205007,,,2.796,0.00189816,,
2.797,-0.00468222,,,2.797,-0.0043532,,,2.797,-0.0027081,,,2.797,0.00222718,,
2.798,-0.00566927,,,2.798,-0.00501124,,,2.798,-0.00336614,,,2.798,0.00189816,,
2.799,-0.00665633,,,2.799,-0.00599829,,,2.799,-0.0043532,,,2.799,0.00222718,,
2.8,-0.00764339,,,2.8,-0.00731437,,,2.8,-0.0043532,,,2.8,0.00288522,,
2.801,-0.00797241,,,2.801,-0.00863044,,,2.801,-0.00501124,,,2.801,0.00189816,,
2.802,-0.00863044,,,2.802,-0.0096175,,,2.802,-0.00599829,,,2.802,0.00189816,,
2.803,-0.00863044,,,2.803,-0.0102755,,,2.803,-0.00599829,,,2.803,0.00156914,,
2.804,-0.00830143,,,2.804,-0.0102755,,,2.804,-0.00599829,,,2.804,0.000911104,,
2.805,-0.00830143,,,2.805,-0.0102755,,,2.805,-0.00632731,,,2.805,0.000253067,,
2.806,-0.00830143,,,2.806,-0.0102755,,,2.806,-0.00599829,,,2.806,-0.000404971,,
2.807,-0.00731437,,,2.807,-0.0102755,,,2.807,-0.00632731,,,2.807,-0.00139203,,
2.808,-0.00665633,,,2.808,-0.00895946,,,2.808,-0.00566927,,,2.808,-0.00237908,,
2.809,-0.00632731,,,2.809,-0.00797241,,,2.809,-0.00632731,,,2.809,-0.0027081,,
2.81,-0.00534025,,,2.81,-0.00731437,,,2.81,-0.00599829,,,2.81,-0.00402418,,
2.811,-0.0043532,,,2.811,-0.00632731,,,2.811,-0.00501124,,,2.811,-0.00468222,,
2.812,-0.00336614,,,2.812,-0.00534025,,,2.812,-0.00501124,,,2.812,-0.00501124,,
2.813,-0.00237908,,,2.813,-0.00468222,,,2.813,-0.00402418,,,2.813,-0.00632731,,
2.814,-0.00106301,,,2.814,-0.00237908,,,2.814,-0.00402418,,,2.814,-0.00731437,,
2.815,0.000253067,,,2.815,-0.00139203,,,2.815,-0.00303712,,,2.815,-0.00764339,,
2.816,0.00124012,,,2.816,-0.000404971,,,2.816,-0.00303712,,,2.816,-0.00797241,,
2.817,0.00156914,,,2.817,0.000911104,,,2.817,-0.00237908,,,2.817,-0.00863044,,
2.818,0.00288522,,,2.818,0.00156914,,,2.818,-0.00139203,,,2.818,-0.00830143,,
2.819,0.00321424,,,2.819,0.00288522,,,2.819,-0.00172105,,,2.819,-0.00764339,,
2.82,0.00321424,,,2.82,0.00354326,,,2.82,-0.00106301,,,2.82,-0.00797241,,
2.821,0.00354326,,,2.821,0.00387227,,,2.821,-0.00106301,,,2.821,-0.00698535,,
2.822,0.00387227,,,2.822,0.00453031,,,2.822,0.000582086,,,2.822,-0.00632731,,
2.823,0.00354326,,,2.823,0.00485933,,,2.823,0.000253067,,,2.823,-0.00534025,,
2.824,0.00288522,,,2.824,0.00453031,,,2.824,0.000582086,,,2.824,-0.00468222,,
2.825,0.00288522,,,2.825,0.00420129,,,2.825,0.000582086,,,2.825,-0.00402418,,
2.826,0.00222718,,,2.826,0.00387227,,,2.826,0.000253067,,,2.826,-0.00336614,,
2.827,0.00156914,,,2.827,0.00387227,,,2.827,0.000253067,,,2.827,-0.0027081,,
2.828,0.000582086,,,2.828,0.00288522,,,2.828,0.000582086,,,2.828,-0.00172105,,
2.829,-0.000404971,,,2.829,0.00222718,,,2.829,-0.000404971,,,2.829,-0.00073399,,
2.83,-0.00139203,,,2.83,0.000582086,,,2.83,-0.000404971,,,2.83,-0.000404971,,
2.831,-0.00237908,,,2.831,-0.000404971,,,2.831,-0.00139203,,,2.831,0.000582086,,
2.832,-0.00336614,,,2.832,-0.00106301,,,2.832,-0.00237908,,,2.832,0.000582086,,
2.833,-0.00402418,,,2.833,-0.00303712,,,2.833,-0.0027081,,,2.833,0.00156914,,
2.834,-0.00468222,,,2.834,-0.00402418,,,2.834,-0.0027081,,,2.834,0.00189816,,
2.835,-0.00566927,,,2.835,-0.00501124,,,2.835,-0.00369516,,,2.835,0.00222718,,
2.836,-0.00665633,,,2.836,-0.00698535,,,2.836,-0.00402418,,,2.836,0.0025562,,
2.837,-0.00731437,,,2.837,-0.00797241,,,2.837,-0.0043532,,,2.837,0.0025562,,
2.838,-0.00797241,,,2.838,-0.00863044,,,2.838,-0.00501124,,,2.838,0.00189816,,
2.839,-0.00797241,,,2.839,-0.00928848,,,2.839,-0.00599829,,,2.839,0.00189816,,
2.84,-0.00895946,,,2.84,-0.0102755,,,2.84,-0.00566927,,,2.84,0.00124012,,
2.841,-0.00863044,,,2.841,-0.0102755,,,2.841,-0.00599829,,,2.841,0.000582086,,
2.842,-0.00830143,,,2.842,-0.0096175,,,2.842,-0.00566927,,,2.842,0.000253067,,
2.843,-0.00731437,,,2.843,-0.0096175,,,2.843,-0.00566927,,,2.843,-0.00073399,,
2.844,-0.00731437,,,2.844,-0.00928848,,,2.844,-0.00599829,,,2.844,-0.00106301,,
2.845,-0.00632731,,,2.845,-0.00863044,,,2.845,-0.00599829,,,2.845,-0.00237908,,
2.846,-0.00534025,,,2.846,-0.00797241,,,2.846,-0.00566927,,,2.846,-0.00237908,,
2.847,-0.0043532,,,2.847,-0.00698535,,,2.847,-0.00599829,,,2.847,-0.00402418,,
2.848,-0.00369516,,,2.848,-0.00632731,,,2.848,-0.00534025,,,2.848,-0.00501124,,
2.849,-0.0027081,,,2.849,-0.00534025,,,2.849,-0.00468222,,,2.849,-0.00566927,,
2.85,-0.00172105,,,2.85,-0.00336614,,,2.85,-0.00402418,,,2.85,-0.00632731,,
2.851,-0.000404971,,,2.851,-0.00336614,,,2.851,-0.00369516,,,2.851,-0.00698535,,
2.852,-7.60E-05,,,2.852,-0.00139203,,,2.852,-0.00336614,,,2.852,-0.00698535,,
2.853,0.00124012,,,2.853,-0.000404971,,,2.853,-0.00237908,,,2.853,-0.00764339,,
2.854,0.00189816,,,2.854,0.000911104,,,2.854,-0.00205007,,,2.854,-0.00764339,,
2.855,0.00222718,,,2.855,0.00156914,,,2.855,-0.00172105,,,2.855,-0.00731437,,
2.856,0.0025562,,,2.856,0.0025562,,,2.856,-0.00073399,,,2.856,-0.00731437,,
2.857,0.00354326,,,2.857,0.00288522,,,2.857,-7.60E-05,,,2.857,-0.00698535,,
2.858,0.00288522,,,2.858,0.00420129,,,2.858,0.000911104,,,2.858,-0.00665633,,
2.859,0.00321424,,,2.859,0.00387227,,,2.859,0.000582086,,,2.859,-0.00632731,,
2.86,0.0025562,,,2.86,0.00420129,,,2.86,-7.60E-05,,,2.86,-0.00534025,,
2.861,0.0025562,,,2.861,0.00453031,,,2.861,0.000582086,,,2.861,-0.00501124,,
2.862,0.00189816,,,2.862,0.00387227,,,2.862,0.000582086,,,2.862,-0.00369516,,
2.863,0.00124012,,,2.863,0.00387227,,,2.863,0.000911104,,,2.863,-0.00336614,,
2.864,0.000911104,,,2.864,0.00321424,,,2.864,0.000253067,,,2.864,-0.00237908,,
2.865,0.000582086,,,2.865,0.0025562,,,2.865,-0.00106301,,,2.865,-0.00073399,,
2.866,-0.00106301,,,2.866,0.000911104,,,2.866,-0.000404971,,,2.866,-0.00073399,,
2.867,-0.00139203,,,2.867,0.000253067,,,2.867,-0.00139203,,,2.867,-7.60E-05,,
2.868,-0.0027081,,,2.868,-0.00073399,,,2.868,-0.00172105,,,2.868,0.000253067,,
2.869,-0.00336614,,,2.869,-0.00205007,,,2.869,-0.00237908,,,2.869,0.000911104,,
2.87,-0.0043532,,,2.87,-0.00336614,,,2.87,-0.00237908,,,2.87,0.00124012,,
2.871,-0.00566927,,,2.871,-0.00468222,,,2.871,-0.00336614,,,2.871,0.00189816,,
2.872,-0.00632731,,,2.872,-0.00566927,,,2.872,-0.00369516,,,2.872,0.0025562,,
2.873,-0.00665633,,,2.873,-0.00665633,,,2.873,-0.00336614,,,2.873,0.00222718,,
2.874,-0.00731437,,,2.874,-0.00698535,,,2.874,-0.0043532,,,2.874,0.00189816,,
2.875,-0.00731437,,,2.875,-0.00797241,,,2.875,-0.0043532,,,2.875,0.00189816,,
2.876,-0.00764339,,,2.876,-0.00863044,,,2.876,-0.00534025,,,2.876,0.00222718,,
2.877,-0.00830143,,,2.877,-0.00863044,,,2.877,-0.00566927,,,2.877,0.000911104,,
2.878,-0.00830143,,,2.878,-0.00928848,,,2.878,-0.00566927,,,2.878,0.000582086,,
2.879,-0.00764339,,,2.879,-0.00928848,,,2.879,-0.00599829,,,2.879,-7.60E-05,,
2.88,-0.00698535,,,2.88,-0.00895946,,,2.88,-0.00599829,,,2.88,-0.00106301,,
2.881,-0.00632731,,,2.881,-0.00863044,,,2.881,-0.00566927,,,2.881,-0.00205007,,
2.882,-0.00599829,,,2.882,-0.00863044,,,2.882,-0.00566927,,,2.882,-0.00336614,,
2.883,-0.00501124,,,2.883,-0.00731437,,,2.883,-0.00566927,,,2.883,-0.00369516,,
2.884,-0.00402418,,,2.884,-0.00665633,,,2.884,-0.00501124,,,2.884,-0.00468222,,
2.885,-0.00303712,,,2.885,-0.00566927,,,2.885,-0.00468222,,,2.885,-0.00534025,,
2.886,-0.00205007,,,2.886,-0.00534025,,,2.886,-0.00468222,,,2.886,-0.00599829,,
2.887,-0.00139203,,,2.887,-0.00369516,,,2.887,-0.0043532,,,2.887,-0.00632731,,
2.888,-0.000404971,,,2.888,-0.0027081,,,2.888,-0.00336614,,,2.888,-0.00665633,,
2.889,-0.000404971,,,2.889,-0.00172105,,,2.889,-0.00303712,,,2.889,-0.00698535,,
2.89,0.000911104,,,2.89,-0.00073399,,,2.89,-0.00205007,,,2.89,-0.00632731,,
2.891,0.00156914,,,2.891,0.000911104,,,2.891,-0.00172105,,,2.891,-0.00698535,,
2.892,0.00222718,,,2.892,0.00124012,,,2.892,-0.00139203,,,2.892,-0.00764339,,
2.893,0.00222718,,,2.893,0.00222718,,,2.893,-0.000404971,,,2.893,-0.00665633,,
2.894,0.0025562,,,2.894,0.0025562,,,2.894,-7.60E-05,,,2.894,-0.00632731,,
2.895,0.00321424,,,2.895,0.00354326,,,2.895,0.000253067,,,2.895,-0.00599829,,
2.896,0.00288522,,,2.896,0.00387227,,,2.896,0.000911104,,,2.896,-0.00632731,,
2.897,0.00222718,,,2.897,0.00420129,,,2.897,-7.60E-05,,,2.897,-0.00534025,,
2.898,0.0025562,,,2.898,0.00387227,,,2.898,0.000582086,,,2.898,-0.0043532,,
2.899,0.00189816,,,2.899,0.00354326,,,2.899,-7.60E-05,,,2.899,-0.00402418,,
2.9,0.00156914,,,2.9,0.00288522,,,2.9,-7.60E-05,,,2.9,-0.00336614,,
2.901,0.000911104,,,2.901,0.00222718,,,2.901,-7.60E-05,,,2.901,-0.00205007,,
2.902,-0.000404971,,,2.902,0.00156914,,,2.902,-0.00073399,,,2.902,-0.00139203,,
2.903,-0.00073399,,,2.903,0.000911104,,,2.903,-0.00106301,,,2.903,-0.00106301,,
2.904,-0.00172105,,,2.904,-7.60E-05,,,2.904,-0.00106301,,,2.904,-7.60E-05,,
2.905,-0.00303712,,,2.905,-0.00172105,,,2.905,-0.00205007,,,2.905,0.000253067,,
2.906,-0.00369516,,,2.906,-0.00205007,,,2.906,-0.00303712,,,2.906,0.000911104,,
2.907,-0.0043532,,,2.907,-0.00336614,,,2.907,-0.00303712,,,2.907,0.00189816,,
2.908,-0.00534025,,,2.908,-0.00468222,,,2.908,-0.00303712,,,2.908,0.00189816,,
2.909,-0.00632731,,,2.909,-0.00566927,,,2.909,-0.00336614,,,2.909,0.00189816,,
2.91,-0.00665633,,,2.91,-0.00599829,,,2.91,-0.00369516,,,2.91,0.00222718,,
2.911,-0.00731437,,,2.911,-0.00698535,,,2.911,-0.0043532,,,2.911,0.00222718,,
2.912,-0.00632731,,,2.912,-0.00764339,,,2.912,-0.00501124,,,2.912,0.00156914,,
2.913,-0.00764339,,,2.913,-0.00863044,,,2.913,-0.00501124,,,2.913,0.000582086,,
2.914,-0.00731437,,,2.914,-0.00863044,,,2.914,-0.00566927,,,2.914,0.000582086,,
2.915,-0.00698535,,,2.915,-0.00863044,,,2.915,-0.00501124,,,2.915,0.000253067,,
2.916,-0.00665633,,,2.916,-0.00895946,,,2.916,-0.00599829,,,2.916,-0.00106301,,
2.917,-0.00599829,,,2.917,-0.00863044,,,2.917,-0.00566927,,,2.917,-0.00172105,,
2.918,-0.00599829,,,2.918,-0.00797241,,,2.918,-0.00566927,,,2.918,-0.0027081,,
2.919,-0.00501124,,,2.919,-0.00731437,,,2.919,-0.00566927,,,2.919,-0.00303712,,
2.92,-0.00402418,,,2.92,-0.00731437,,,2.92,-0.00534025,,,2.92,-0.00402418,,
2.921,-0.00369516,,,2.921,-0.00599829,,,2.921,-0.00468222,,,2.921,-0.00402418,,
2.922,-0.00303712,,,2.922,-0.00632731,,,2.922,-0.00468222,,,2.922,-0.00501124,,
2.923,-0.00172105,,,2.923,-0.0043532,,,2.923,-0.00369516,,,2.923,-0.00534025,,
2.924,-0.00139203,,,2.924,-0.00369516,,,2.924,-0.00336614,,,2.924,-0.00632731,,
2.925,-0.00073399,,,2.925,-0.0027081,,,2.925,-0.0027081,,,2.925,-0.00632731,,
2.926,0.000582086,,,2.926,-0.00172105,,,2.926,-0.00237908,,,2.926,-0.00698535,,
2.927,0.00124012,,,2.927,-0.00073399,,,2.927,-0.00172105,,,2.927,-0.00665633,,
2.928,0.00189816,,,2.928,-7.60E-05,,,2.928,-0.00172105,,,2.928,-0.00698535,,
2.929,0.00189816,,,2.929,0.00124012,,,2.929,-0.00073399,,,2.929,-0.00731437,,
2.93,0.0025562,,,2.93,0.0025562,,,2.93,-0.00073399,,,2.93,-0.00698535,,
2.931,0.0025562,,,2.931,0.00288522,,,2.931,-0.00073399,,,2.931,-0.00665633,,
2.932,0.00288522,,,2.932,0.00354326,,,2.932,-7.60E-05,,,2.932,-0.00632731,,
2.933,0.00288522,,,2.933,0.00354326,,,2.933,0.000253067,,,2.933,-0.00599829,,
2.934,0.0025562,,,2.934,0.00354326,,,2.934,-0.000404971,,,2.934,-0.00534025,,
2.935,0.00189816,,,2.935,0.00321424,,,2.935,0.000253067,,,2.935,-0.0043532,,
2.936,0.00189816,,,2.936,0.00321424,,,2.936,-0.000404971,,,2.936,-0.00303712,,
2.937,0.000911104,,,2.937,0.00288522,,,2.937,-0.000404971,,,2.937,-0.0027081,,
2.938,-7.60E-05,,,2.938,0.00222718,,,2.938,-0.00073399,,,2.938,-0.00205007,,
2.939,-0.00073399,,,2.939,0.000253067,,,2.939,-0.000404971,,,2.939,-0.00139203,,
2.94,-0.00172105,,,2.94,0.000582086,,,2.94,-0.00139203,,,2.94,-0.000404971,,
2.941,-0.00237908,,,2.941,-7.60E-05,,,2.941,-0.00139203,,,2.941,0.000253067,,
2.942,-0.00336614,,,2.942,-0.00106301,,,2.942,-0.00172105,,,2.942,0.000582086,,
2.943,-0.00402418,,,2.943,-0.0027081,,,2.943,-0.0027081,,,2.943,0.00124012,,
2.944,-0.00501124,,,2.944,-0.00336614,,,2.944,-0.00237908,,,2.944,0.00124012,,
2.945,-0.00501124,,,2.945,-0.0043532,,,2.945,-0.00303712,,,2.945,0.00124012,,
2.946,-0.00599829,,,2.946,-0.00534025,,,2.946,-0.00402418,,,2.946,0.00124012,,
2.947,-0.00665633,,,2.947,-0.00632731,,,2.947,-0.0043532,,,2.947,0.000911104,,
2.948,-0.00731437,,,2.948,-0.00698535,,,2.948,-0.00501124,,,2.948,0.00156914,,
2.949,-0.00698535,,,2.949,-0.00764339,,,2.949,-0.00501124,,,2.949,0.00124012,,
2.95,-0.00698535,,,2.95,-0.00797241,,,2.95,-0.00566927,,,2.95,0.000582086,,
2.951,-0.00665633,,,2.951,-0.00863044,,,2.951,-0.00566927,,,2.951,0.000253067,,
2.952,-0.00665633,,,2.952,-0.00895946,,,2.952,-0.00599829,,,2.952,-7.60E-05,,
2.953,-0.00632731,,,2.953,-0.00830143,,,2.953,-0.00599829,,,2.953,-0.00106301,,
2.954,-0.00599829,,,2.954,-0.00830143,,,2.954,-0.00534025,,,2.954,-0.00172105,,
2.955,-0.00534025,,,2.955,-0.00797241,,,2.955,-0.00501124,,,2.955,-0.00237908,,
2.956,-0.00501124,,,2.956,-0.00764339,,,2.956,-0.00534025,,,2.956,-0.0027081,,
2.957,-0.00402418,,,2.957,-0.00632731,,,2.957,-0.00468222,,,2.957,-0.00402418,,
2.958,-0.00336614,,,2.958,-0.00599829,,,2.958,-0.0043532,,,2.958,-0.00468222,,
2.959,-0.00237908,,,2.959,-0.00501124,,,2.959,-0.00369516,,,2.959,-0.00534025,,
2.96,-0.00205007,,,2.96,-0.00402418,,,2.96,-0.00336614,,,2.96,-0.00534025,,
2.961,-0.00073399,,,2.961,-0.00303712,,,2.961,-0.0027081,,,2.961,-0.00599829,,
2.962,-0.000404971,,,2.962,-0.00172105,,,2.962,-0.0027081,,,2.962,-0.00599829,,
2.963,0.000253067,,,2.963,-0.00106301,,,2.963,-0.00205007,,,2.963,-0.00665633,,
2.964,0.000253067,,,2.964,-0.000404971,,,2.964,-0.00205007,,,2.964,-0.00665633,,
2.965,0.00124012,,,2.965,0.000582086,,,2.965,-0.00139203,,,2.965,-0.00632731,,
2.966,0.00222718,,,2.966,0.00156914,,,2.966,-0.00106301,,,2.966,-0.00665633,,
2.967,0.00222718,,,2.967,0.00189816,,,2.967,-0.00106301,,,2.967,-0.00665633,,
2.968,0.00222718,,,2.968,0.0025562,,,2.968,-0.00106301,,,2.968,-0.00632731,,
2.969,0.00222718,,,2.969,0.00288522,,,2.969,-0.00073399,,,2.969,-0.00599829,,
2.97,0.00189816,,,2.97,0.00321424,,,2.97,-0.000404971,,,2.97,-0.00501124,,
2.971,0.0025562,,,2.971,0.00222718,,,2.971,0.000253067,,,2.971,-0.0043532,,
2.972,0.00156914,,,2.972,0.00321424,,,2.972,-0.000404971,,,2.972,-0.00369516,,
2.973,0.00156914,,,2.973,0.00189816,,,2.973,-7.60E-05,,,2.973,-0.00303712,,
2.974,0.000253067,,,2.974,0.00156914,,,2.974,-0.000404971,,,2.974,-0.00237908,,
2.975,-7.60E-05,,,2.975,0.00124012,,,2.975,-0.000404971,,,2.975,-0.00172105,,
2.976,-0.00139203,,,2.976,0.000582086,,,2.976,-0.00073399,,,2.976,-0.000404971,,
2.977,-0.00205007,,,2.977,0.000253067,,,2.977,-0.00106301,,,2.977,-0.00106301,,
2.978,-0.00303712,,,2.978,-0.00073399,,,2.978,-0.00205007,,,2.978,0.000253067,,
2.979,-0.00369516,,,2.979,-0.00139203,,,2.979,-0.00237908,,,2.979,0.000582086,,
2.98,-0.0043532,,,2.98,-0.00237908,,,2.98,-0.00303712,,,2.98,0.000582086,,
2.981,-0.00468222,,,2.981,-0.00303712,,,2.981,-0.00336614,,,2.981,0.00124012,,
2.982,-0.00501124,,,2.982,-0.0043532,,,2.982,-0.00369516,,,2.982,0.000911104,,
2.983,-0.00566927,,,2.983,-0.00468222,,,2.983,-0.00336614,,,2.983,0.000911104,,
2.984,-0.00599829,,,2.984,-0.00599829,,,2.984,-0.00468222,,,2.984,0.00124012,,
2.985,-0.00632731,,,2.985,-0.00665633,,,2.985,-0.00501124,,,2.985,0.000911104,,
2.986,-0.00698535,,,2.986,-0.00731437,,,2.986,-0.00566927,,,2.986,0.000582086,,
2.987,-0.00698535,,,2.987,-0.00731437,,,2.987,-0.00566927,,,2.987,-0.000404971,,
2.988,-0.00665633,,,2.988,-0.00830143,,,2.988,-0.00599829,,,2.988,-7.60E-05,,
2.989,-0.00599829,,,2.989,-0.00764339,,,2.989,-0.00599829,,,2.989,-0.00073399,,
2.99,-0.00632731,,,2.99,-0.00764339,,,2.99,-0.00566927,,,2.99,-0.00106301,,
2.991,-0.00599829,,,2.991,-0.00797241,,,2.991,-0.00566927,,,2.991,-0.00172105,,
2.992,-0.00534025,,,2.992,-0.00698535,,,2.992,-0.00501124,,,2.992,-0.0027081,,
2.993,-0.00501124,,,2.993,-0.00665633,,,2.993,-0.00468222,,,2.993,-0.00336614,,
2.994,-0.00369516,,,2.994,-0.00599829,,,2.994,-0.0043532,,,2.994,-0.00369516,,
2.995,-0.00336614,,,2.995,-0.00566927,,,2.995,-0.00369516,,,2.995,-0.0043532,,
2.996,-0.00237908,,,2.996,-0.0043532,,,2.996,-0.00402418,,,2.996,-0.00501124,,
2.997,-0.00106301,,,2.997,-0.00336614,,,2.997,-0.00369516,,,2.997,-0.00599829,,
2.998,-0.00073399,,,2.998,-0.0027081,,,2.998,-0.00336614,,,2.998,-0.00665633,,
2.999,0.000253067,,,2.999,-0.00205007,,,2.999,-0.0027081,,,2.999,-0.00599829,,
3,0.000253067,,,3,-0.00106301,,,3,-0.00205007,,,3,-0.00665633,,
3.001,0.000911104,,,3.001,-7.60E-05,,,3.001,-0.00172105,,,3.001,-0.00665633,,
3.002,0.00189816,,,3.002,0.000253067,,,3.002,-0.00172105,,,3.002,-0.00698535,,
3.003,0.00222718,,,3.003,0.00124012,,,3.003,-0.00073399,,,3.003,-0.00632731,,
3.004,0.00189816,,,3.004,0.00189816,,,3.004,-0.00106301,,,3.004,-0.00566927,,
3.005,0.0025562,,,3.005,0.00189816,,,3.005,-0.000404971,,,3.005,-0.00599829,,
3.006,0.00189816,,,3.006,0.00222718,,,3.006,-7.60E-05,,,3.006,-0.00534025,,
3.007,0.00124012,,,3.007,0.00222718,,,3.007,-0.000404971,,,3.007,-0.00501124,,
3.008,0.00189816,,,3.008,0.0025562,,,3.008,0.000253067,,,3.008,-0.00402418,,
3.009,0.000582086,,,3.009,0.00222718,,,3.009,-7.60E-05,,,3.009,-0.00336614,,
3.01,0.000253067,,,3.01,0.00222718,,,3.01,-0.000404971,,,3.01,-0.00303712,,
3.011,-7.60E-05,,,3.011,0.00222718,,,3.011,-0.00073399,,,3.011,-0.00139203,,
3.012,-0.000404971,,,3.012,0.00156914,,,3.012,-0.00073399,,,3.012,-0.00172105,,
3.013,-0.00139203,,,3.013,0.000582086,,,3.013,-0.00106301,,,3.013,-0.00106301,,
3.014,-0.00205007,,,3.014,-0.000404971,,,3.014,-0.00106301,,,3.014,0.000253067,,
3.015,-0.0027081,,,3.015,-0.00106301,,,3.015,-0.00237908,,,3.015,-7.60E-05,,
3.016,-0.00303712,,,3.016,-0.00139203,,,3.016,-0.0027081,,,3.016,0.000253067,,
3.017,-0.00402418,,,3.017,-0.0027081,,,3.017,-0.00336614,,,3.017,0.000911104,,
3.018,-0.0043532,,,3.018,-0.00336614,,,3.018,-0.00369516,,,3.018,0.000911104,,
3.019,-0.00566927,,,3.019,-0.0043532,,,3.019,-0.00402418,,,3.019,0.00124012,,
3.02,-0.00599829,,,3.02,-0.00566927,,,3.02,-0.0043532,,,3.02,0.000911104,,
3.021,-0.00632731,,,3.021,-0.00632731,,,3.021,-0.0043532,,,3.021,0.000911104,,
3.022,-0.00665633,,,3.022,-0.00665633,,,3.022,-0.00501124,,,3.022,0.000911104,,
3.023,-0.00731437,,,3.023,-0.00665633,,,3.023,-0.00468222,,,3.023,0.000582086,,
3.024,-0.00665633,,,3.024,-0.00797241,,,3.024,-0.00534025,,,3.024,-7.60E-05,,
3.025,-0.00632731,,,3.025,-0.00764339,,,3.025,-0.00501124,,,3.025,-7.60E-05,,
3.026,-0.00632731,,,3.026,-0.00764339,,,3.026,-0.00501124,,,3.026,-0.00073399,,
3.027,-0.00599829,,,3.027,-0.00764339,,,3.027,-0.00534025,,,3.027,-0.00106301,,
3.028,-0.00534025,,,3.028,-0.00698535,,,3.028,-0.00534025,,,3.028,-0.00205007,,
3.029,-0.00501124,,,3.029,-0.00665633,,,3.029,-0.00468222,,,3.029,-0.0027081,,
3.03,-0.00402418,,,3.03,-0.00599829,,,3.03,-0.00501124,,,3.03,-0.00336614,,
3.031,-0.00336614,,,3.031,-0.00566927,,,3.031,-0.0043532,,,3.031,-0.00468222,,
3.032,-0.00237908,,,3.032,-0.00468222,,,3.032,-0.00402418,,,3.032,-0.00468222,,
3.033,-0.00172105,,,3.033,-0.00369516,,,3.033,-0.00369516,,,3.033,-0.00501124,,
3.034,-0.00106301,,,3.034,-0.0027081,,,3.034,-0.00303712,,,3.034,-0.00534025,,
3.035,-0.000404971,,,3.035,-0.00237908,,,3.035,-0.0027081,,,3.035,-0.00566927,,
3.036,-7.60E-05,,,3.036,-0.00205007,,,3.036,-0.0027081,,,3.036,-0.00665633,,
3.037,0.000582086,,,3.037,-0.00139203,,,3.037,-0.00237908,,,3.037,-0.00632731,,
3.038,0.000911104,,,3.038,-0.00106301,,,3.038,-0.00139203,,,3.038,-0.00665633,,
3.039,0.000911104,,,3.039,-7.60E-05,,,3.039,-0.00106301,,,3.039,-0.00632731,,
3.04,0.00189816,,,3.04,0.00124012,,,3.04,-0.00073399,,,3.04,-0.00599829,,
3.041,0.00156914,,,3.041,0.00156914,,,3.041,-0.000404971,,,3.041,-0.00534025,,
3.042,0.00124012,,,3.042,0.00156914,,,3.042,-7.60E-05,,,3.042,-0.00501124,,
3.043,0.00156914,,,3.043,0.00189816,,,3.043,-7.60E-05,,,3.043,-0.00534025,,
3.044,0.00124012,,,3.044,0.00288522,,,3.044,-7.60E-05,,,3.044,-0.0043532,,
3.045,0.00124012,,,3.045,0.00189816,,,3.045,-7.60E-05,,,3.045,-0.00336614,,
3.046,-7.60E-05,,,3.046,0.00189816,,,3.046,-7.60E-05,,,3.046,-0.0027081,,
3.047,-7.60E-05,,,3.047,0.00222718,,,3.047,-0.00073399,,,3.047,-0.00303712,,
3.048,-0.00073399,,,3.048,0.00156914,,,3.048,-0.00073399,,,3.048,-0.00205007,,
3.049,-0.00106301,,,3.049,0.000582086,,,3.049,-0.00172105,,,3.049,-0.00139203,,
3.05,-0.00139203,,,3.05,0.000253067,,,3.05,-0.00205007,,,3.05,-0.00106301,,
3.051,-0.00237908,,,3.051,-0.00073399,,,3.051,-0.00205007,,,3.051,-7.60E-05,,
3.052,-0.00303712,,,3.052,-0.00172105,,,3.052,-0.00237908,,,3.052,-7.60E-05,,
3.053,-0.00402418,,,3.053,-0.0027081,,,3.053,-0.00336614,,,3.053,0.000582086,,
3.054,-0.0043532,,,3.054,-0.00369516,,,3.054,-0.00303712,,,3.054,0.000582086,,
3.055,-0.00501124,,,3.055,-0.00468222,,,3.055,-0.00402418,,,3.055,0.000582086,,
3.056,-0.00599829,,,3.056,-0.00468222,,,3.056,-0.0043532,,,3.056,0.000911104,,
3.057,-0.00632731,,,3.057,-0.00534025,,,3.057,-0.00468222,,,3.057,0.000911104,,
3.058,-0.00632731,,,3.058,-0.00665633,,,3.058,-0.00468222,,,3.058,0.00124012,,
3.059,-0.00665633,,,3.059,-0.00665633,,,3.059,-0.00501124,,,3.059,0.000582086,,
3.06,-0.00632731,,,3.06,-0.00665633,,,3.06,-0.00501124,,,3.06,0.000582086,,
3.061,-0.00665633,,,3.061,-0.00731437,,,3.061,-0.00534025,,,3.061,-7.60E-05,,
3.062,-0.00599829,,,3.062,-0.00698535,,,3.062,-0.00534025,,,3.062,-7.60E-05,,
3.063,-0.00632731,,,3.063,-0.00731437,,,3.063,-0.00468222,,,3.063,-0.00139203,,
3.064,-0.00534025,,,3.064,-0.00731437,,,3.064,-0.00534025,,,3.064,-0.00172105,,
3.065,-0.00501124,,,3.065,-0.00665633,,,3.065,-0.00468222,,,3.065,-0.0027081,,
3.066,-0.00468222,,,3.066,-0.00632731,,,3.066,-0.00468222,,,3.066,-0.00336614,,
3.067,-0.00369516,,,3.067,-0.00566927,,,3.067,-0.00468222,,,3.067,-0.00369516,,
3.068,-0.0027081,,,3.068,-0.00534025,,,3.068,-0.0043532,,,3.068,-0.00402418,,
3.069,-0.00205007,,,3.069,-0.0043532,,,3.069,-0.00369516,,,3.069,-0.0043532,,
3.07,-0.00139203,,,3.07,-0.0043532,,,3.07,-0.00369516,,,3.07,-0.00501124,,
3.071,-0.00073399,,,3.071,-0.0027081,,,3.071,-0.00303712,,,3.071,-0.00534025,,
3.072,-0.000404971,,,3.072,-0.0027081,,,3.072,-0.00237908,,,3.072,-0.00534025,,
3.073,-7.60E-05,,,3.073,-0.00139203,,,3.073,-0.0027081,,,3.073,-0.00599829,,
3.074,0.000582086,,,3.074,-0.00073399,,,3.074,-0.00205007,,,3.074,-0.00632731,,
3.075,0.000582086,,,3.075,-0.000404971,,,3.075,-0.00139203,,,3.075,-0.00632731,,
3.076,0.00156914,,,3.076,0.000253067,,,3.076,-0.00106301,,,3.076,-0.00599829,,
3.077,0.00124012,,,3.077,0.000911104,,,3.077,-0.000404971,,,3.077,-0.00566927,,
3.078,0.00189816,,,3.078,0.00189816,,,3.078,-0.00073399,,,3.078,-0.00534025,,
3.079,0.00124012,,,3.079,0.00156914,,,3.079,-0.00073399,,,3.079,-0.00534025,,
3.08,0.00156914,,,3.08,0.00222718,,,3.08,-7.60E-05,,,3.08,-0.00501124,,
3.081,0.00156914,,,3.081,0.00156914,,,3.081,-0.00073399,,,3.081,-0.0043532,,
3.082,0.00124012,,,3.082,0.00222718,,,3.082,-0.00073399,,,3.082,-0.00336614,,
3.083,0.000582086,,,3.083,0.00189816,,,3.083,-0.000404971,,,3.083,-0.00336614,,
3.084,0.000253067,,,3.084,0.00124012,,,3.084,-0.00106301,,,3.084,-0.0027081,,
3.085,-0.000404971,,,3.085,0.000582086,,,3.085,-0.00073399,,,3.085,-0.00172105,,
3.086,-0.00139203,,,3.086,0.000253067,,,3.086,-0.00139203,,,3.086,-0.00106301,,
3.087,-0.00139203,,,3.087,-0.000404971,,,3.087,-0.00172105,,,3.087,-0.00073399,,
3.088,-0.00237908,,,3.088,-0.00073399,,,3.088,-0.00237908,,,3.088,-7.60E-05,,
3.089,-0.00336614,,,3.089,-0.00205007,,,3.089,-0.00237908,,,3.089,0.000253067,,
3.09,-0.0043532,,,3.09,-0.0027081,,,3.09,-0.0027081,,,3.09,0.00124012,,
3.091,-0.00501124,,,3.091,-0.00336614,,,3.091,-0.00336614,,,3.091,0.00124012,,
3.092,-0.00501124,,,3.092,-0.0043532,,,3.092,-0.00369516,,,3.092,0.00124012,,
3.093,-0.00599829,,,3.093,-0.00534025,,,3.093,-0.00369516,,,3.093,0.000582086,,
3.094,-0.00632731,,,3.094,-0.00566927,,,3.094,-0.00402418,,,3.094,0.000253067,,
3.095,-0.00599829,,,3.095,-0.00566927,,,3.095,-0.00468222,,,3.095,0.000253067,,
3.096,-0.00566927,,,3.096,-0.00632731,,,3.096,-0.00468222,,,3.096,0.000253067,,
3.097,-0.00599829,,,3.097,-0.00698535,,,3.097,-0.00501124,,,3.097,-7.60E-05,,
3.098,-0.00599829,,,3.098,-0.00698535,,,3.098,-0.00566927,,,3.098,-0.00106301,,
3.099,-0.00566927,,,3.099,-0.00698535,,,3.099,-0.00534025,,,3.099,-0.00073399,,
3.1,-0.00501124,,,3.1,-0.00698535,,,3.1,-0.00599829,,,3.1,-0.00172105,,
3.101,-0.00501124,,,3.101,-0.00698535,,,3.101,-0.00501124,,,3.101,-0.0027081,,
3.102,-0.0043532,,,3.102,-0.00599829,,,3.102,-0.0043532,,,3.102,-0.0027081,,
3.103,-0.00369516,,,3.103,-0.00599829,,,3.103,-0.00501124,,,3.103,-0.00303712,,
3.104,-0.00336614,,,3.104,-0.00566927,,,3.104,-0.0043532,,,3.104,-0.00402418,,
3.105,-0.00336614,,,3.105,-0.00501124,,,3.105,-0.00402418,,,3.105,-0.00402418,,
3.106,-0.00205007,,,3.106,-0.00468222,,,3.106,-0.00369516,,,3.106,-0.00501124,,
3.107,-0.00205007,,,3.107,-0.00402418,,,3.107,-0.0027081,,,3.107,-0.00501124,,
3.108,-0.00139203,,,3.108,-0.0027081,,,3.108,-0.00303712,,,3.108,-0.00566927,,
3.109,-7.60E-05,,,3.109,-0.00205007,,,3.109,-0.00205007,,,3.109,-0.00599829,,
3.11,-0.00073399,,,3.11,-0.00172105,,,3.11,-0.00172105,,,3.11,-0.00534025,,
3.111,0.000253067,,,3.111,-0.00073399,,,3.111,-0.00139203,,,3.111,-0.00599829,,
3.112,0.000582086,,,3.112,0.000911104,,,3.112,-0.00106301,,,3.112,-0.00599829,,
3.113,0.00189816,,,3.113,0.000582086,,,3.113,-0.00073399,,,3.113,-0.00599829,,
3.114,0.00156914,,,3.114,0.00124012,,,3.114,-0.00106301,,,3.114,-0.00566927,,
3.115,0.00156914,,,3.115,0.00124012,,,3.115,-0.00073399,,,3.115,-0.00566927,,
3.116,0.00124012,,,3.116,0.00189816,,,3.116,-0.00073399,,,3.116,-0.00534025,,
3.117,0.00124012,,,3.117,0.00222718,,,3.117,-0.00073399,,,3.117,-0.00501124,,
3.118,0.00124012,,,3.118,0.00124012,,,3.118,-0.00073399,,,3.118,-0.00369516,,
3.119,0.000582086,,,3.119,0.00189816,,,3.119,-0.00073399,,,3.119,-0.00369516,,
3.12,0.000253067,,,3.12,0.000911104,,,3.12,-0.000404971,,,3.12,-0.0027081,,
3.121,-0.00073399,,,3.121,0.000911104,,,3.121,-0.00139203,,,3.121,-0.00237908,,
3.122,-0.00106301,,,3.122,0.000253067,,,3.122,-0.00139203,,,3.122,-0.00172105,,
3.123,-0.00172105,,,3.123,-0.000404971,,,3.123,-0.00139203,,,3.123,-0.00106301,,
3.124,-0.0027081,,,3.124,-0.00073399,,,3.124,-0.00139203,,,3.124,-7.60E-05,,
3.125,-0.00303712,,,3.125,-0.00172105,,,3.125,-0.00172105,,,3.125,-0.000404971,,
3.126,-0.00402418,,,3.126,-0.00237908,,,3.126,-0.00237908,,,3.126,-0.000404971,,
3.127,-0.00369516,,,3.127,-0.00303712,,,3.127,-0.00237908,,,3.127,0.000582086,,
3.128,-0.00468222,,,3.128,-0.00336614,,,3.128,-0.00336614,,,3.128,0.00124012,,
3.129,-0.00501124,,,3.129,-0.00402418,,,3.129,-0.00369516,,,3.129,0.000582086,,
3.13,-0.00534025,,,3.13,-0.00501124,,,3.13,-0.00369516,,,3.13,0.000582086,,
3.131,-0.00534025,,,3.131,-0.00534025,,,3.131,-0.0043532,,,3.131,-7.60E-05,,
3.132,-0.00599829,,,3.132,-0.00566927,,,3.132,-0.00402418,,,3.132,-7.60E-05,,
3.133,-0.00599829,,,3.133,-0.00632731,,,3.133,-0.00501124,,,3.133,-7.60E-05,,
3.134,-0.00599829,,,3.134,-0.00632731,,,3.134,-0.00501124,,,3.134,-0.000404971,,
3.135,-0.00599829,,,3.135,-0.00665633,,,3.135,-0.00566927,,,3.135,-0.00139203,,
3.136,-0.00534025,,,3.136,-0.00665633,,,3.136,-0.00534025,,,3.136,-0.00073399,,
3.137,-0.00534025,,,3.137,-0.00698535,,,3.137,-0.00501124,,,3.137,-0.00139203,,
3.138,-0.00501124,,,3.138,-0.00665633,,,3.138,-0.00468222,,,3.138,-0.00205007,,
3.139,-0.00468222,,,3.139,-0.00665633,,,3.139,-0.00402418,,,3.139,-0.0027081,,
3.14,-0.00402418,,,3.14,-0.00566927,,,3.14,-0.00468222,,,3.14,-0.00303712,,
3.141,-0.00303712,,,3.141,-0.00534025,,,3.141,-0.00369516,,,3.141,-0.00402418,,
3.142,-0.0027081,,,3.142,-0.00468222,,,3.142,-0.00336614,,,3.142,-0.00468222,,
3.143,-0.00205007,,,3.143,-0.00369516,,,3.143,-0.00303712,,,3.143,-0.00534025,,
3.144,-0.00139203,,,3.144,-0.00336614,,,3.144,-0.00237908,,,3.144,-0.00534025,,
3.145,-0.00073399,,,3.145,-0.0027081,,,3.145,-0.0027081,,,3.145,-0.00599829,,
3.146,-0.000404971,,,3.146,-0.00172105,,,3.146,-0.00205007,,,3.146,-0.00566927,,
3.147,0.000582086,,,3.147,-0.000404971,,,3.147,-0.00139203,,,3.147,-0.00599829,,
3.148,0.000911104,,,3.148,-7.60E-05,,,3.148,-0.00106301,,,3.148,-0.00632731,,
3.149,0.000582086,,,3.149,0.000582086,,,3.149,-0.00073399,,,3.149,-0.00665633,,
3.15,0.00124012,,,3.15,0.000911104,,,3.15,-0.00073399,,,3.15,-0.00566927,,
3.151,0.00156914,,,3.151,0.00124012,,,3.151,-0.00073399,,,3.151,-0.00599829,,
3.152,0.00156914,,,3.152,0.00156914,,,3.152,-0.00073399,,,3.152,-0.00599829,,
3.153,0.00156914,,,3.153,0.00189816,,,3.153,-0.00106301,,,3.153,-0.00468222,,
3.154,0.000911104,,,3.154,0.00156914,,,3.154,-0.00073399,,,3.154,-0.0043532,,
3.155,0.000911104,,,3.155,0.00124012,,,3.155,-0.00073399,,,3.155,-0.00336614,,
3.156,0.000911104,,,3.156,0.000911104,,,3.156,-0.000404971,,,3.156,-0.00336614,,
3.157,-7.60E-05,,,3.157,0.000582086,,,3.157,-0.000404971,,,3.157,-0.00205007,,
3.158,-0.00073399,,,3.158,0.000253067,,,3.158,-0.00106301,,,3.158,-0.00237908,,
3.159,-0.00139203,,,3.159,0.000253067,,,3.159,-0.00106301,,,3.159,-0.00139203,,
3.16,-0.00172105,,,3.16,-0.000404971,,,3.16,-0.00205007,,,3.16,-0.00139203,,
3.161,-0.0027081,,,3.161,-0.00106301,,,3.161,-0.00172105,,,3.161,-0.000404971,,
3.162,-0.00336614,,,3.162,-0.00172105,,,3.162,-0.00237908,,,3.162,-0.000404971,,
3.163,-0.00369516,,,3.163,-0.00205007,,,3.163,-0.00303712,,,3.163,-0.000404971,,
3.164,-0.00402418,,,3.164,-0.0027081,,,3.164,-0.00336614,,,3.164,0.000253067,,
3.165,-0.00501124,,,3.165,-0.00369516,,,3.165,-0.00369516,,,3.165,0.000582086,,
3.166,-0.00501124,,,3.166,-0.00402418,,,3.166,-0.00468222,,,3.166,0.000582086,,
3.167,-0.00566927,,,3.167,-0.00501124,,,3.167,-0.0043532,,,3.167,-0.000404971,,
3.168,-0.00566927,,,3.168,-0.00534025,,,3.168,-0.00468222,,,3.168,-7.60E-05,,
3.169,-0.00566927,,,3.169,-0.00632731,,,3.169,-0.00501124,,,3.169,0.000582086,,
3.17,-0.00566927,,,3.17,-0.00599829,,,3.17,-0.00534025,,,3.17,-0.000404971,,
3.171,-0.00501124,,,3.171,-0.00665633,,,3.171,-0.00534025,,,3.171,-0.00073399,,
3.172,-0.00566927,,,3.172,-0.00665633,,,3.172,-0.00501124,,,3.172,-0.00073399,,
3.173,-0.00566927,,,3.173,-0.00698535,,,3.173,-0.00468222,,,3.173,-0.00106301,,
3.174,-0.00501124,,,3.174,-0.00665633,,,3.174,-0.00501124,,,3.174,-0.00205007,,
3.175,-0.00468222,,,3.175,-0.00632731,,,3.175,-0.0043532,,,3.175,-0.00205007,,
3.176,-0.00402418,,,3.176,-0.00599829,,,3.176,-0.0043532,,,3.176,-0.0027081,,
3.177,-0.00369516,,,3.177,-0.00566927,,,3.177,-0.00336614,,,3.177,-0.00336614,,
3.178,-0.00303712,,,3.178,-0.00468222,,,3.178,-0.00336614,,,3.178,-0.00369516,,
3.179,-0.0027081,,,3.179,-0.00402418,,,3.179,-0.00336614,,,3.179,-0.00468222,,
3.18,-0.00139203,,,3.18,-0.00336614,,,3.18,-0.0027081,,,3.18,-0.00534025,,
3.181,-0.00139203,,,3.181,-0.00303712,,,3.181,-0.0027081,,,3.181,-0.00534025,,
3.182,-0.00073399,,,3.182,-0.00172105,,,3.182,-0.00205007,,,3.182,-0.00599829,,
3.183,0.000253067,,,3.183,-0.00139203,,,3.183,-0.00237908,,,3.183,-0.00632731,,
3.184,0.000253067,,,3.184,-0.00073399,,,3.184,-0.00205007,,,3.184,-0.00566927,,
3.185,0.000911104,,,3.185,0.000253067,,,3.185,-0.00139203,,,3.185,-0.00599829,,
3.186,0.000911104,,,3.186,0.000253067,,,3.186,-0.00172105,,,3.186,-0.00632731,,
3.187,0.00124012,,,3.187,0.000582086,,,3.187,-0.00106301,,,3.187,-0.00566927,,
3.188,0.00124012,,,3.188,0.00124012,,,3.188,-0.00106301,,,3.188,-0.00534025,,
3.189,0.000582086,,,3.189,0.000582086,,,3.189,-0.00073399,,,3.189,-0.00534025,,
3.19,0.00124012,,,3.19,0.000911104,,,3.19,-0.000404971,,,3.19,-0.00468222,,
3.191,0.000582086,,,3.191,0.00124012,,,3.191,-0.00073399,,,3.191,-0.00402418,,
3.192,0.000253067,,,3.192,0.00156914,,,3.192,-0.00106301,,,3.192,-0.00369516,,
3.193,0.000253067,,,3.193,0.00124012,,,3.193,-0.00106301,,,3.193,-0.0027081,,
3.194,-0.000404971,,,3.194,0.000582086,,,3.194,-0.00073399,,,3.194,-0.00205007,,
3.195,-0.00106301,,,3.195,0.000253067,,,3.195,-0.00139203,,,3.195,-0.00205007,,
3.196,-0.00139203,,,3.196,0.000253067,,,3.196,-0.00172105,,,3.196,-0.00139203,,
3.197,-0.00205007,,,3.197,-0.00073399,,,3.197,-0.00237908,,,3.197,-0.00106301,,
3.198,-0.00237908,,,3.198,-0.00139203,,,3.198,-0.00237908,,,3.198,-0.00106301,,
3.199,-0.00303712,,,3.199,-0.00172105,,,3.199,-0.0027081,,,3.199,-7.60E-05,,
3.2,-0.00369516,,,3.2,-0.00205007,,,3.2,-0.00303712,,,3.2,-0.000404971,,
3.201,-0.00369516,,,3.201,-0.00369516,,,3.201,-0.00369516,,,3.201,-7.60E-05,,
3.202,-0.0043532,,,3.202,-0.00402418,,,3.202,-0.0043532,,,3.202,0.000253067,,
3.203,-0.00534025,,,3.203,-0.0043532,,,3.203,-0.00468222,,,3.203,0.000582086,,
3.204,-0.00566927,,,3.204,-0.00566927,,,3.204,-0.00468222,,,3.204,0.000253067,,
3.205,-0.00599829,,,3.205,-0.00566927,,,3.205,-0.0043532,,,3.205,-7.60E-05,,
3.206,-0.00566927,,,3.206,-0.00599829,,,3.206,-0.00468222,,,3.206,-0.000404971,,
3.207,-0.00599829,,,3.207,-0.00599829,,,3.207,-0.0043532,,,3.207,-7.60E-05,,
3.208,-0.00599829,,,3.208,-0.00632731,,,3.208,-0.00501124,,,3.208,-0.00073399,,
3.209,-0.00566927,,,3.209,-0.00632731,,,3.209,-0.0043532,,,3.209,-0.00073399,,
3.21,-0.00534025,,,3.21,-0.00665633,,,3.21,-0.00468222,,,3.21,-0.00139203,,
3.211,-0.00468222,,,3.211,-0.00566927,,,3.211,-0.00402418,,,3.211,-0.00205007,,
3.212,-0.00468222,,,3.212,-0.00599829,,,3.212,-0.00468222,,,3.212,-0.0027081,,
3.213,-0.00336614,,,3.213,-0.00534025,,,3.213,-0.00336614,,,3.213,-0.00336614,,
3.214,-0.0027081,,,3.214,-0.00534025,,,3.214,-0.00369516,,,3.214,-0.00369516,,
3.215,-0.00237908,,,3.215,-0.0043532,,,3.215,-0.0043532,,,3.215,-0.00468222,,
3.216,-0.00172105,,,3.216,-0.00402418,,,3.216,-0.00336614,,,3.216,-0.00468222,,
3.217,-0.00139203,,,3.217,-0.00336614,,,3.217,-0.00336614,,,3.217,-0.00501124,,
3.218,-0.00073399,,,3.218,-0.0027081,,,3.218,-0.00237908,,,3.218,-0.00534025,,
3.219,-0.000404971,,,3.219,-0.00172105,,,3.219,-0.00237908,,,3.219,-0.00566927,,
3.22,-7.60E-05,,,3.22,-0.00172105,,,3.22,-0.00237908,,,3.22,-0.00566927,,
3.221,0.000582086,,,3.221,-0.00106301,,,3.221,-0.00237908,,,3.221,-0.00566927,,
3.222,-7.60E-05,,,3.222,-0.00073399,,,3.222,-0.00172105,,,3.222,-0.00566927,,
3.223,0.000582086,,,3.223,-7.60E-05,,,3.223,-0.00139203,,,3.223,-0.00599829,,
3.224,0.000253067,,,3.224,0.000253067,,,3.224,-0.00106301,,,3.224,-0.00468222,,
3.225,0.000911104,,,3.225,0.000582086,,,3.225,-0.000404971,,,3.225,-0.00534025,,
3.226,0.000582086,,,3.226,0.000911104,,,3.226,-0.00073399,,,3.226,-0.00468222,,
3.227,0.000253067,,,3.227,0.00124012,,,3.227,-0.000404971,,,3.227,-0.0043532,,
3.228,0.000911104,,,3.228,0.000911104,,,3.228,-0.000404971,,,3.228,-0.00402418,,
3.229,-7.60E-05,,,3.229,0.00124012,,,3.229,-0.00106301,,,3.229,-0.00336614,,
3.23,-0.000404971,,,3.23,0.00124012,,,3.23,-0.00172105,,,3.23,-0.00237908,,
3.231,-0.00073399,,,3.231,0.000253067,,,3.231,-0.00139203,,,3.231,-0.0027081,,
3.232,-0.00139203,,,3.232,0.000253067,,,3.232,-0.00205007,,,3.232,-0.00172105,,
3.233,-0.00172105,,,3.233,-7.60E-05,,,3.233,-0.00205007,,,3.233,-0.00172105,,
3.234,-0.00237908,,,3.234,-0.00073399,,,3.234,-0.00237908,,,3.234,-0.00139203,,
3.235,-0.00303712,,,3.235,-0.00172105,,,3.235,-0.0027081,,,3.235,-0.000404971,,
3.236,-0.00303712,,,3.236,-0.00205007,,,3.236,-0.00336614,,,3.236,-0.000404971,,
3.237,-0.00369516,,,3.237,-0.0027081,,,3.237,-0.00336614,,,3.237,0.000253067,,
3.238,-0.00402418,,,3.238,-0.00402418,,,3.238,-0.00336614,,,3.238,0.000911104,,
3.239,-0.00468222,,,3.239,-0.0043532,,,3.239,-0.00402418,,,3.239,0.000911104,,
3.24,-0.00501124,,,3.24,-0.00501124,,,3.24,-0.0043532,,,3.24,0.000253067,,
3.241,-0.00534025,,,3.241,-0.00501124,,,3.241,-0.00402418,,,3.241,0.000582086,,
3.242,-0.00599829,,,3.242,-0.00534025,,,3.242,-0.0043532,,,3.242,0.000253067,,
3.243,-0.00566927,,,3.243,-0.00599829,,,3.243,-0.00501124,,,3.243,0.000582086,,
3.244,-0.00566927,,,3.244,-0.00599829,,,3.244,-0.0043532,,,3.244,-7.60E-05,,
3.245,-0.00566927,,,3.245,-0.00599829,,,3.245,-0.00402418,,,3.245,-0.00073399,,
3.246,-0.00501124,,,3.246,-0.00566927,,,3.246,-0.00468222,,,3.246,-0.00139203,,
3.247,-0.00501124,,,3.247,-0.00599829,,,3.247,-0.00468222,,,3.247,-0.00205007,,
3.248,-0.00468222,,,3.248,-0.00632731,,,3.248,-0.00468222,,,3.248,-0.00237908,,
3.249,-0.00402418,,,3.249,-0.00534025,,,3.249,-0.00402418,,,3.249,-0.0027081,,
3.25,-0.00369516,,,3.25,-0.00501124,,,3.25,-0.00402418,,,3.25,-0.00336614,,
3.251,-0.00303712,,,3.251,-0.00468222,,,3.251,-0.00336614,,,3.251,-0.00468222,,
3.252,-0.00237908,,,3.252,-0.0043532,,,3.252,-0.00369516,,,3.252,-0.0043532,,
3.253,-0.00172105,,,3.253,-0.00369516,,,3.253,-0.00336614,,,3.253,-0.0043532,,
3.254,-0.00106301,,,3.254,-0.00303712,,,3.254,-0.00237908,,,3.254,-0.00501124,,
3.255,-0.00139203,,,3.255,-0.00237908,,,3.255,-0.00205007,,,3.255,-0.00534025,,
3.256,-0.000404971,,,3.256,-0.00237908,,,3.256,-0.00205007,,,3.256,-0.00566927,,
3.257,-0.000404971,,,3.257,-0.00172105,,,3.257,-0.00172105,,,3.257,-0.00501124,,
3.258,0.000253067,,,3.258,-0.00106301,,,3.258,-0.00139203,,,3.258,-0.00566927,,
3.259,0.000253067,,,3.259,-0.000404971,,,3.259,-0.00139203,,,3.259,-0.00534025,,
3.26,0.000253067,,,3.26,-7.60E-05,,,3.26,-0.00106301,,,3.26,-0.00501124,,
3.261,0.000911104,,,3.261,0.000582086,,,3.261,-0.00073399,,,3.261,-0.00468222,,
3.262,0.000911104,,,3.262,0.000253067,,,3.262,-0.000404971,,,3.262,-0.0043532,,
3.263,0.000582086,,,3.263,0.00124012,,,3.263,-0.00106301,,,3.263,-0.00468222,,
3.264,-7.60E-05,,,3.264,0.00124012,,,3.264,-0.00106301,,,3.264,-0.00468222,,
3.265,0.000253067,,,3.265,0.000911104,,,3.265,-0.00106301,,,3.265,-0.00402418,,
3.266,-7.60E-05,,,3.266,0.000582086,,,3.266,-0.00139203,,,3.266,-0.00303712,,
3.267,-0.000404971,,,3.267,0.000582086,,,3.267,-0.00205007,,,3.267,-0.00336614,,
3.268,-0.00073399,,,3.268,0.000582086,,,3.268,-0.00237908,,,3.268,-0.00237908,,
3.269,-0.00106301,,,3.269,-7.60E-05,,,3.269,-0.00205007,,,3.269,-0.00172105,,
3.27,-0.00205007,,,3.27,-0.00073399,,,3.27,-0.00205007,,,3.27,-0.00106301,,
3.271,-0.00303712,,,3.271,-0.00139203,,,3.271,-0.0027081,,,3.271,-0.000404971,,
3.272,-0.00369516,,,3.272,-0.00205007,,,3.272,-0.00237908,,,3.272,-0.000404971,,
3.273,-0.00369516,,,3.273,-0.0027081,,,3.273,-0.00336614,,,3.273,-0.000404971,,
3.274,-0.0043532,,,3.274,-0.00336614,,,3.274,-0.00336614,,,3.274,0.000582086,,
3.275,-0.00468222,,,3.275,-0.00402418,,,3.275,-0.00369516,,,3.275,-7.60E-05,,
3.276,-0.00534025,,,3.276,-0.00402418,,,3.276,-0.00369516,,,3.276,0.000582086,,
3.277,-0.00566927,,,3.277,-0.0043532,,,3.277,-0.00468222,,,3.277,0.000582086,,
3.278,-0.00566927,,,3.278,-0.00501124,,,3.278,-0.0043532,,,3.278,0.000253067,,
3.279,-0.00534025,,,3.279,-0.00566927,,,3.279,-0.0043532,,,3.279,-7.60E-05,,
3.28,-0.00566927,,,3.28,-0.00599829,,,3.28,-0.0043532,,,3.28,-0.000404971,,
3.281,-0.00566927,,,3.281,-0.00599829,,,3.281,-0.0043532,,,3.281,-0.00073399,,
3.282,-0.00534025,,,3.282,-0.00534025,,,3.282,-0.0043532,,,3.282,-0.00106301,,
3.283,-0.00501124,,,3.283,-0.00534025,,,3.283,-0.00402418,,,3.283,-0.00139203,,
3.284,-0.0043532,,,3.284,-0.00566927,,,3.284,-0.0043532,,,3.284,-0.00205007,,
3.285,-0.0043532,,,3.285,-0.00566927,,,3.285,-0.0043532,,,3.285,-0.0027081,,
3.286,-0.00369516,,,3.286,-0.00534025,,,3.286,-0.00402418,,,3.286,-0.00336614,,
3.287,-0.00237908,,,3.287,-0.00468222,,,3.287,-0.00402418,,,3.287,-0.00369516,,
3.288,-0.0027081,,,3.288,-0.00501124,,,3.288,-0.00336614,,,3.288,-0.00402418,,
3.289,-0.0027081,,,3.289,-0.0043532,,,3.289,-0.00303712,,,3.289,-0.00402418,,
3.29,-0.00205007,,,3.29,-0.00369516,,,3.29,-0.00205007,,,3.29,-0.00402418,,
3.291,-0.00106301,,,3.291,-0.00336614,,,3.291,-0.00237908,,,3.291,-0.00501124,,
3.292,-0.00073399,,,3.292,-0.00237908,,,3.292,-0.00205007,,,3.292,-0.00501124,,
3.293,-0.000404971,,,3.293,-0.00205007,,,3.293,-0.00172105,,,3.293,-0.00501124,,
3.294,0.000253067,,,3.294,-0.00139203,,,3.294,-0.00139203,,,3.294,-0.00566927,,
3.295,0.000253067,,,3.295,-0.000404971,,,3.295,-0.00106301,,,3.295,-0.00534025,,
3.296,0.000253067,,,3.296,0.000253067,,,3.296,-0.00139203,,,3.296,-0.00566927,,
3.297,0.00124012,,,3.297,-7.60E-05,,,3.297,-0.00106301,,,3.297,-0.00501124,,
3.298,0.000582086,,,3.298,0.000582086,,,3.298,-0.00073399,,,3.298,-0.00534025,,
3.299,0.000582086,,,3.299,0.000582086,,,3.299,-0.00106301,,,3.299,-0.00468222,,
3.3,0.000911104,,,3.3,0.000911104,,,3.3,-0.00139203,,,3.3,-0.00468222,,
3.301,-7.60E-05,,,3.301,0.000911104,,,3.301,-0.00172105,,,3.301,-0.00402418,,
3.302,0.000253067,,,3.302,0.000911104,,,3.302,-0.00172105,,,3.302,-0.00369516,,
3.303,-0.00106301,,,3.303,0.000582086,,,3.303,-0.00106301,,,3.303,-0.0027081,,
3.304,-0.00073399,,,3.304,0.000253067,,,3.304,-0.00139203,,,3.304,-0.00237908,,
3.305,-0.00172105,,,3.305,-0.000404971,,,3.305,-0.00205007,,,3.305,-0.00205007,,
3.306,-0.00172105,,,3.306,-0.00139203,,,3.306,-0.00205007,,,3.306,-0.00139203,,
3.307,-0.00237908,,,3.307,-0.00139203,,,3.307,-0.00205007,,,3.307,-0.00073399,,
3.308,-0.00336614,,,3.308,-0.00205007,,,3.308,-0.00237908,,,3.308,-0.00073399,,
3.309,-0.00336614,,,3.309,-0.00237908,,,3.309,-0.0027081,,,3.309,-7.60E-05,,
3.31,-0.00369516,,,3.31,-0.00237908,,,3.31,-0.00336614,,,3.31,-7.60E-05,,
3.311,-0.00468222,,,3.311,-0.00369516,,,3.311,-0.00303712,,,3.311,-0.000404971,,
3.312,-0.0043532,,,3.312,-0.00402418,,,3.312,-0.00369516,,,3.312,0.000253067,,
3.313,-0.00501124,,,3.313,-0.00369516,,,3.313,-0.00369516,,,3.313,-0.000404971,,
3.314,-0.00501124,,,3.314,-0.0043532,,,3.314,-0.00402418,,,3.314,-7.60E-05,,
3.315,-0.00534025,,,3.315,-0.00468222,,,3.315,-0.00468222,,,3.315,-0.000404971,,
3.316,-0.00501124,,,3.316,-0.00566927,,,3.316,-0.00369516,,,3.316,-0.000404971,,
3.317,-0.00534025,,,3.317,-0.00566927,,,3.317,-0.0043532,,,3.317,-0.00139203,,
3.318,-0.00534025,,,3.318,-0.00599829,,,3.318,-0.0043532,,,3.318,-0.00106301,,
3.319,-0.00468222,,,3.319,-0.00599829,,,3.319,-0.00534025,,,3.319,-0.00172105,,
3.32,-0.00468222,,,3.32,-0.00566927,,,3.32,-0.00468222,,,3.32,-0.00172105,,
3.321,-0.00402418,,,3.321,-0.00566927,,,3.321,-0.00402418,,,3.321,-0.00237908,,
3.322,-0.00369516,,,3.322,-0.00566927,,,3.322,-0.00402418,,,3.322,-0.00237908,,
3.323,-0.00369516,,,3.323,-0.00534025,,,3.323,-0.00336614,,,3.323,-0.00303712,,
3.324,-0.00303712,,,3.324,-0.00566927,,,3.324,-0.00336614,,,3.324,-0.00336614,,
3.325,-0.0027081,,,3.325,-0.00402418,,,3.325,-0.00336614,,,3.325,-0.00369516,,
3.326,-0.00205007,,,3.326,-0.00402418,,,3.326,-0.00205007,,,3.326,-0.00468222,,
3.327,-0.00139203,,,3.327,-0.00336614,,,3.327,-0.00237908,,,3.327,-0.00468222,,
3.328,-0.00106301,,,3.328,-0.00237908,,,3.328,-0.00205007,,,3.328,-0.00501124,,
3.329,-0.00073399,,,3.329,-0.00237908,,,3.329,-0.00172105,,,3.329,-0.00566927,,
3.33,-0.000404971,,,3.33,-0.00172105,,,3.33,-0.00172105,,,3.33,-0.00534025,,
3.331,-7.60E-05,,,3.331,-0.00073399,,,3.331,-0.00172105,,,3.331,-0.00566927,,
3.332,0.000253067,,,3.332,-7.60E-05,,,3.332,-0.00139203,,,3.332,-0.00501124,,
3.333,0.000582086,,,3.333,-7.60E-05,,,3.333,-0.00172105,,,3.333,-0.00534025,,
3.334,0.000911104,,,3.334,0.000582086,,,3.334,-0.00106301,,,3.334,-0.00534025,,
3.335,0.000253067,,,3.335,0.000253067,,,3.335,-0.00106301,,,3.335,-0.00534025,,
3.336,0.000582086,,,3.336,0.000582086,,,3.336,-0.00106301,,,3.336,-0.0043532,,
3.337,0.000582086,,,3.337,0.000582086,,,3.337,-0.00106301,,,3.337,-0.00402418,,
3.338,-7.60E-05,,,3.338,0.000253067,,,3.338,-0.00073399,,,3.338,-0.00336614,,
3.339,-0.000404971,,,3.339,0.000253067,,,3.339,-0.00139203,,,3.339,-0.00336614,,
3.34,-0.00106301,,,3.34,0.000253067,,,3.34,-0.00172105,,,3.34,-0.00237908,,
3.341,-0.00106301,,,3.341,-7.60E-05,,,3.341,-0.00172105,,,3.341,-0.00205007,,
3.342,-0.00139203,,,3.342,-0.00073399,,,3.342,-0.00172105,,,3.342,-0.00172105,,
3.343,-0.00205007,,,3.343,-0.000404971,,,3.343,-0.0027081,,,3.343,-0.00139203,,
3.344,-0.0027081,,,3.344,-0.00172105,,,3.344,-0.00205007,,,3.344,-0.000404971,,
3.345,-0.00303712,,,3.345,-0.00205007,,,3.345,-0.00205007,,,3.345,-0.00106301,,
3.346,-0.00336614,,,3.346,-0.00205007,,,3.346,-0.0027081,,,3.346,-0.00073399,,
3.347,-0.00402418,,,3.347,-0.0027081,,,3.347,-0.00336614,,,3.347,-0.00073399,,
3.348,-0.00402418,,,3.348,-0.00303712,,,3.348,-0.00369516,,,3.348,-7.60E-05,,
3.349,-0.0043532,,,3.349,-0.00402418,,,3.349,-0.00369516,,,3.349,-7.60E-05,,
3.35,-0.00468222,,,3.35,-0.00402418,,,3.35,-0.00336614,,,3.35,-0.000404971,,
3.351,-0.00534025,,,3.351,-0.00468222,,,3.351,-0.0043532,,,3.351,-0.000404971,,
3.352,-0.00468222,,,3.352,-0.0043532,,,3.352,-0.0043532,,,3.352,-0.00106301,,
3.353,-0.00468222,,,3.353,-0.00534025,,,3.353,-0.00402418,,,3.353,-0.00073399,,
3.354,-0.00534025,,,3.354,-0.00566927,,,3.354,-0.0043532,,,3.354,-0.000404971,,
3.355,-0.00534025,,,3.355,-0.00599829,,,3.355,-0.0043532,,,3.355,-0.00172105,,
3.356,-0.00468222,,,3.356,-0.00599829,,,3.356,-0.0043532,,,3.356,-0.00205007,,
3.357,-0.00501124,,,3.357,-0.00566927,,,3.357,-0.00402418,,,3.357,-0.00205007,,
3.358,-0.0043532,,,3.358,-0.00566927,,,3.358,-0.00402418,,,3.358,-0.00205007,,
3.359,-0.00402418,,,3.359,-0.00599829,,,3.359,-0.00336614,,,3.359,-0.0027081,,
3.36,-0.00336614,,,3.36,-0.00468222,,,3.36,-0.00369516,,,3.36,-0.00303712,,
3.361,-0.00303712,,,3.361,-0.0043532,,,3.361,-0.00303712,,,3.361,-0.00336614,,
3.362,-0.00172105,,,3.362,-0.00369516,,,3.362,-0.0027081,,,3.362,-0.00336614,,
3.363,-0.00205007,,,3.363,-0.00336614,,,3.363,-0.00237908,,,3.363,-0.00468222,,
3.364,-0.00139203,,,3.364,-0.00237908,,,3.364,-0.00205007,,,3.364,-0.0043532,,
3.365,-0.00073399,,,3.365,-0.00237908,,,3.365,-0.00237908,,,3.365,-0.00566927,,
3.366,-7.60E-05,,,3.366,-0.00172105,,,3.366,-0.00205007,,,3.366,-0.00534025,,
3.367,-0.000404971,,,3.367,-0.00139203,,,3.367,-0.00205007,,,3.367,-0.00566927,,
3.368,0.000582086,,,3.368,-0.00073399,,,3.368,-0.00172105,,,3.368,-0.00501124,,
3.369,0.000582086,,,3.369,-0.000404971,,,3.369,-0.00139203,,,3.369,-0.00501124,,
3.37,0.000582086,,,3.37,-0.000404971,,,3.37,-0.00073399,,,3.37,-0.00468222,,
3.371,0.000582086,,,3.371,-7.60E-05,,,3.371,-0.00106301,,,3.371,-0.00468222,,
3.372,-7.60E-05,,,3.372,0.000253067,,,3.372,-0.00139203,,,3.372,-0.00402418,,
3.373,-0.000404971,,,3.373,-7.60E-05,,,3.373,-0.00106301,,,3.373,-0.0043532,,
3.374,-7.60E-05,,,3.374,0.000253067,,,3.374,-0.00106301,,,3.374,-0.00402418,,
3.375,-7.60E-05,,,3.375,0.000253067,,,3.375,-0.00073399,,,3.375,-0.00336614,,
3.376,-0.000404971,,,3.376,0.000253067,,,3.376,-0.00139203,,,3.376,-0.00303712,,
3.377,-0.00073399,,,3.377,-0.000404971,,,3.377,-0.00172105,,,3.377,-0.00237908,,
3.378,-0.00139203,,,3.378,-0.000404971,,,3.378,-0.00172105,,,3.378,-0.00205007,,
3.379,-0.00139203,,,3.379,-0.00073399,,,3.379,-0.00237908,,,3.379,-0.00237908,,
3.38,-0.00172105,,,3.38,-0.00139203,,,3.38,-0.00237908,,,3.38,-0.00106301,,
3.381,-0.00205007,,,3.381,-0.00139203,,,3.381,-0.0027081,,,3.381,-0.00106301,,
3.382,-0.0027081,,,3.382,-0.00172105,,,3.382,-0.00303712,,,3.382,-0.000404971,,
3.383,-0.00336614,,,3.383,-0.00205007,,,3.383,-0.00336614,,,3.383,-0.00073399,,
3.384,-0.00402418,,,3.384,-0.00303712,,,3.384,-0.00303712,,,3.384,-0.000404971,,
3.385,-0.00402418,,,3.385,-0.00336614,,,3.385,-0.00369516,,,3.385,-0.00073399,,
3.386,-0.0043532,,,3.386,-0.00402418,,,3.386,-0.00369516,,,3.386,0.000253067,,
3.387,-0.00468222,,,3.387,-0.00468222,,,3.387,-0.00402418,,,3.387,-7.60E-05,,
3.388,-0.00468222,,,3.388,-0.00468222,,,3.388,-0.0043532,,,3.388,-0.000404971,,
3.389,-0.0043532,,,3.389,-0.00534025,,,3.389,-0.00402418,,,3.389,-7.60E-05,,
3.39,-0.00468222,,,3.39,-0.00566927,,,3.39,-0.00402418,,,3.39,-0.00073399,,
3.391,-0.00501124,,,3.391,-0.00534025,,,3.391,-0.00468222,,,3.391,-0.00172105,,
3.392,-0.00534025,,,3.392,-0.00566927,,,3.392,-0.00402418,,,3.392,-0.00139203,,
3.393,-0.00468222,,,3.393,-0.00566927,,,3.393,-0.0043532,,,3.393,-0.00205007,,
3.394,-0.00402418,,,3.394,-0.00501124,,,3.394,-0.00402418,,,3.394,-0.00237908,,
3.395,-0.00402418,,,3.395,-0.00501124,,,3.395,-0.00369516,,,3.395,-0.0027081,,
3.396,-0.00303712,,,3.396,-0.00501124,,,3.396,-0.00336614,,,3.396,-0.00303712,,
3.397,-0.00303712,,,3.397,-0.0043532,,,3.397,-0.00303712,,,3.397,-0.00336614,,
3.398,-0.00237908,,,3.398,-0.00402418,,,3.398,-0.00336614,,,3.398,-0.00402418,,
3.399,-0.00205007,,,3.399,-0.00303712,,,3.399,-0.0027081,,,3.399,-0.00501124,,
3.4,-0.00139203,,,3.4,-0.00336614,,,3.4,-0.00303712,,,3.4,-0.00566927,,
3.401,-0.00073399,,,3.401,-0.0027081,,,3.401,-0.00303712,,,3.401,-0.00468222,,
3.402,-0.000404971,,,3.402,-0.00172105,,,3.402,-0.00237908,,,3.402,-0.00534025,,
3.403,-0.000404971,,,3.403,-0.00205007,,,3.403,-0.00205007,,,3.403,-0.00501124,,
3.404,-0.000404971,,,3.404,-0.00139203,,,3.404,-0.00172105,,,3.404,-0.00468222,,
3.405,-7.60E-05,,,3.405,-0.00073399,,,3.405,-0.00139203,,,3.405,-0.00501124,,
3.406,-7.60E-05,,,3.406,-0.000404971,,,3.406,-0.00139203,,,3.406,-0.00468222,,
3.407,-7.60E-05,,,3.407,-0.000404971,,,3.407,-0.00172105,,,3.407,-0.00501124,,
3.408,-7.60E-05,,,3.408,-0.000404971,,,3.408,-0.00073399,,,3.408,-0.0043532,,
3.409,0.000911104,,,3.409,0.000582086,,,3.409,-0.00139203,,,3.409,-0.00369516,,
3.41,-0.000404971,,,3.41,-7.60E-05,,,3.41,-0.00106301,,,3.41,-0.00402418,,
3.411,-7.60E-05,,,3.411,-7.60E-05,,,3.411,-0.00106301,,,3.411,-0.00336614,,
3.412,-0.000404971,,,3.412,0.000253067,,,3.412,-0.00106301,,,3.412,-0.00336614,,
3.413,-0.00073399,,,3.413,0.000253067,,,3.413,-0.00205007,,,3.413,-0.0027081,,
3.414,-0.00106301,,,3.414,0.000253067,,,3.414,-0.00172105,,,3.414,-0.00205007,,
3.415,-0.00139203,,,3.415,-7.60E-05,,,3.415,-0.00237908,,,3.415,-0.00205007,,
3.416,-0.00205007,,,3.416,-0.00073399,,,3.416,-0.0027081,,,3.416,-0.00172105,,
3.417,-0.00237908,,,3.417,-0.00106301,,,3.417,-0.00237908,,,3.417,-0.00139203,,
3.418,-0.00303712,,,3.418,-0.00172105,,,3.418,-0.00303712,,,3.418,-0.00106301,,
3.419,-0.00303712,,,3.419,-0.00205007,,,3.419,-0.00336614,,,3.419,-0.000404971,,
3.42,-0.0027081,,,3.42,-0.00237908,,,3.42,-0.00369516,,,3.42,-0.00073399,,
3.421,-0.00402418,,,3.421,-0.00336614,,,3.421,-0.00369516,,,3.421,-7.60E-05,,
3.422,-0.0043532,,,3.422,-0.0043532,,,3.422,-0.00369516,,,3.422,-0.00073399,,
3.423,-0.00468222,,,3.423,-0.0043532,,,3.423,-0.00402418,,,3.423,-7.60E-05,,
3.424,-0.00468222,,,3.424,-0.0043532,,,3.424,-0.00402418,,,3.424,-0.000404971,,
3.425,-0.00501124,,,3.425,-0.00468222,,,3.425,-0.00402418,,,3.425,-0.00073399,,
3.426,-0.00534025,,,3.426,-0.00501124,,,3.426,-0.00402418,,,3.426,-0.00106301,,
3.427,-0.00468222,,,3.427,-0.00534025,,,3.427,-0.00402418,,,3.427,-0.00106301,,
3.428,-0.00501124,,,3.428,-0.00534025,,,3.428,-0.00369516,,,3.428,-0.00139203,,
3.429,-0.00501124,,,3.429,-0.00501124,,,3.429,-0.00402418,,,3.429,-0.00172105,,
3.43,-0.00468222,,,3.43,-0.00501124,,,3.43,-0.00402418,,,3.43,-0.00205007,,
3.431,-0.00336614,,,3.431,-0.00468222,,,3.431,-0.00369516,,,3.431,-0.0027081,,
3.432,-0.00336614,,,3.432,-0.0043532,,,3.432,-0.0043532,,,3.432,-0.00336614,,
3.433,-0.00336614,,,3.433,-0.00402418,,,3.433,-0.00402418,,,3.433,-0.00303712,,
3.434,-0.0027081,,,3.434,-0.0043532,,,3.434,-0.00303712,,,3.434,-0.00402418,,
3.435,-0.00205007,,,3.435,-0.00336614,,,3.435,-0.00303712,,,3.435,-0.00369516,,
3.436,-0.00172105,,,3.436,-0.00402418,,,3.436,-0.0027081,,,3.436,-0.0043532,,
3.437,-0.00172105,,,3.437,-0.00303712,,,3.437,-0.00237908,,,3.437,-0.00468222,,
3.438,-0.00139203,,,3.438,-0.0027081,,,3.438,-0.00237908,,,3.438,-0.00501124,,
3.439,-0.00073399,,,3.439,-0.00172105,,,3.439,-0.00237908,,,3.439,-0.0043532,,
3.44,-0.00073399,,,3.44,-0.00172105,,,3.44,-0.00172105,,,3.44,-0.00501124,,
3.441,-0.000404971,,,3.441,-0.00106301,,,3.441,-0.00172105,,,3.441,-0.0043532,,
3.442,-7.60E-05,,,3.442,-0.00073399,,,3.442,-0.00172105,,,3.442,-0.00468222,,
3.443,-0.000404971,,,3.443,-0.000404971,,,3.443,-0.00172105,,,3.443,-0.0043532,,
3.444,0.000253067,,,3.444,-7.60E-05,,,3.444,-0.00073399,,,3.444,-0.00501124,,
3.445,0.000253067,,,3.445,-7.60E-05,,,3.445,-0.00139203,,,3.445,-0.0043532,,
3.446,-7.60E-05,,,3.446,0.000582086,,,3.446,-0.00106301,,,3.446,-0.00402418,,
3.447,-0.000404971,,,3.447,0.000253067,,,3.447,-0.00073399,,,3.447,-0.00468222,,
3.448,-0.000404971,,,3.448,0.000253067,,,3.448,-0.00139203,,,3.448,-0.00336614,,
3.449,-0.00106301,,,3.449,-7.60E-05,,,3.449,-0.00172105,,,3.449,-0.00336614,,
3.45,-0.00106301,,,3.45,-7.60E-05,,,3.45,-0.00172105,,,3.45,-0.00237908,,
3.451,-0.00139203,,,3.451,-0.000404971,,,3.451,-0.00237908,,,3.451,-0.00205007,,
3.452,-0.00139203,,,3.452,-7.60E-05,,,3.452,-0.00237908,,,3.452,-0.00237908,,
3.453,-0.00205007,,,3.453,-0.00106301,,,3.453,-0.0027081,,,3.453,-0.00139203,,
3.454,-0.00237908,,,3.454,-0.00139203,,,3.454,-0.0027081,,,3.454,-0.00139203,,
3.455,-0.00303712,,,3.455,-0.00172105,,,3.455,-0.0027081,,,3.455,-0.00139203,,
3.456,-0.00369516,,,3.456,-0.00237908,,,3.456,-0.00303712,,,3.456,-0.00073399,,
3.457,-0.00402418,,,3.457,-0.00336614,,,3.457,-0.00402418,,,3.457,-7.60E-05,,
3.458,-0.0043532,,,3.458,-0.00336614,,,3.458,-0.00369516,,,3.458,-0.000404971,,
3.459,-0.00402418,,,3.459,-0.00402418,,,3.459,-0.00369516,,,3.459,-0.00073399,,
3.46,-0.00468222,,,3.46,-0.0043532,,,3.46,-0.00369516,,,3.46,-0.000404971,,
3.461,-0.00468222,,,3.461,-0.00501124,,,3.461,-0.00369516,,,3.461,-7.60E-05,,
3.462,-0.00501124,,,3.462,-0.00468222,,,3.462,-0.00468222,,,3.462,-0.00073399,,
3.463,-0.00501124,,,3.463,-0.00501124,,,3.463,-0.00402418,,,3.463,-0.00073399,,
3.464,-0.0043532,,,3.464,-0.00501124,,,3.464,-0.0043532,,,3.464,-0.00106301,,
3.465,-0.00402418,,,3.465,-0.00501124,,,3.465,-0.0043532,,,3.465,-0.00205007,,
3.466,-0.00402418,,,3.466,-0.00501124,,,3.466,-0.00468222,,,3.466,-0.00205007,,
3.467,-0.00336614,,,3.467,-0.00534025,,,3.467,-0.0043532,,,3.467,-0.00237908,,
3.468,-0.00402418,,,3.468,-0.00468222,,,3.468,-0.00402418,,,3.468,-0.0027081,,
3.469,-0.00369516,,,3.469,-0.0043532,,,3.469,-0.00369516,,,3.469,-0.0027081,,
3.47,-0.0027081,,,3.47,-0.00402418,,,3.47,-0.00336614,,,3.47,-0.0027081,,
3.471,-0.0027081,,,3.471,-0.00402418,,,3.471,-0.00336614,,,3.471,-0.00336614,,
3.472,-0.00205007,,,3.472,-0.00402418,,,3.472,-0.00303712,,,3.472,-0.00369516,,
3.473,-0.00205007,,,3.473,-0.00336614,,,3.473,-0.00336614,,,3.473,-0.00402418,,
3.474,-0.00172105,,,3.474,-0.00303712,,,3.474,-0.00237908,,,3.474,-0.00402418,,
3.475,-0.00139203,,,3.475,-0.00237908,,,3.475,-0.00139203,,,3.475,-0.0043532,,
3.476,-0.00106301,,,3.476,-0.00172105,,,3.476,-0.00172105,,,3.476,-0.00468222,,
3.477,-0.00073399,,,3.477,-0.00205007,,,3.477,-0.00172105,,,3.477,-0.0043532,,
3.478,0.000253067,,,3.478,-0.00139203,,,3.478,-0.00172105,,,3.478,-0.00501124,,
3.479,-7.60E-05,,,3.479,-0.000404971,,,3.479,-0.00139203,,,3.479,-0.00468222,,
3.48,0.000253067,,,3.48,-0.000404971,,,3.48,-0.00172105,,,3.48,-0.00468222,,
3.481,-7.60E-05,,,3.481,-7.60E-05,,,3.481,-0.00106301,,,3.481,-0.00468222,,
3.482,-7.60E-05,,,3.482,-7.60E-05,,,3.482,-0.00172105,,,3.482,-0.00468222,,
3.483,0.000253067,,,3.483,-7.60E-05,,,3.483,-0.00205007,,,3.483,-0.00369516,,
3.484,-0.000404971,,,3.484,0.000253067,,,3.484,-0.00106301,,,3.484,-0.00402418,,
3.485,-0.00073399,,,3.485,0.000253067,,,3.485,-0.00205007,,,3.485,-0.00369516,,
3.486,-0.000404971,,,3.486,0.000253067,,,3.486,-0.00237908,,,3.486,-0.0027081,,
3.487,-0.00139203,,,3.487,-0.000404971,,,3.487,-0.00205007,,,3.487,-0.0027081,,
3.488,-0.00172105,,,3.488,-0.00073399,,,3.488,-0.00237908,,,3.488,-0.00205007,,
3.489,-0.00172105,,,3.489,-0.00106301,,,3.489,-0.00237908,,,3.489,-0.00172105,,
3.49,-0.00237908,,,3.49,-0.00139203,,,3.49,-0.0027081,,,3.49,-0.00106301,,
3.491,-0.0027081,,,3.491,-0.00205007,,,3.491,-0.00237908,,,3.491,-0.00106301,,
3.492,-0.00303712,,,3.492,-0.00205007,,,3.492,-0.00336614,,,3.492,-0.00073399,,
3.493,-0.00402418,,,3.493,-0.0027081,,,3.493,-0.00336614,,,3.493,-0.000404971,,
3.494,-0.00402418,,,3.494,-0.0027081,,,3.494,-0.00336614,,,3.494,-0.000404971,,
3.495,-0.00402418,,,3.495,-0.00336614,,,3.495,-0.00369516,,,3.495,-0.00073399,,
3.496,-0.0043532,,,3.496,-0.00402418,,,3.496,-0.00369516,,,3.496,-0.00073399,,
3.497,-0.00468222,,,3.497,-0.00402418,,,3.497,-0.00402418,,,3.497,-0.000404971,,
3.498,-0.00468222,,,3.498,-0.00369516,,,3.498,-0.00402418,,,3.498,-0.000404971,,
3.499,-0.00402418,,,3.499,-0.00402418,,,3.499,-0.00369516,,,3.499,-0.000404971,,
3.5,-0.0043532,,,3.5,-0.00468222,,,3.5,-0.00369516,,,3.5,-0.00106301,,
3.501,-0.00468222,,,3.501,-0.0043532,,,3.501,-0.00402418,,,3.501,-0.00172105,,
3.502,-0.00402418,,,3.502,-0.00501124,,,3.502,-0.00402418,,,3.502,-0.00205007,,
3.503,-0.00402418,,,3.503,-0.00534025,,,3.503,-0.0043532,,,3.503,-0.00205007,,
3.504,-0.00369516,,,3.504,-0.00468222,,,3.504,-0.0043532,,,3.504,-0.00237908,,
3.505,-0.00336614,,,3.505,-0.00468222,,,3.505,-0.00369516,,,3.505,-0.00237908,,
3.506,-0.00336614,,,3.506,-0.0043532,,,3.506,-0.00369516,,,3.506,-0.00303712,,
3.507,-0.0027081,,,3.507,-0.0043532,,,3.507,-0.00303712,,,3.507,-0.00303712,,
3.508,-0.0027081,,,3.508,-0.00369516,,,3.508,-0.00303712,,,3.508,-0.00303712,,
3.509,-0.00237908,,,3.509,-0.00369516,,,3.509,-0.0027081,,,3.509,-0.00369516,,
3.51,-0.00139203,,,3.51,-0.00369516,,,3.51,-0.0027081,,,3.51,-0.00402418,,
3.511,-0.00139203,,,3.511,-0.00237908,,,3.511,-0.00205007,,,3.511,-0.00468222,,
3.512,-0.00106301,,,3.512,-0.00237908,,,3.512,-0.00172105,,,3.512,-0.0043532,,
3.513,-0.00106301,,,3.513,-0.00205007,,,3.513,-0.00172105,,,3.513,-0.00534025,,
3.514,-7.60E-05,,,3.514,-0.00106301,,,3.514,-0.00139203,,,3.514,-0.00468222,,
3.515,-0.000404971,,,3.515,-0.00073399,,,3.515,-0.00139203,,,3.515,-0.00501124,,
3.516,-7.60E-05,,,3.516,-0.000404971,,,3.516,-0.00106301,,,3.516,-0.0043532,,
3.517,0.000253067,,,3.517,-7.60E-05,,,3.517,-0.00205007,,,3.517,-0.0043532,,
3.518,-7.60E-05,,,3.518,-7.60E-05,,,3.518,-0.00106301,,,3.518,-0.0043532,,
3.519,-7.60E-05,,,3.519,0.000253067,,,3.519,-0.00172105,,,3.519,-0.00468222,,
3.52,-0.00073399,,,3.52,-7.60E-05,,,3.52,-0.00172105,,,3.52,-0.00369516,,
3.521,-0.000404971,,,3.521,-0.000404971,,,3.521,-0.00205007,,,3.521,-0.00369516,,
3.522,-0.00073399,,,3.522,-0.000404971,,,3.522,-0.00205007,,,3.522,-0.00336614,,
3.523,-0.00106301,,,3.523,-0.000404971,,,3.523,-0.00205007,,,3.523,-0.0027081,,
3.524,-0.00205007,,,3.524,-0.000404971,,,3.524,-0.00205007,,,3.524,-0.00205007,,
3.525,-0.00205007,,,3.525,-0.00106301,,,3.525,-0.00205007,,,3.525,-0.00139203,,
3.526,-0.00237908,,,3.526,-0.00139203,,,3.526,-0.00237908,,,3.526,-0.00172105,,
3.527,-0.0027081,,,3.527,-0.00172105,,,3.527,-0.00303712,,,3.527,-0.00139203,,
3.528,-0.0027081,,,3.528,-0.00205007,,,3.528,-0.00303712,,,3.528,-0.00073399,,
3.529,-0.00369516,,,3.529,-0.00237908,,,3.529,-0.00303712,,,3.529,-0.00139203,,
3.53,-0.00336614,,,3.53,-0.00237908,,,3.53,-0.00336614,,,3.53,-0.00073399,,
3.531,-0.00369516,,,3.531,-0.00303712,,,3.531,-0.00336614,,,3.531,-0.00073399,,
3.532,-0.00402418,,,3.532,-0.00336614,,,3.532,-0.00402418,,,3.532,-0.00106301,,
3.533,-0.00402418,,,3.533,-0.00369516,,,3.533,-0.00402418,,,3.533,-0.00073399,,
3.534,-0.00402418,,,3.534,-0.00369516,,,3.534,-0.0043532,,,3.534,-0.00139203,,
3.535,-0.0043532,,,3.535,-0.0043532,,,3.535,-0.00402418,,,3.535,-0.00139203,,
3.536,-0.0043532,,,3.536,-0.00468222,,,3.536,-0.00402418,,,3.536,-0.00172105,,
3.537,-0.0043532,,,3.537,-0.00501124,,,3.537,-0.00402418,,,3.537,-0.00073399,,
3.538,-0.00402418,,,3.538,-0.00501124,,,3.538,-0.00402418,,,3.538,-0.00106301,,
3.539,-0.0043532,,,3.539,-0.00501124,,,3.539,-0.00369516,,,3.539,-0.00172105,,
3.54,-0.00369516,,,3.54,-0.00468222,,,3.54,-0.00336614,,,3.54,-0.00205007,,
3.541,-0.00369516,,,3.541,-0.00566927,,,3.541,-0.00369516,,,3.541,-0.00237908,,
3.542,-0.00336614,,,3.542,-0.00468222,,,3.542,-0.00369516,,,3.542,-0.00237908,,
3.543,-0.0027081,,,3.543,-0.00468222,,,3.543,-0.00303712,,,3.543,-0.00303712,,
3.544,-0.0027081,,,3.544,-0.00336614,,,3.544,-0.00237908,,,3.544,-0.0027081,,
3.545,-0.00172105,,,3.545,-0.00369516,,,3.545,-0.00336614,,,3.545,-0.00369516,,
3.546,-0.00205007,,,3.546,-0.00336614,,,3.546,-0.00237908,,,3.546,-0.00402418,,
3.547,-0.00172105,,,3.547,-0.00303712,,,3.547,-0.00205007,,,3.547,-0.0043532,,
3.548,-0.00139203,,,3.548,-0.00237908,,,3.548,-0.00172105,,,3.548,-0.00468222,,
3.549,-0.000404971,,,3.549,-0.00172105,,,3.549,-0.00172105,,,3.549,-0.00468222,,
3.55,-0.000404971,,,3.55,-0.00205007,,,3.55,-0.00172105,,,3.55,-0.00501124,,
3.551,-0.000404971,,,3.551,-0.00073399,,,3.551,-0.00172105,,,3.551,-0.00501124,,
3.552,-7.60E-05,,,3.552,-0.00106301,,,3.552,-0.00172105,,,3.552,-0.00501124,,
3.553,-7.60E-05,,,3.553,-0.00073399,,,3.553,-0.00172105,,,3.553,-0.00468222,,
3.554,-0.000404971,,,3.554,-0.000404971,,,3.554,-0.00139203,,,3.554,-0.00501124,,
3.555,-0.00106301,,,3.555,-0.00073399,,,3.555,-0.00139203,,,3.555,-0.0043532,,
3.556,-7.60E-05,,,3.556,-0.000404971,,,3.556,-0.00172105,,,3.556,-0.00402418,,
3.557,-0.00073399,,,3.557,-0.00073399,,,3.557,-0.00139203,,,3.557,-0.00369516,,
3.558,-0.00073399,,,3.558,-0.00106301,,,3.558,-0.00139203,,,3.558,-0.00369516,,
3.559,-0.00139203,,,3.559,-0.000404971,,,3.559,-0.00172105,,,3.559,-0.00303712,,
3.56,-0.00172105,,,3.56,-0.00073399,,,3.56,-0.00205007,,,3.56,-0.0027081,,
3.561,-0.00172105,,,3.561,-0.00106301,,,3.561,-0.00205007,,,3.561,-0.00205007,,
3.562,-0.00205007,,,3.562,-0.00106301,,,3.562,-0.00172105,,,3.562,-0.00205007,,
3.563,-0.00205007,,,3.563,-0.00106301,,,3.563,-0.00303712,,,3.563,-0.00172105,,
3.564,-0.00237908,,,3.564,-0.00172105,,,3.564,-0.00369516,,,3.564,-0.00172105,,
3.565,-0.00237908,,,3.565,-0.00205007,,,3.565,-0.0027081,,,3.565,-0.00106301,,
3.566,-0.00303712,,,3.566,-0.0027081,,,3.566,-0.00336614,,,3.566,-0.00139203,,
3.567,-0.00336614,,,3.567,-0.00303712,,,3.567,-0.00336614,,,3.567,-0.00172105,,
3.568,-0.00369516,,,3.568,-0.00303712,,,3.568,-0.00369516,,,3.568,-0.00172105,,
3.569,-0.00402418,,,3.569,-0.00402418,,,3.569,-0.00402418,,,3.569,-0.000404971,,
3.57,-0.00369516,,,3.57,-0.00369516,,,3.57,-0.00402418,,,3.57,-0.00073399,,
3.571,-0.00468222,,,3.571,-0.0043532,,,3.571,-0.00369516,,,3.571,-0.00106301,,
3.572,-0.00369516,,,3.572,-0.00468222,,,3.572,-0.00468222,,,3.572,-0.00073399,,
3.573,-0.0043532,,,3.573,-0.00501124,,,3.573,-0.00369516,,,3.573,-0.00106301,,
3.574,-0.0043532,,,3.574,-0.00501124,,,3.574,-0.00369516,,,3.574,-0.00106301,,
3.575,-0.0043532,,,3.575,-0.00501124,,,3.575,-0.00369516,,,3.575,-0.00139203,,
3.576,-0.00402418,,,3.576,-0.00468222,,,3.576,-0.00369516,,,3.576,-0.00139203,,
3.577,-0.0043532,,,3.577,-0.0043532,,,3.577,-0.00303712,,,3.577,-0.00237908,,
3.578,-0.0027081,,,3.578,-0.00501124,,,3.578,-0.00303712,,,3.578,-0.00205007,,
3.579,-0.00303712,,,3.579,-0.00468222,,,3.579,-0.00303712,,,3.579,-0.0027081,,
3.58,-0.00237908,,,3.58,-0.00369516,,,3.58,-0.0027081,,,3.58,-0.00336614,,
3.581,-0.00172105,,,3.581,-0.00336614,,,3.581,-0.00237908,,,3.581,-0.0043532,,
3.582,-0.00205007,,,3.582,-0.00303712,,,3.582,-0.00205007,,,3.582,-0.00369516,,
3.583,-0.00106301,,,3.583,-0.00237908,,,3.583,-0.0027081,,,3.583,-0.00402418,,
3.584,-0.00139203,,,3.584,-0.00205007,,,3.584,-0.0027081,,,3.584,-0.00468222,,
3.585,-0.00073399,,,3.585,-0.0027081,,,3.585,-0.00205007,,,3.585,-0.00402418,,
3.586,-0.00073399,,,3.586,-0.00205007,,,3.586,-0.00237908,,,3.586,-0.00501124,,
3.587,-7.60E-05,,,3.587,-0.00139203,,,3.587,-0.00205007,,,3.587,-0.0043532,,
3.588,-7.60E-05,,,3.588,-0.00172105,,,3.588,-0.00172105,,,3.588,-0.00468222,,
3.589,-0.00073399,,,3.589,-0.00106301,,,3.589,-0.00139203,,,3.589,-0.0043532,,
3.59,-0.000404971,,,3.59,-0.00073399,,,3.59,-0.00172105,,,3.59,-0.0043532,,
3.591,-0.00073399,,,3.591,-0.00106301,,,3.591,-0.00106301,,,3.591,-0.0043532,,
3.592,-0.000404971,,,3.592,-0.000404971,,,3.592,-0.00106301,,,3.592,-0.00402418,,
3.593,-0.000404971,,,3.593,-0.000404971,,,3.593,-0.00073399,,,3.593,-0.00369516,,
3.594,-0.00106301,,,3.594,-0.000404971,,,3.594,-0.00172105,,,3.594,-0.00369516,,
3.595,-0.00139203,,,3.595,-0.000404971,,,3.595,-0.00139203,,,3.595,-0.00369516,,
3.596,-0.00139203,,,3.596,-0.000404971,,,3.596,-0.00205007,,,3.596,-0.0027081,,
3.597,-0.00139203,,,3.597,-0.00073399,,,3.597,-0.00237908,,,3.597,-0.00237908,,
3.598,-0.00106301,,,3.598,-7.60E-05,,,3.598,-0.00237908,,,3.598,-0.00237908,,
3.599,-0.00205007,,,3.599,-0.00106301,,,3.599,-0.00303712,,,3.599,-0.00237908,,
3.6,-0.00205007,,,3.6,-0.00172105,,,3.6,-0.00336614,,,3.6,-0.00205007,,
3.601,-0.00237908,,,3.601,-0.00205007,,,3.601,-0.00336614,,,3.601,-0.00205007,,
3.602,-0.00303712,,,3.602,-0.00205007,,,3.602,-0.00402418,,,3.602,-0.00139203,,
3.603,-0.0027081,,,3.603,-0.0027081,,,3.603,-0.00336614,,,3.603,-0.00106301,,
3.604,-0.00369516,,,3.604,-0.0027081,,,3.604,-0.00369516,,,3.604,-0.00073399,,
3.605,-0.00402418,,,3.605,-0.00369516,,,3.605,-0.00336614,,,3.605,-0.00073399,,
3.606,-0.0043532,,,3.606,-0.00336614,,,3.606,-0.00402418,,,3.606,-0.00073399,,
3.607,-0.0043532,,,3.607,-0.0043532,,,3.607,-0.00402418,,,3.607,-0.00073399,,
3.608,-0.0043532,,,3.608,-0.0043532,,,3.608,-0.00369516,,,3.608,-0.00073399,,
3.609,-0.00402418,,,3.609,-0.00534025,,,3.609,-0.00369516,,,3.609,-0.00106301,,
3.61,-0.00369516,,,3.61,-0.00501124,,,3.61,-0.00402418,,,3.61,-0.00139203,,
3.611,-0.00402418,,,3.611,-0.0043532,,,3.611,-0.00369516,,,3.611,-0.00172105,,
3.612,-0.00468222,,,3.612,-0.0043532,,,3.612,-0.00369516,,,3.612,-0.00106301,,
3.613,-0.00369516,,,3.613,-0.00468222,,,3.613,-0.00402418,,,3.613,-0.0027081,,
3.614,-0.00303712,,,3.614,-0.00402418,,,3.614,-0.00336614,,,3.614,-0.00237908,,
3.615,-0.0027081,,,3.615,-0.00336614,,,3.615,-0.00303712,,,3.615,-0.0027081,,
3.616,-0.0027081,,,3.616,-0.0043532,,,3.616,-0.00303712,,,3.616,-0.00336614,,
3.617,-0.00237908,,,3.617,-0.00369516,,,3.617,-0.0027081,,,3.617,-0.00336614,,
3.618,-0.00205007,,,3.618,-0.00336614,,,3.618,-0.00303712,,,3.618,-0.00336614,,
3.619,-0.00139203,,,3.619,-0.00303712,,,3.619,-0.0027081,,,3.619,-0.00402418,,
3.62,-0.00139203,,,3.62,-0.00336614,,,3.62,-0.0027081,,,3.62,-0.00402418,,
3.621,-0.00106301,,,3.621,-0.00237908,,,3.621,-0.0027081,,,3.621,-0.0043532,,
3.622,-0.00106301,,,3.622,-0.00237908,,,3.622,-0.00237908,,,3.622,-0.0043532,,
3.623,-0.000404971,,,3.623,-0.00172105,,,3.623,-0.00172105,,,3.623,-0.00468222,,
3.624,-0.00073399,,,3.624,-0.00205007,,,3.624,-0.00139203,,,3.624,-0.0043532,,
3.625,-0.00073399,,,3.625,-0.00106301,,,3.625,-0.00172105,,,3.625,-0.00501124,,
3.626,-0.00073399,,,3.626,-0.00106301,,,3.626,-0.00139203,,,3.626,-0.00402418,,
3.627,-0.00073399,,,3.627,-7.60E-05,,,3.627,-0.00139203,,,3.627,-0.00402418,,
3.628,-0.000404971,,,3.628,-7.60E-05,,,3.628,-0.00139203,,,3.628,-0.0043532,,
3.629,-0.000404971,,,3.629,-7.60E-05,,,3.629,-0.00172105,,,3.629,-0.0043532,,
3.63,-0.000404971,,,3.63,-7.60E-05,,,3.63,-0.00205007,,,3.63,-0.00303712,,
3.631,-0.000404971,,,3.631,-0.000404971,,,3.631,-0.00205007,,,3.631,-0.00369516,,
3.632,-0.000404971,,,3.632,-0.000404971,,,3.632,-0.00205007,,,3.632,-0.00336614,,
3.633,-0.00172105,,,3.633,-0.00073399,,,3.633,-0.00237908,,,3.633,-0.0027081,,
3.634,-0.00139203,,,3.634,-0.00073399,,,3.634,-0.0027081,,,3.634,-0.00237908,,
3.635,-0.00172105,,,3.635,-0.00106301,,,3.635,-0.0027081,,,3.635,-0.00237908,,
3.636,-0.00205007,,,3.636,-0.00106301,,,3.636,-0.0027081,,,3.636,-0.00237908,,
3.637,-0.00237908,,,3.637,-0.00172105,,,3.637,-0.00303712,,,3.637,-0.00172105,,
3.638,-0.00303712,,,3.638,-0.00237908,,,3.638,-0.00303712,,,3.638,-0.00139203,,
3.639,-0.00336614,,,3.639,-0.0027081,,,3.639,-0.00303712,,,3.639,-0.00106301,,
3.64,-0.0043532,,,3.64,-0.00336614,,,3.64,-0.00336614,,,3.64,-0.00106301,,
3.641,-0.00336614,,,3.641,-0.00303712,,,3.641,-0.00369516,,,3.641,-0.00106301,,
3.642,-0.00369516,,,3.642,-0.00303712,,,3.642,-0.00336614,,,3.642,-0.00106301,,
3.643,-0.00369516,,,3.643,-0.00369516,,,3.643,-0.00336614,,,3.643,-0.00073399,,
3.644,-0.00468222,,,3.644,-0.00402418,,,3.644,-0.00402418,,,3.644,-0.00106301,,
3.645,-0.0043532,,,3.645,-0.0043532,,,3.645,-0.00402418,,,3.645,-0.00106301,,
3.646,-0.00369516,,,3.646,-0.0043532,,,3.646,-0.00336614,,,3.646,-0.00172105,,
3.647,-0.00402418,,,3.647,-0.0043532,,,3.647,-0.0043532,,,3.647,-0.00139203,,
3.648,-0.00369516,,,3.648,-0.00501124,,,3.648,-0.00402418,,,3.648,-0.00205007,,
3.649,-0.00369516,,,3.649,-0.00369516,,,3.649,-0.00369516,,,3.649,-0.00205007,,
3.65,-0.00303712,,,3.65,-0.0043532,,,3.65,-0.00369516,,,3.65,-0.0027081,,
3.651,-0.00303712,,,3.651,-0.0043532,,,3.651,-0.00369516,,,3.651,-0.00237908,,
3.652,-0.0027081,,,3.652,-0.0043532,,,3.652,-0.00369516,,,3.652,-0.0027081,,
3.653,-0.00237908,,,3.653,-0.00336614,,,3.653,-0.00336614,,,3.653,-0.00303712,,
3.654,-0.00237908,,,3.654,-0.00336614,,,3.654,-0.0027081,,,3.654,-0.00303712,,
3.655,-0.00205007,,,3.655,-0.0027081,,,3.655,-0.00237908,,,3.655,-0.00402418,,
3.656,-0.00205007,,,3.656,-0.00336614,,,3.656,-0.00303712,,,3.656,-0.00336614,,
3.657,-0.00139203,,,3.657,-0.00237908,,,3.657,-0.00237908,,,3.657,-0.00402418,,
3.658,-0.00205007,,,3.658,-0.00237908,,,3.658,-0.00172105,,,3.658,-0.0043532,,
3.659,-0.00139203,,,3.659,-0.00205007,,,3.659,-0.00172105,,,3.659,-0.0043532,,
3.66,-0.00106301,,,3.66,-0.00139203,,,3.66,-0.00205007,,,3.66,-0.00402418,,
3.661,-0.000404971,,,3.661,-0.00073399,,,3.661,-0.00172105,,,3.661,-0.0043532,,
3.662,-0.00073399,,,3.662,-0.00106301,,,3.662,-0.00172105,,,3.662,-0.0043532,,
3.663,-0.000404971,,,3.663,-0.00073399,,,3.663,-0.00172105,,,3.663,-0.00402418,,
3.664,-0.000404971,,,3.664,-0.000404971,,,3.664,-0.00172105,,,3.664,-0.0043532,,
3.665,-0.000404971,,,3.665,-0.00073399,,,3.665,-0.00237908,,,3.665,-0.00468222,,
3.666,-0.00073399,,,3.666,-0.000404971,,,3.666,-0.00205007,,,3.666,-0.00402418,,
3.667,-0.00073399,,,3.667,0.000253067,,,3.667,-0.00237908,,,3.667,-0.00369516,,
3.668,-0.00073399,,,3.668,-0.00073399,,,3.668,-0.00205007,,,3.668,-0.00336614,,
3.669,-0.00139203,,,3.669,-0.00073399,,,3.669,-0.00205007,,,3.669,-0.0027081,,
3.67,-0.00172105,,,3.67,-0.00106301,,,3.67,-0.00237908,,,3.67,-0.0027081,,
3.671,-0.00237908,,,3.671,-0.00106301,,,3.671,-0.00303712,,,3.671,-0.00172105,,
3.672,-0.00205007,,,3.672,-0.00139203,,,3.672,-0.0027081,,,3.672,-0.00205007,,
3.673,-0.0027081,,,3.673,-0.00205007,,,3.673,-0.0027081,,,3.673,-0.00172105,,
3.674,-0.0027081,,,3.674,-0.00237908,,,3.674,-0.0027081,,,3.674,-0.00172105,,
3.675,-0.00336614,,,3.675,-0.00205007,,,3.675,-0.00303712,,,3.675,-0.00139203,,
3.676,-0.00336614,,,3.676,-0.00303712,,,3.676,-0.00369516,,,3.676,-0.00106301,,
3.677,-0.00369516,,,3.677,-0.00303712,,,3.677,-0.00336614,,,3.677,-0.00106301,,
3.678,-0.00402418,,,3.678,-0.00336614,,,3.678,-0.00336614,,,3.678,-0.00106301,,
3.679,-0.00402418,,,3.679,-0.00336614,,,3.679,-0.00369516,,,3.679,-0.00073399,,
3.68,-0.0043532,,,3.68,-0.00336614,,,3.68,-0.00369516,,,3.68,-0.00106301,,
3.681,-0.00369516,,,3.681,-0.00402418,,,3.681,-0.00402418,,,3.681,-0.00073399,,
3.682,-0.00402418,,,3.682,-0.00402418,,,3.682,-0.00369516,,,3.682,-0.00139203,,
3.683,-0.00402418,,,3.683,-0.00402418,,,3.683,-0.00402418,,,3.683,-0.00139203,,
3.684,-0.00402418,,,3.684,-0.0043532,,,3.684,-0.0043532,,,3.684,-0.00172105,,
3.685,-0.00336614,,,3.685,-0.00468222,,,3.685,-0.0043532,,,3.685,-0.00205007,,
3.686,-0.00369516,,,3.686,-0.00468222,,,3.686,-0.0043532,,,3.686,-0.00205007,,
3.687,-0.00303712,,,3.687,-0.00468222,,,3.687,-0.00402418,,,3.687,-0.00237908,,
3.688,-0.00369516,,,3.688,-0.0043532,,,3.688,-0.00336614,,,3.688,-0.00205007,,
3.689,-0.00336614,,,3.689,-0.00402418,,,3.689,-0.00402418,,,3.689,-0.00303712,,
3.69,-0.00237908,,,3.69,-0.00369516,,,3.69,-0.00237908,,,3.69,-0.0027081,,
3.691,-0.00237908,,,3.691,-0.00369516,,,3.691,-0.00237908,,,3.691,-0.00303712,,
3.692,-0.0027081,,,3.692,-0.00369516,,,3.692,-0.00237908,,,3.692,-0.00336614,,
3.693,-0.00205007,,,3.693,-0.00303712,,,3.693,-0.00237908,,,3.693,-0.00369516,,
3.694,-0.00172105,,,3.694,-0.00237908,,,3.694,-0.0027081,,,3.694,-0.00369516,,
3.695,-0.00139203,,,3.695,-0.00237908,,,3.695,-0.00237908,,,3.695,-0.0043532,,
3.696,-0.00106301,,,3.696,-0.00172105,,,3.696,-0.00172105,,,3.696,-0.0043532,,
3.697,-0.000404971,,,3.697,-0.00172105,,,3.697,-0.00205007,,,3.697,-0.0043532,,
3.698,-0.00073399,,,3.698,-0.00073399,,,3.698,-0.00205007,,,3.698,-0.00402418,,
3.699,-0.000404971,,,3.699,-0.00073399,,,3.699,-0.00205007,,,3.699,-0.0043532,,
3.7,-7.60E-05,,,3.7,-0.00106301,,,3.7,-0.00237908,,,3.7,-0.0043532,,
3.701,-0.000404971,,,3.701,-0.00073399,,,3.701,-0.00205007,,,3.701,-0.0043532,,
3.702,-0.00073399,,,3.702,-0.000404971,,,3.702,-0.00237908,,,3.702,-0.00369516,,
3.703,-0.00073399,,,3.703,-0.00073399,,,3.703,-0.00172105,,,3.703,-0.00369516,,
3.704,-0.00139203,,,3.704,-0.00073399,,,3.704,-0.00237908,,,3.704,-0.00336614,,
3.705,-0.00106301,,,3.705,-0.000404971,,,3.705,-0.00237908,,,3.705,-0.0027081,,
3.706,-0.00172105,,,3.706,-0.00073399,,,3.706,-0.00237908,,,3.706,-0.0027081,,
3.707,-0.00172105,,,3.707,-0.00139203,,,3.707,-0.00172105,,,3.707,-0.00205007,,
3.708,-0.00205007,,,3.708,-0.00237908,,,3.708,-0.00237908,,,3.708,-0.00205007,,
3.709,-0.00237908,,,3.709,-0.00237908,,,3.709,-0.0027081,,,3.709,-0.00139203,,
3.71,-0.0027081,,,3.71,-0.00172105,,,3.71,-0.00237908,,,3.71,-0.00172105,,
3.711,-0.0027081,,,3.711,-0.00205007,,,3.711,-0.00303712,,,3.711,-0.00139203,,
3.712,-0.00303712,,,3.712,-0.00237908,,,3.712,-0.00336614,,,3.712,-0.00139203,,
3.713,-0.00336614,,,3.713,-0.00303712,,,3.713,-0.00303712,,,3.713,-0.00139203,,
3.714,-0.00369516,,,3.714,-0.00303712,,,3.714,-0.0043532,,,3.714,-0.00139203,,
3.715,-0.00336614,,,3.715,-0.0027081,,,3.715,-0.00369516,,,3.715,-0.00139203,,
3.716,-0.00369516,,,3.716,-0.00336614,,,3.716,-0.00369516,,,3.716,-0.00139203,,
3.717,-0.00369516,,,3.717,-0.00336614,,,3.717,-0.00402418,,,3.717,-0.00073399,,
3.718,-0.00402418,,,3.718,-0.00402418,,,3.718,-0.00369516,,,3.718,-0.00106301,,
3.719,-0.0043532,,,3.719,-0.0043532,,,3.719,-0.00402418,,,3.719,-0.00139203,,
3.72,-0.00402418,,,3.72,-0.00468222,,,3.72,-0.00402418,,,3.72,-0.00139203,,
3.721,-0.00402418,,,3.721,-0.00468222,,,3.721,-0.00369516,,,3.721,-0.00139203,,
3.722,-0.00369516,,,3.722,-0.00501124,,,3.722,-0.0043532,,,3.722,-0.00205007,,
3.723,-0.0043532,,,3.723,-0.00468222,,,3.723,-0.00369516,,,3.723,-0.00205007,,
3.724,-0.00303712,,,3.724,-0.00468222,,,3.724,-0.00336614,,,3.724,-0.0027081,,
3.725,-0.00303712,,,3.725,-0.0043532,,,3.725,-0.00369516,,,3.725,-0.00237908,,
3.726,-0.00303712,,,3.726,-0.00369516,,,3.726,-0.0027081,,,3.726,-0.00303712,,
3.727,-0.00237908,,,3.727,-0.00369516,,,3.727,-0.0027081,,,3.727,-0.00303712,,
3.728,-0.00205007,,,3.728,-0.00303712,,,3.728,-0.00237908,,,3.728,-0.00336614,,
3.729,-0.00172105,,,3.729,-0.0027081,,,3.729,-0.00237908,,,3.729,-0.00369516,,
3.73,-0.00139203,,,3.73,-0.00205007,,,3.73,-0.00237908,,,3.73,-0.00336614,,
3.731,-0.00106301,,,3.731,-0.00205007,,,3.731,-0.00205007,,,3.731,-0.00402418,,
3.732,-0.00139203,,,3.732,-0.00172105,,,3.732,-0.00172105,,,3.732,-0.00468222,,
3.733,-0.00073399,,,3.733,-0.00106301,,,3.733,-0.00237908,,,3.733,-0.0043532,,
3.734,-0.00106301,,,3.734,-0.00139203,,,3.734,-0.00237908,,,3.734,-0.00468222,,
3.735,-0.000404971,,,3.735,-0.00106301,,,3.735,-0.00205007,,,3.735,-0.0043532,,
3.736,-0.00073399,,,3.736,-0.00073399,,,3.736,-0.00172105,,,3.736,-0.00369516,,
3.737,-0.00106301,,,3.737,-0.00073399,,,3.737,-0.00172105,,,3.737,-0.00402418,,
3.738,-0.00073399,,,3.738,-0.00106301,,,3.738,-0.00205007,,,3.738,-0.00468222,,
3.739,-0.00106301,,,3.739,-0.00139203,,,3.739,-0.00205007,,,3.739,-0.00336614,,
3.74,-0.00106301,,,3.74,-0.000404971,,,3.74,-0.00172105,,,3.74,-0.00336614,,
3.741,-0.00106301,,,3.741,-0.00073399,,,3.741,-0.00205007,,,3.741,-0.0027081,,
3.742,-0.00172105,,,3.742,-0.00106301,,,3.742,-0.00172105,,,3.742,-0.00303712,,
3.743,-0.00172105,,,3.743,-0.00106301,,,3.743,-0.00237908,,,3.743,-0.00237908,,
3.744,-0.00237908,,,3.744,-0.00106301,,,3.744,-0.0027081,,,3.744,-0.0027081,,
3.745,-0.00237908,,,3.745,-0.00139203,,,3.745,-0.00237908,,,3.745,-0.00172105,,
3.746,-0.0027081,,,3.746,-0.00205007,,,3.746,-0.00237908,,,3.746,-0.00172105,,
3.747,-0.0027081,,,3.747,-0.00205007,,,3.747,-0.00303712,,,3.747,-0.00172105,,
3.748,-0.00303712,,,3.748,-0.00205007,,,3.748,-0.00303712,,,3.748,-0.00172105,,
3.749,-0.00336614,,,3.749,-0.00237908,,,3.749,-0.00336614,,,3.749,-0.00106301,,
3.75,-0.00303712,,,3.75,-0.0027081,,,3.75,-0.00369516,,,3.75,-0.00172105,,
3.751,-0.00336614,,,3.751,-0.00336614,,,3.751,-0.00369516,,,3.751,-0.00172105,,
3.752,-0.00369516,,,3.752,-0.00336614,,,3.752,-0.00336614,,,3.752,-0.00139203,,
3.753,-0.00369516,,,3.753,-0.00369516,,,3.753,-0.00336614,,,3.753,-0.00139203,,
3.754,-0.00402418,,,3.754,-0.00369516,,,3.754,-0.00402418,,,3.754,-0.00106301,,
3.755,-0.00369516,,,3.755,-0.0043532,,,3.755,-0.00369516,,,3.755,-0.00139203,,
3.756,-0.00369516,,,3.756,-0.0043532,,,3.756,-0.00336614,,,3.756,-0.00106301,,
3.757,-0.00402418,,,3.757,-0.00402418,,,3.757,-0.00369516,,,3.757,-0.00139203,,
3.758,-0.00369516,,,3.758,-0.0043532,,,3.758,-0.00369516,,,3.758,-0.00205007,,
3.759,-0.0043532,,,3.759,-0.00468222,,,3.759,-0.00369516,,,3.759,-0.00139203,,
3.76,-0.0027081,,,3.76,-0.00468222,,,3.76,-0.00303712,,,3.76,-0.00205007,,
3.761,-0.00336614,,,3.761,-0.00468222,,,3.761,-0.00303712,,,3.761,-0.0027081,,
3.762,-0.0027081,,,3.762,-0.00402418,,,3.762,-0.0027081,,,3.762,-0.0027081,,
3.763,-0.00237908,,,3.763,-0.00336614,,,3.763,-0.0027081,,,3.763,-0.00303712,,
3.764,-0.00172105,,,3.764,-0.00336614,,,3.764,-0.00303712,,,3.764,-0.00303712,,
3.765,-0.00205007,,,3.765,-0.00303712,,,3.765,-0.0027081,,,3.765,-0.00369516,,
3.766,-0.00139203,,,3.766,-0.0027081,,,3.766,-0.0027081,,,3.766,-0.00369516,,
3.767,-0.00172105,,,3.767,-0.00205007,,,3.767,-0.00237908,,,3.767,-0.00402418,,
3.768,-0.00073399,,,3.768,-0.00237908,,,3.768,-0.00205007,,,3.768,-0.0043532,,
3.769,-0.00073399,,,3.769,-0.0027081,,,3.769,-0.00172105,,,3.769,-0.0043532,,
3.77,-0.00106301,,,3.77,-0.00172105,,,3.77,-0.00237908,,,3.77,-0.00468222,,
3.771,-0.00106301,,,3.771,-0.00106301,,,3.771,-0.00237908,,,3.771,-0.00402418,,
3.772,-0.00106301,,,3.772,-0.00139203,,,3.772,-0.00205007,,,3.772,-0.00402418,,
3.773,-0.00073399,,,3.773,-0.00172105,,,3.773,-0.00205007,,,3.773,-0.00369516,,
3.774,-0.000404971,,,3.774,-0.00139203,,,3.774,-0.00172105,,,3.774,-0.00402418,,
3.775,-0.000404971,,,3.775,-0.00106301,,,3.775,-0.00205007,,,3.775,-0.00336614,,
3.776,-0.00139203,,,3.776,-0.00139203,,,3.776,-0.00172105,,,3.776,-0.00303712,,
3.777,-0.00106301,,,3.777,-0.00073399,,,3.777,-0.00237908,,,3.777,-0.0027081,,
3.778,-0.00172105,,,3.778,-0.00073399,,,3.778,-0.00205007,,,3.778,-0.00303712,,
3.779,-0.00106301,,,3.779,-0.00073399,,,3.779,-0.00205007,,,3.779,-0.00237908,,
3.78,-0.00139203,,,3.78,-0.00073399,,,3.78,-0.00237908,,,3.78,-0.00237908,,
3.781,-0.00172105,,,3.781,-0.00139203,,,3.781,-0.0027081,,,3.781,-0.00237908,,
3.782,-0.00205007,,,3.782,-0.00172105,,,3.782,-0.00336614,,,3.782,-0.00237908,,
3.783,-0.00237908,,,3.783,-0.00172105,,,3.783,-0.00336614,,,3.783,-0.00205007,,
3.784,-0.00303712,,,3.784,-0.00205007,,,3.784,-0.00303712,,,3.784,-0.00237908,,
3.785,-0.00303712,,,3.785,-0.00237908,,,3.785,-0.00336614,,,3.785,-0.00139203,,
3.786,-0.00336614,,,3.786,-0.00303712,,,3.786,-0.00369516,,,3.786,-0.00172105,,
3.787,-0.00303712,,,3.787,-0.00336614,,,3.787,-0.00336614,,,3.787,-0.00205007,,
3.788,-0.00369516,,,3.788,-0.00369516,,,3.788,-0.00336614,,,3.788,-0.00106301,,
3.789,-0.00402418,,,3.789,-0.00402418,,,3.789,-0.00369516,,,3.789,-0.00073399,,
3.79,-0.00402418,,,3.79,-0.00369516,,,3.79,-0.00369516,,,3.79,-0.00073399,,
3.791,-0.0043532,,,3.791,-0.0043532,,,3.791,-0.00369516,,,3.791,-0.00139203,,
3.792,-0.0043532,,,3.792,-0.00402418,,,3.792,-0.00402418,,,3.792,-0.00106301,,
3.793,-0.0043532,,,3.793,-0.0043532,,,3.793,-0.00336614,,,3.793,-0.00139203,,
3.794,-0.00369516,,,3.794,-0.00369516,,,3.794,-0.00336614,,,3.794,-0.00106301,,
3.795,-0.00336614,,,3.795,-0.0043532,,,3.795,-0.00369516,,,3.795,-0.00205007,,
3.796,-0.0027081,,,3.796,-0.00402418,,,3.796,-0.00303712,,,3.796,-0.00205007,,
3.797,-0.00303712,,,3.797,-0.00402418,,,3.797,-0.0027081,,,3.797,-0.0027081,,
3.798,-0.0027081,,,3.798,-0.00369516,,,3.798,-0.0027081,,,3.798,-0.00303712,,
3.799,-0.00237908,,,3.799,-0.00369516,,,3.799,-0.0027081,,,3.799,-0.00303712,,
3.8,-0.00205007,,,3.8,-0.00303712,,,3.8,-0.00303712,,,3.8,-0.00336614,,
3.801,-0.00172105,,,3.801,-0.00336614,,,3.801,-0.00303712,,,3.801,-0.00336614,,
3.802,-0.00139203,,,3.802,-0.0027081,,,3.802,-0.0027081,,,3.802,-0.00402418,,
3.803,-0.00106301,,,3.803,-0.00237908,,,3.803,-0.00237908,,,3.803,-0.00402418,,
3.804,-0.00172105,,,3.804,-0.00237908,,,3.804,-0.00205007,,,3.804,-0.0043532,,
3.805,-0.00139203,,,3.805,-0.00205007,,,3.805,-0.00237908,,,3.805,-0.00402418,,
3.806,-0.00073399,,,3.806,-0.00172105,,,3.806,-0.00237908,,,3.806,-0.00402418,,
3.807,-0.00106301,,,3.807,-0.00172105,,,3.807,-0.00205007,,,3.807,-0.00369516,,
3.808,-0.000404971,,,3.808,-0.00139203,,,3.808,-0.00139203,,,3.808,-0.00501124,,
3.809,-0.00073399,,,3.809,-0.00139203,,,3.809,-0.00172105,,,3.809,-0.00369516,,
3.81,-0.00106301,,,3.81,-0.00139203,,,3.81,-0.00106301,,,3.81,-0.00402418,,
3.811,-0.00106301,,,3.811,-0.00106301,,,3.811,-0.00172105,,,3.811,-0.00336614,,
3.812,-0.00073399,,,3.812,-0.00073399,,,3.812,-0.00172105,,,3.812,-0.00336614,,
3.813,-0.00106301,,,3.813,-0.00106301,,,3.813,-0.00205007,,,3.813,-0.00369516,,
3.814,-0.00139203,,,3.814,-0.00073399,,,3.814,-0.00205007,,,3.814,-0.00336614,,
3.815,-0.00106301,,,3.815,-0.00073399,,,3.815,-0.00237908,,,3.815,-0.00336614,,
3.816,-0.00172105,,,3.816,-0.00106301,,,3.816,-0.0027081,,,3.816,-0.0027081,,
3.817,-0.00172105,,,3.817,-0.00139203,,,3.817,-0.0027081,,,3.817,-0.00303712,,
3.818,-0.00205007,,,3.818,-0.00172105,,,3.818,-0.0027081,,,3.818,-0.00237908,,
3.819,-0.00139203,,,3.819,-0.00172105,,,3.819,-0.00336614,,,3.819,-0.00172105,,
3.82,-0.00237908,,,3.82,-0.00205007,,,3.82,-0.00336614,,,3.82,-0.00139203,,
3.821,-0.00303712,,,3.821,-0.0027081,,,3.821,-0.00303712,,,3.821,-0.00205007,,
3.822,-0.00336614,,,3.822,-0.00237908,,,3.822,-0.00303712,,,3.822,-0.00172105,,
3.823,-0.00336614,,,3.823,-0.0027081,,,3.823,-0.00303712,,,3.823,-0.00106301,,
3.824,-0.00369516,,,3.824,-0.00336614,,,3.824,-0.00336614,,,3.824,-0.00139203,,
3.825,-0.00369516,,,3.825,-0.00369516,,,3.825,-0.00369516,,,3.825,-0.00139203,,
3.826,-0.00369516,,,3.826,-0.00369516,,,3.826,-0.00336614,,,3.826,-0.00139203,,
3.827,-0.00369516,,,3.827,-0.00369516,,,3.827,-0.00303712,,,3.827,-0.00139203,,
3.828,-0.00369516,,,3.828,-0.00402418,,,3.828,-0.00303712,,,3.828,-0.00106301,,
3.829,-0.00336614,,,3.829,-0.00369516,,,3.829,-0.00336614,,,3.829,-0.00172105,,
3.83,-0.00402418,,,3.83,-0.00402418,,,3.83,-0.00336614,,,3.83,-0.00172105,,
3.831,-0.00336614,,,3.831,-0.00402418,,,3.831,-0.00336614,,,3.831,-0.00237908,,
3.832,-0.00336614,,,3.832,-0.00369516,,,3.832,-0.00369516,,,3.832,-0.00237908,,
3.833,-0.00303712,,,3.833,-0.00369516,,,3.833,-0.00336614,,,3.833,-0.00237908,,
3.834,-0.00237908,,,3.834,-0.00402418,,,3.834,-0.00336614,,,3.834,-0.00303712,,
3.835,-0.00237908,,,3.835,-0.00369516,,,3.835,-0.00369516,,,3.835,-0.0027081,,
3.836,-0.00237908,,,3.836,-0.00303712,,,3.836,-0.00336614,,,3.836,-0.00336614,,
3.837,-0.00172105,,,3.837,-0.00336614,,,3.837,-0.00303712,,,3.837,-0.00336614,,
3.838,-0.00172105,,,3.838,-0.00303712,,,3.838,-0.00237908,,,3.838,-0.0027081,,
3.839,-0.00172105,,,3.839,-0.0027081,,,3.839,-0.0027081,,,3.839,-0.00369516,,
3.84,-0.00172105,,,3.84,-0.0027081,,,3.84,-0.00237908,,,3.84,-0.00369516,,
3.841,-0.00139203,,,3.841,-0.00237908,,,3.841,-0.00237908,,,3.841,-0.00336614,,
3.842,-0.00139203,,,3.842,-0.00205007,,,3.842,-0.00205007,,,3.842,-0.00402418,,
3.843,-0.00205007,,,3.843,-0.00139203,,,3.843,-0.00172105,,,3.843,-0.00402418,,
3.844,-0.00106301,,,3.844,-0.00139203,,,3.844,-0.00237908,,,3.844,-0.00402418,,
3.845,-0.00139203,,,3.845,-0.00106301,,,3.845,-0.00205007,,,3.845,-0.00402418,,
3.846,-0.00106301,,,3.846,-0.00139203,,,3.846,-0.00172105,,,3.846,-0.0043532,,
3.847,-0.00073399,,,3.847,-0.00073399,,,3.847,-0.00172105,,,3.847,-0.00369516,,
3.848,-0.00073399,,,3.848,-0.000404971,,,3.848,-0.00237908,,,3.848,-0.00369516,,
3.849,-0.00139203,,,3.849,-0.00106301,,,3.849,-0.00237908,,,3.849,-0.00369516,,
3.85,-0.00106301,,,3.85,-0.00073399,,,3.85,-0.00172105,,,3.85,-0.00369516,,
3.851,-0.00139203,,,3.851,-0.00139203,,,3.851,-0.0027081,,,3.851,-0.00369516,,
3.852,-0.00139203,,,3.852,-0.00106301,,,3.852,-0.00237908,,,3.852,-0.00303712,,
3.853,-0.00172105,,,3.853,-0.00139203,,,3.853,-0.00237908,,,3.853,-0.00237908,,
3.854,-0.00205007,,,3.854,-0.00139203,,,3.854,-0.00237908,,,3.854,-0.00237908,,
3.855,-0.00237908,,,3.855,-0.00205007,,,3.855,-0.0027081,,,3.855,-0.00172105,,
3.856,-0.00303712,,,3.856,-0.00205007,,,3.856,-0.00336614,,,3.856,-0.00205007,,
3.857,-0.00303712,,,3.857,-0.00237908,,,3.857,-0.00303712,,,3.857,-0.00205007,,
3.858,-0.00336614,,,3.858,-0.0027081,,,3.858,-0.0027081,,,3.858,-0.00139203,,
3.859,-0.00336614,,,3.859,-0.0027081,,,3.859,-0.00303712,,,3.859,-0.00139203,,
3.86,-0.00369516,,,3.86,-0.00303712,,,3.86,-0.00336614,,,3.86,-0.00106301,,
3.861,-0.00369516,,,3.861,-0.00303712,,,3.861,-0.00336614,,,3.861,-0.00106301,,
3.862,-0.00369516,,,3.862,-0.00336614,,,3.862,-0.00369516,,,3.862,-0.00106301,,
3.863,-0.00369516,,,3.863,-0.00336614,,,3.863,-0.00369516,,,3.863,-0.00172105,,
3.864,-0.00369516,,,3.864,-0.00369516,,,3.864,-0.00336614,,,3.864,-0.00139203,,
3.865,-0.00369516,,,3.865,-0.00369516,,,3.865,-0.00402418,,,3.865,-0.00172105,,
3.866,-0.00369516,,,3.866,-0.0043532,,,3.866,-0.00402418,,,3.866,-0.00172105,,
3.867,-0.00336614,,,3.867,-0.00402418,,,3.867,-0.00369516,,,3.867,-0.00205007,,
3.868,-0.00336614,,,3.868,-0.00402418,,,3.868,-0.00336614,,,3.868,-0.00237908,,
3.869,-0.00303712,,,3.869,-0.00336614,,,3.869,-0.00336614,,,3.869,-0.00172105,,
3.87,-0.00303712,,,3.87,-0.0043532,,,3.87,-0.00336614,,,3.87,-0.00205007,,
3.871,-0.00237908,,,3.871,-0.00369516,,,3.871,-0.00369516,,,3.871,-0.00336614,,
3.872,-0.00237908,,,3.872,-0.00369516,,,3.872,-0.00303712,,,3.872,-0.00205007,,
3.873,-0.00237908,,,3.873,-0.00369516,,,3.873,-0.00303712,,,3.873,-0.00303712,,
3.874,-0.00205007,,,3.874,-0.00336614,,,3.874,-0.00303712,,,3.874,-0.00336614,,
3.875,-0.00205007,,,3.875,-0.00303712,,,3.875,-0.00237908,,,3.875,-0.00336614,,
3.876,-0.00172105,,,3.876,-0.00237908,,,3.876,-0.00205007,,,3.876,-0.00369516,,
3.877,-0.00139203,,,3.877,-0.00237908,,,3.877,-0.00205007,,,3.877,-0.00369516,,
3.878,-0.00139203,,,3.878,-0.00172105,,,3.878,-0.00205007,,,3.878,-0.00468222,,
3.879,-0.00139203,,,3.879,-0.00106301,,,3.879,-0.0027081,,,3.879,-0.00369516,,
3.88,-0.00106301,,,3.88,-0.00139203,,,3.88,-0.00237908,,,3.88,-0.00402418,,
3.881,-0.00073399,,,3.881,-0.00106301,,,3.881,-0.00205007,,,3.881,-0.00402418,,
3.882,-0.00106301,,,3.882,-0.00106301,,,3.882,-0.00139203,,,3.882,-0.00402418,,
3.883,-0.00073399,,,3.883,-0.00073399,,,3.883,-0.00237908,,,3.883,-0.00402418,,
3.884,-0.00139203,,,3.884,-0.00073399,,,3.884,-0.0027081,,,3.884,-0.00336614,,
3.885,-0.00139203,,,3.885,-0.00106301,,,3.885,-0.0027081,,,3.885,-0.00336614,,
3.886,-0.00106301,,,3.886,-0.00073399,,,3.886,-0.0027081,,,3.886,-0.00336614,,
3.887,-0.00139203,,,3.887,-0.00073399,,,3.887,-0.00237908,,,3.887,-0.00303712,,
3.888,-0.00205007,,,3.888,-0.00172105,,,3.888,-0.00303712,,,3.888,-0.0027081,,
3.889,-0.00237908,,,3.889,-0.00106301,,,3.889,-0.00237908,,,3.889,-0.00237908,,
3.89,-0.00237908,,,3.89,-0.00172105,,,3.89,-0.00237908,,,3.89,-0.0027081,,
3.891,-0.00205007,,,3.891,-0.00205007,,,3.891,-0.00303712,,,3.891,-0.00205007,,
3.892,-0.00237908,,,3.892,-0.00205007,,,3.892,-0.00237908,,,3.892,-0.00205007,,
3.893,-0.0027081,,,3.893,-0.00237908,,,3.893,-0.0027081,,,3.893,-0.00172105,,
3.894,-0.00303712,,,3.894,-0.00205007,,,3.894,-0.0027081,,,3.894,-0.00139203,,
3.895,-0.00303712,,,3.895,-0.0027081,,,3.895,-0.00336614,,,3.895,-0.00139203,,
3.896,-0.00303712,,,3.896,-0.00237908,,,3.896,-0.00303712,,,3.896,-0.00172105,,
3.897,-0.00336614,,,3.897,-0.00336614,,,3.897,-0.00402418,,,3.897,-0.00139203,,
3.898,-0.00336614,,,3.898,-0.00336614,,,3.898,-0.00402418,,,3.898,-0.00172105,,
3.899,-0.00336614,,,3.899,-0.00303712,,,3.899,-0.00369516,,,3.899,-0.00205007,,
3.9,-0.00336614,,,3.9,-0.00336614,,,3.9,-0.00336614,,,3.9,-0.00139203,,
3.901,-0.00336614,,,3.901,-0.00369516,,,3.901,-0.00369516,,,3.901,-0.00205007,,
3.902,-0.00336614,,,3.902,-0.00402418,,,3.902,-0.00369516,,,3.902,-0.00205007,,
3.903,-0.00336614,,,3.903,-0.00402418,,,3.903,-0.00369516,,,3.903,-0.00139203,,
3.904,-0.00303712,,,3.904,-0.0043532,,,3.904,-0.00369516,,,3.904,-0.00205007,,
3.905,-0.00336614,,,3.905,-0.00402418,,,3.905,-0.00336614,,,3.905,-0.00205007,,
3.906,-0.00336614,,,3.906,-0.0043532,,,3.906,-0.00303712,,,3.906,-0.00205007,,
3.907,-0.0027081,,,3.907,-0.0043532,,,3.907,-0.00303712,,,3.907,-0.00237908,,
3.908,-0.0027081,,,3.908,-0.00336614,,,3.908,-0.0027081,,,3.908,-0.0027081,,
3.909,-0.00303712,,,3.909,-0.00369516,,,3.909,-0.0027081,,,3.909,-0.00237908,,
3.91,-0.00237908,,,3.91,-0.00303712,,,3.91,-0.00303712,,,3.91,-0.00303712,,
3.911,-0.00237908,,,3.911,-0.0027081,,,3.911,-0.00205007,,,3.911,-0.0027081,,
3.912,-0.00139203,,,3.912,-0.00172105,,,3.912,-0.0027081,,,3.912,-0.00336614,,
3.913,-0.00172105,,,3.913,-0.00205007,,,3.913,-0.0027081,,,3.913,-0.00402418,,
3.914,-0.00139203,,,3.914,-0.00205007,,,3.914,-0.00237908,,,3.914,-0.00369516,,
3.915,-0.00139203,,,3.915,-0.00172105,,,3.915,-0.00237908,,,3.915,-0.0043532,,
3.916,-0.00139203,,,3.916,-0.00172105,,,3.916,-0.00205007,,,3.916,-0.00369516,,
3.917,-0.00172105,,,3.917,-0.00139203,,,3.917,-0.00237908,,,3.917,-0.00369516,,
3.918,-0.00106301,,,3.918,-0.00139203,,,3.918,-0.00237908,,,3.918,-0.00402418,,
3.919,-0.00139203,,,3.919,-0.00205007,,,3.919,-0.0027081,,,3.919,-0.0043532,,
3.92,-0.00139203,,,3.92,-0.00106301,,,3.92,-0.00205007,,,3.92,-0.00369516,,
3.921,-0.00139203,,,3.921,-0.00073399,,,3.921,-0.00172105,,,3.921,-0.00336614,,
3.922,-0.00106301,,,3.922,-0.00139203,,,3.922,-0.00237908,,,3.922,-0.00336614,,
3.923,-0.00139203,,,3.923,-0.00139203,,,3.923,-0.00237908,,,3.923,-0.00303712,,
3.924,-0.00139203,,,3.924,-0.00172105,,,3.924,-0.00336614,,,3.924,-0.0027081,,
3.925,-0.00172105,,,3.925,-0.00172105,,,3.925,-0.00205007,,,3.925,-0.00237908,,
3.926,-0.00205007,,,3.926,-0.00205007,,,3.926,-0.00237908,,,3.926,-0.00237908,,
3.927,-0.00205007,,,3.927,-0.00205007,,,3.927,-0.0027081,,,3.927,-0.00205007,,
3.928,-0.0027081,,,3.928,-0.00205007,,,3.928,-0.0027081,,,3.928,-0.00205007,,
3.929,-0.00303712,,,3.929,-0.00205007,,,3.929,-0.00303712,,,3.929,-0.00172105,,
3.93,-0.0027081,,,3.93,-0.00205007,,,3.93,-0.0027081,,,3.93,-0.00172105,,
3.931,-0.0027081,,,3.931,-0.0027081,,,3.931,-0.00336614,,,3.931,-0.00172105,,
3.932,-0.0027081,,,3.932,-0.00237908,,,3.932,-0.00336614,,,3.932,-0.00172105,,
3.933,-0.00303712,,,3.933,-0.00303712,,,3.933,-0.00336614,,,3.933,-0.00139203,,
3.934,-0.00303712,,,3.934,-0.0027081,,,3.934,-0.00402418,,,3.934,-0.00172105,,
3.935,-0.00336614,,,3.935,-0.00303712,,,3.935,-0.00369516,,,3.935,-0.00106301,,
3.936,-0.00369516,,,3.936,-0.00369516,,,3.936,-0.00336614,,,3.936,-0.00139203,,
3.937,-0.00336614,,,3.937,-0.00402418,,,3.937,-0.0043532,,,3.937,-0.00139203,,
3.938,-0.00369516,,,3.938,-0.00369516,,,3.938,-0.00336614,,,3.938,-0.00139203,,
3.939,-0.00369516,,,3.939,-0.00402418,,,3.939,-0.00369516,,,3.939,-0.00172105,,
3.94,-0.00303712,,,3.94,-0.00402418,,,3.94,-0.00303712,,,3.94,-0.00139203,,
3.941,-0.00369516,,,3.941,-0.00402418,,,3.941,-0.00369516,,,3.941,-0.00172105,,
3.942,-0.00336614,,,3.942,-0.00402418,,,3.942,-0.00303712,,,3.942,-0.00205007,,
3.943,-0.00369516,,,3.943,-0.00402418,,,3.943,-0.0027081,,,3.943,-0.00139203,,
3.944,-0.00303712,,,3.944,-0.00369516,,,3.944,-0.0027081,,,3.944,-0.00237908,,
3.945,-0.00303712,,,3.945,-0.00369516,,,3.945,-0.00237908,,,3.945,-0.00303712,,
3.946,-0.00205007,,,3.946,-0.00303712,,,3.946,-0.0027081,,,3.946,-0.0027081,,
3.947,-0.00237908,,,3.947,-0.0027081,,,3.947,-0.0027081,,,3.947,-0.00303712,,
3.948,-0.00139203,,,3.948,-0.00303712,,,3.948,-0.00237908,,,3.948,-0.00402418,,
3.949,-0.00172105,,,3.949,-0.0027081,,,3.949,-0.00205007,,,3.949,-0.00369516,,
3.95,-0.00073399,,,3.95,-0.00172105,,,3.95,-0.00237908,,,3.95,-0.00336614,,
3.951,-0.00106301,,,3.951,-0.00237908,,,3.951,-0.0027081,,,3.951,-0.00402418,,
3.952,-0.00073399,,,3.952,-0.00205007,,,3.952,-0.0027081,,,3.952,-0.00369516,,
3.953,-0.00139203,,,3.953,-0.00205007,,,3.953,-0.00205007,,,3.953,-0.0043532,,
3.954,-0.00106301,,,3.954,-0.00172105,,,3.954,-0.00237908,,,3.954,-0.00402418,,
3.955,-0.00139203,,,3.955,-0.00139203,,,3.955,-0.0027081,,,3.955,-0.00402418,,
3.956,-0.00106301,,,3.956,-0.00172105,,,3.956,-0.00205007,,,3.956,-0.00402418,,
3.957,-0.00106301,,,3.957,-0.00106301,,,3.957,-0.00205007,,,3.957,-0.00303712,,
3.958,-0.00139203,,,3.958,-0.00139203,,,3.958,-0.00205007,,,3.958,-0.00336614,,
3.959,-0.00172105,,,3.959,-0.00172105,,,3.959,-0.00172105,,,3.959,-0.00336614,,
3.96,-0.00139203,,,3.96,-0.00139203,,,3.96,-0.00205007,,,3.96,-0.00303712,,
3.961,-0.00172105,,,3.961,-0.00139203,,,3.961,-0.00237908,,,3.961,-0.00303712,,
3.962,-0.00172105,,,3.962,-0.00139203,,,3.962,-0.00237908,,,3.962,-0.0027081,,
3.963,-0.00237908,,,3.963,-0.00139203,,,3.963,-0.00237908,,,3.963,-0.00205007,,
3.964,-0.00237908,,,3.964,-0.00205007,,,3.964,-0.00303712,,,3.964,-0.00237908,,
3.965,-0.00237908,,,3.965,-0.00205007,,,3.965,-0.00303712,,,3.965,-0.00205007,,
3.966,-0.0027081,,,3.966,-0.00172105,,,3.966,-0.0027081,,,3.966,-0.00172105,,
3.967,-0.0027081,,,3.967,-0.00237908,,,3.967,-0.0027081,,,3.967,-0.00172105,,
3.968,-0.00237908,,,3.968,-0.0027081,,,3.968,-0.00369516,,,3.968,-0.00237908,,
3.969,-0.0027081,,,3.969,-0.00237908,,,3.969,-0.00369516,,,3.969,-0.00172105,,
3.97,-0.0027081,,,3.97,-0.00336614,,,3.97,-0.00369516,,,3.97,-0.00139203,,
3.971,-0.00336614,,,3.971,-0.00336614,,,3.971,-0.00303712,,,3.971,-0.00172105,,
3.972,-0.00369516,,,3.972,-0.00303712,,,3.972,-0.00336614,,,3.972,-0.00106301,,
3.973,-0.00336614,,,3.973,-0.0043532,,,3.973,-0.00303712,,,3.973,-0.00073399,,
3.974,-0.00369516,,,3.974,-0.00369516,,,3.974,-0.00336614,,,3.974,-0.00172105,,
3.975,-0.00336614,,,3.975,-0.0043532,,,3.975,-0.00303712,,,3.975,-0.00139203,,
3.976,-0.00369516,,,3.976,-0.00468222,,,3.976,-0.00303712,,,3.976,-0.00106301,,
3.977,-0.00336614,,,3.977,-0.00369516,,,3.977,-0.00369516,,,3.977,-0.00205007,,
3.978,-0.00336614,,,3.978,-0.0043532,,,3.978,-0.0027081,,,3.978,-0.00172105,,
3.979,-0.00303712,,,3.979,-0.00369516,,,3.979,-0.00303712,,,3.979,-0.00205007,,
3.98,-0.00237908,,,3.98,-0.00369516,,,3.98,-0.00303712,,,3.98,-0.0027081,,
3.981,-0.00336614,,,3.981,-0.00336614,,,3.981,-0.00336614,,,3.981,-0.0027081,,
3.982,-0.00237908,,,3.982,-0.00303712,,,3.982,-0.0027081,,,3.982,-0.00336614,,
3.983,-0.00205007,,,3.983,-0.0027081,,,3.983,-0.0027081,,,3.983,-0.00336614,,
3.984,-0.00139203,,,3.984,-0.0027081,,,3.984,-0.0027081,,,3.984,-0.00336614,,
3.985,-0.00139203,,,3.985,-0.0027081,,,3.985,-0.00336614,,,3.985,-0.00336614,,
3.986,-0.00205007,,,3.986,-0.0027081,,,3.986,-0.0027081,,,3.986,-0.00369516,,
3.987,-0.00106301,,,3.987,-0.0027081,,,3.987,-0.0027081,,,3.987,-0.00336614,,
3.988,-0.00139203,,,3.988,-0.00205007,,,3.988,-0.00205007,,,3.988,-0.00402418,,
3.989,-0.00172105,,,3.989,-0.00172105,,,3.989,-0.0027081,,,3.989,-0.00369516,,
3.99,-0.00172105,,,3.99,-0.00172105,,,3.99,-0.00205007,,,3.99,-0.00303712,,
3.991,-0.00139203,,,3.991,-0.00172105,,,3.991,-0.00205007,,,3.991,-0.00402418,,
3.992,-0.00139203,,,3.992,-0.00205007,,,3.992,-0.00205007,,,3.992,-0.00303712,,
3.993,-0.00139203,,,3.993,-0.00172105,,,3.993,-0.00172105,,,3.993,-0.00402418,,
3.994,-0.00139203,,,3.994,-0.00172105,,,3.994,-0.00237908,,,3.994,-0.00369516,,
3.995,-0.00139203,,,3.995,-0.00139203,,,3.995,-0.00139203,,,3.995,-0.00303712,,
3.996,-0.00139203,,,3.996,-0.00172105,,,3.996,-0.00237908,,,3.996,-0.00303712,,
3.997,-0.00172105,,,3.997,-0.00139203,,,3.997,-0.00237908,,,3.997,-0.00369516,,
3.998,-0.00139203,,,3.998,-0.00139203,,,3.998,-0.0027081,,,3.998,-0.00303712,,
3.999,-0.00172105,,,3.999,-0.00106301,,,3.999,-0.00205007,,,3.999,-0.00303712,,
